Source_ID,RA(J2000),DEC(J2000),Source_Type,F100,e_F100,F131.25,e_F131.25,F143.75,e_F143.75,F156.25,e_F156.25,F168.75,e_F168.75,Spectral_Index,e_Spectral_Index
21CMA-DDR1-J054936+850055,05:49:36.23,+85:00:54.8,P,0.1466118913673323,0.0263188160085555,0.1583127309984011,0.0275937065266041,0.1250647737564337,0.0277539810492493,0.0963451862300584,0.0252474401839605,0.0906879489227389,0.0272767673797289,-0.7898672331357235,0.5278663661324848
21CMA-DDR1-J061354+850341,06:13:54.37,+85:03:40.7,P,0.1098119428387659,0.0256563287196682,0.1195787463326656,0.0238576063200038,0.1045235275085582,0.0184411734551968,0.0693441226405337,0.016435158113011,0.0800398359426392,0.0218780006764084,-0.7592851577070729,0.5949632397506449
21CMA-DDR1-J045156+850107,04:51:56.20,+85:01:06.5,P,0.2934263501936324,0.0210213994127319,0.2237130567316301,0.0149518748517353,0.188284173540647,0.015168498793522,0.1698552397389437,0.0280237631034279,0.1801523639242013,0.0327026364132453,-1.1175504702318768,0.2373907841091322
21CMA-DDR1-J051353+850826,05:13:53.42,+85:08:26.4,P,0.0606425575976199,0.0165472254288298,0.0709624552403474,0.0164165599588918,0.071533930696473,0.0168243138461369,0.0702272146447234,0.018757845569801,0.0738336997192229,0.0234844080472082,0.3503305266234345,0.6936941045478278
21CMA-DDR1-J064846+851615,06:48:45.98,+85:16:15.1,P,0.0878959691039571,0.0195185983294242,0.0866713748321608,0.020303078607294,0.0836501118671346,0.0168344399262553,0.0809064628792233,0.0209360642855391,0.0926841210337428,0.0193905289193482,0.0159056083153911,0.5467194264057699
21CMA-DDR1-J060200+852449,06:01:59.52,+85:24:49.4,P,,,,,0.0423804501244841,0.0113680544873361,0.0424071560309616,0.0138798409143312,0.0460579110174406,0.0138025400406789,0.4971022110006611,2.5005633732096624
21CMA-DDR1-J070033+851509,07:00:32.91,+85:15:08.6,P,0.1025705837770025,0.019128757073003,0.105203641662982,0.0177459122547297,0.0946290693012988,0.0197404682192158,0.0838556415311711,0.0200591366941338,0.1045930852638628,0.0253141508934957,-0.164820548536144,0.5060772395705706
21CMA-DDR1-J052233+852150,05:22:33.09,+85:21:50.4,P,0.0598259569676154,0.0181721470161125,0.0616550638583499,0.0142493703843498,0.0568912497785701,0.0143542121849271,,,0.0614786901289598,0.0168085723690184,0.0089586833065833,0.7628391782169491
21CMA-DDR1-J054506+852550,05:45:06.46,+85:25:50.4,P,0.093833883993127,0.0188395629470298,0.0925575834868669,0.018308456311017,0.0804872592699954,0.0101997591062753,0.0920586120263376,0.018246909332661,0.1036054896536258,0.018493947904834,0.0712251594868637,0.4789294206613875
21CMA-DDR1-J070302+851551,07:03:01.79,+85:15:51.3,P,0.3467410633955342,0.0205468712878295,0.2011060025958006,0.0168387379570337,0.1735512700910782,0.0209808429871743,0.1229681966733558,0.0218538958148017,0.162731424222879,0.0270585669987129,-1.8506836978722605,0.2282921712744905
21CMA-DDR1-J064909+852229,06:49:08.63,+85:22:28.8,P,0.4396655584789261,0.0235956367269108,0.2994474626767228,0.0218133495762709,0.2720860503665498,0.0217516300716574,0.1783213134160823,0.0266197047436186,0.3118119727173885,0.0328913582240646,-1.1228846173723266,0.1795641824119509
21CMA-DDR1-J060054+853212,06:00:54.43,+85:32:12.3,P,0.0760861480632384,0.0137489143675843,0.0724758435038915,0.0151093937167376,0.0650991604900253,0.0122644028919648,0.0618430777995346,0.0136448079405551,0.0665528556383129,0.0132950403415089,-0.3414843741244511,0.4676735792657423
21CMA-DDR1-J053501+853216,05:35:01.33,+85:32:16.4,P,0.0807812667878961,0.0166495847051374,0.0826095388383134,0.0140616568132755,0.0697195812907495,0.0112470537497105,0.0652503383359092,0.0139057035792675,0.0879565339673894,0.0199248991200371,-0.1569430763160519,0.5189982777148314
21CMA-DDR1-J075128+850035,07:51:28.43,+85:00:35.4,P,0.1831763203615911,0.0284529711165143,0.1715648605583952,0.0293486455004963,0.1745717889217769,0.0302469924734446,0.147130194819239,0.0297373909737931,0.1549816794231564,0.0419191212013816,-0.3431393934569381,0.4496468295721838
21CMA-DDR1-J060928+853527,06:09:28.26,+85:35:27.4,P,,,0.0434878820530078,0.0124391534868428,0.0431002463129922,0.009879679313408,,,0.0540699806826039,0.0135406627158238,0.9761808644921128,1.4635271516314303
21CMA-DDR1-J055352+853834,05:53:51.87,+85:38:34.4,P,0.1247290451865464,0.0211232824148434,0.113019051396836,0.0183978639613554,0.0911081298316055,0.0081012567632795,0.1022964072477345,0.0171129954992217,0.0982106651254404,0.0126839089374342,-0.4988790626388723,0.3877052754429654
21CMA-DDR1-J051922+853429,05:19:22.09,+85:34:29.2,P,,,0.0482585379156569,0.0123461218836835,0.0508492315961081,0.0116631847828141,0.0511525445625546,0.0160954997086755,0.0583976658740326,0.0152817640472318,0.7009507915052179,1.390009394376838
21CMA-DDR1-J072100+852111,07:20:59.88,+85:21:10.7,P,0.1067135517290171,0.0240609245877923,0.1159857520697313,0.0204442982115207,0.1012488486771315,0.019273088131861,0.1009437276256229,0.0225122885842129,0.1002836986468997,0.0264764887047245,-0.1716107835693364,0.5735371592522872
21CMA-DDR1-J041153+850942,04:11:53.50,+85:09:42.1,P,0.0936915112690826,0.0166609150962105,0.1118181106525942,0.0212941867463848,0.1396768612866849,0.0255763942531186,0.1600790613415405,0.0305320872795279,0.1067680408507168,0.0193944887924284,0.6084775153473084,0.4452061950085172
21CMA-DDR1-J054738+854152,05:47:38.05,+85:41:51.9,P,0.8503770486009831,0.0237357409515118,0.5642352761179635,0.0147240233685349,0.5378305225287605,0.0164721114697113,0.5668978853782674,0.0195031989265423,0.6641843613791206,0.0200760312372495,-0.629089007194956,0.071885972801465
21CMA-DDR1-J075548+850606,07:55:47.98,+85:06:05.7,P,1.0563923080869635,0.0292681822025531,0.6913467129567048,0.0194251781138377,0.6297670700694032,0.0212109597776064,0.5726610356608846,0.0247551893936168,0.6073560321037332,0.0309613934260572,-1.2738592773191788,0.0837455082111064
21CMA-DDR1-J062555+854210,06:25:55.40,+85:42:10.2,P,0.0565612784243468,0.0137983233253711,0.0638214736968074,0.0122528080289646,0.0558534363589779,0.0121321173407353,0.0568557898809157,0.0137985033331821,0.0743342567181337,0.0170305548967526,0.3056657411407914,0.5893067754524554
21CMA-DDR1-J051427+854308,05:14:27.07,+85:43:07.7,P,0.1421592146549943,0.0300595243786663,0.1228593033923869,0.0277968755843214,0.0915259380462987,0.0078746437363284,0.1131964529650434,0.0242522972253256,0.1038835099744707,0.0120723517981047,-0.5126416528468836,0.4423884978166079
21CMA-DDR1-J052014+854622,05:20:14.21,+85:46:22.2,P,0.1730837648084879,0.0255066709317444,0.1581017295449911,0.0288395520500949,0.1709676593543846,0.016471916234097,0.1696791178975743,0.0323987487725874,0.12435721462876,0.0123269518357809,-0.5807757610042659,0.3311662682701684
21CMA-DDR1-J051153+854349,05:11:52.96,+85:43:48.6,P,0.096168439029798,0.0272353112504248,0.0853865214955788,0.0188718129443909,0.0787338399709818,0.0076072057036202,0.1033010833737698,0.0213610179183567,0.0922472361945435,0.011081541353549,0.1732215516447527,0.5296815482149657
21CMA-DDR1-J065246+854517,06:52:46.17,+85:45:16.6,P,,,0.0555466447786062,0.0142464458886224,0.0524922127720726,0.0130515889158339,0.0523048869128495,0.0149686978592026,0.0668981437198035,0.0196388663555733,0.5783726142933708,1.4609918254357752
21CMA-DDR1-J073339+853029,07:33:38.77,+85:30:29.1,P,0.1309579863081049,0.0269099806726458,0.1272673045013456,0.0116675866843305,0.1296569199433684,0.0146357105992665,0.1312709942856732,0.0192996008211512,0.1360323033909284,0.0187494259661195,0.1055753391520865,0.4218140784405511
21CMA-DDR1-J043416+853459,04:34:15.67,+85:34:59.3,P,0.0579467730828481,0.0146871129046251,0.0612500219151416,0.0160780548509721,0.0481810926203443,0.009941658606423,0.0668260316380793,0.0182685764121997,0.0737356868062499,0.0185235133981345,0.309665978350056,0.6276972082592567
21CMA-DDR1-J034248+850210,03:42:47.72,+85:02:09.5,P,0.4642264192488289,0.0416869570642519,0.339420212642563,0.0309001987892166,0.4006301333029679,0.0303338953527654,0.4564078925178786,0.0738274710487746,0.2305754540078637,0.0385027151512458,-0.652283535900522,0.2669642652389873
21CMA-DDR1-J054301+855359,05:43:00.86,+85:53:58.7,P,,,0.0507587404993416,0.0130592889730425,0.0494801515372387,0.0138354219551804,,,0.0609178953012322,0.0150989843733983,0.7903141946995951,1.4017153527008654
21CMA-DDR1-J061231+855604,06:12:31.33,+85:56:04.2,P,0.1499131748771598,0.0112915717187,0.1143750978867963,0.0105680982285384,0.1089755892162678,0.0060762007958998,0.1153936305315567,0.0138413382878666,0.1333835591866201,0.0086648785743818,-0.3061195629680833,0.1834087570928625
21CMA-DDR1-J065228+854921,06:52:28.37,+85:49:20.8,P,0.0685110854493332,0.0155043110631457,0.0762138497889596,0.0155068881501563,0.0597455214749265,0.0104486496983208,0.0778160628241401,0.0153808058242988,0.0759747425283237,0.0155199603449676,0.153994849792476,0.5361533031532557
21CMA-DDR1-J055130+855645,05:51:29.54,+85:56:44.8,P,0.0728948897494211,0.021077086329368,0.0703712303404562,0.0182192398512359,0.0535687166081589,0.0086045433603736,0.0700223546564573,0.0169955907795142,0.0663248355183521,0.0117795754762491,-0.1432308852110247,0.6170697542987249
21CMA-DDR1-J052940+855531,05:29:40.22,+85:55:31.4,P,0.6218077512954492,0.0230943272143174,0.426424288953809,0.0158430453080236,0.3937950079229289,0.0119317534293989,0.4390776383451455,0.0173146582696829,0.5346042573998032,0.0300580335513285,-0.6864822088339907,0.1001770116162834
21CMA-DDR1-J054337+855701,05:43:36.99,+85:57:01.0,P,0.1787973836577073,0.0151965025401526,0.1625615938907955,0.0094162212408498,0.1606397739952588,0.0105739598980171,0.1684253920689788,0.0107564086746147,0.1971828568504925,0.0166431332827601,0.0722398222990399,0.2004517495942853
21CMA-DDR1-J070232+854955,07:02:31.55,+85:49:54.9,P,,,0.0584941362069287,0.0188409309141203,0.0633886732297295,0.0142173764785609,0.0738914886011803,0.0163429936695001,0.0707500312308572,0.0156449693379579,0.8331954537651685,1.402839559751329
21CMA-DDR1-J045417+855013,04:54:16.94,+85:50:13.3,P,0.1425263134405344,0.0235019215973987,0.1161369142240702,0.0130487147578353,0.1122563482605865,0.0084322197998697,0.11061221825664,0.0101303486970887,0.1227830178154077,0.0079308031834475,-0.1295247870757655,0.2974350648990536
21CMA-DDR1-J051608+855541,05:16:07.93,+85:55:41.2,P,0.174262322568574,0.0332394318373484,0.1803992201305975,0.0373182669852541,0.1329503673553358,0.0124026716809916,0.1740961163466154,0.0267123661178286,0.1768043649176417,0.0228107308205922,0.0319495741061031,0.4207477751839658
21CMA-DDR1-J050047+855257,05:00:47.01,+85:52:56.9,P,,,,,0.0380060381398736,0.0102244026678932,0.0395850778367944,0.0098065670004295,0.0432028109540363,0.0122052797309905,0.7883031305754309,2.4292906524316877
21CMA-DDR1-J045518+855315,04:55:18.12,+85:53:15.2,P,0.4127630642494518,0.0221781641265823,0.2577783357278352,0.0140975128365984,0.2552981392538557,0.0095183511438096,0.2678750704042323,0.0129862834600168,0.2745507438007759,0.0103250569798624,-0.7200595906905816,0.1199510568379051
21CMA-DDR1-J072714+854521,07:27:13.66,+85:45:21.0,P,1.388057985432837,0.0739284999424127,0.8200691104124266,0.0237747705450599,0.7821297421471344,0.0238117248055068,0.6360054613937998,0.0201794741934014,0.5649759490089097,0.0178972382578276,-1.6581930031374297,0.1061238717882741
21CMA-DDR1-J052056+860049,05:20:55.88,+86:00:48.8,P,2.0534819957452344,0.061043420193263,1.4280173794072868,0.0303583693232184,1.3377804650851486,0.0214835258144681,1.4285398385080257,0.029506386017449,1.49427075099922,0.0246507849331031,-0.4590330871964528,0.0602079112536262
21CMA-DDR1-J042912+854425,04:29:12.21,+85:44:24.7,P,0.2548705237949283,0.0364390041309796,0.2432291597219507,0.0127547218093427,0.2509239951493958,0.0107117876632146,0.2456004365982061,0.0181106681224111,0.2766576026315485,0.0244433061968151,0.1737597925836563,0.2687147032218164
21CMA-DDR1-J053507+860517,05:35:07.37,+86:05:16.7,P,0.4056511538424984,0.0150944407033433,0.2857205294295256,0.0113396509113756,0.2694038179588851,0.0079715568452209,0.2961930642830818,0.0085041750418834,0.2996499911188185,0.0091012120540902,-0.5674187042060638,0.0856692623677358
21CMA-DDR1-J080101+853115,08:01:00.82,+85:31:15.3,P,0.8554159671650522,0.0227313192631567,0.6009202218894253,0.0173500447975117,0.574258437877164,0.0214963798210444,0.5314789051046312,0.0202709795118135,0.549815864110895,0.0175588975555937,-0.923628826313421,0.0719769759344309
21CMA-DDR1-J042237+854825,04:22:37.02,+85:48:25.1,P,1.31018454610642,0.0589658396203957,1.0305211645950771,0.0168076470173786,1.028575266969755,0.0157947425812116,1.0625350562213711,0.0207597408710937,1.0395529927035068,0.0189960452792894,-0.184408687460636,0.0727186002704737
21CMA-DDR1-J043108+855157,04:31:07.68,+85:51:56.6,P,,,,,0.0486394300762745,0.0149194678604413,0.0400181741611539,0.0117079310408603,0.0468778344831358,0.0129819658869055,-0.1848252619673469,2.575673256079598
21CMA-DDR1-J062725+860954,06:27:24.92,+86:09:53.6,P,0.0784199744412524,0.0163667543293559,0.0779365735954743,0.0144168336016046,0.0725448232522906,0.013417898496484,0.0670529766564587,0.0134186491731572,0.0692523680531977,0.0075758138537621,-0.288111917908626,0.427132050830576
21CMA-DDR1-J070034+860331,07:00:33.96,+86:03:31.4,P,,,,,0.0543929536719437,0.0154759694162864,0.0655870333719792,0.0189010982648416,0.0633847263521869,0.0172771644927623,0.9529266245047328,2.4573471495338173
21CMA-DDR1-J050426+860528,05:04:25.85,+86:05:28.0,P,,,0.0488224200123522,0.0103958429792769,0.0492343405819184,0.0101546967311826,0.0572737935894888,0.011036512965966,0.0611775672914256,0.009500580135279,1.001642347831016,0.9903766388863424
21CMA-DDR1-J074221+854759,07:42:21.50,+85:47:58.6,P,0.1503059729812948,0.0152192059891997,0.1217954995170445,0.008522915232494,0.1285576633211449,0.0228156628335863,0.1073054890133622,0.0116525850934669,0.1156398238506417,0.0103530232726112,-0.5370132140100092,0.2425321473976901
21CMA-DDR1-J070247+860523,07:02:46.90,+86:05:22.8,P,1.4411100177434322,0.0514697950712564,0.9941412908499054,0.0192926597511875,0.9480959469365654,0.0167268063700969,1.0146122764961842,0.0225401136557241,0.9925115941494548,0.0199769403057152,-0.5105125860662663,0.0702491920059053
21CMA-DDR1-J071626+860140,07:16:25.94,+86:01:39.5,P,,,0.0598351133186055,0.0141009330804829,0.0642747130944208,0.0200543731497734,0.0698769000250007,0.0161556245505031,0.0630557177162016,0.0136249319188335,0.2834067207825483,1.2262084497755168
21CMA-DDR1-J055817+861536,05:58:17.46,+86:15:35.8,P,0.0689281983650921,0.0140505567819994,0.0652254836769032,0.0099861374883094,0.0685038411704207,0.0115832563678091,0.0647031786404626,0.0127646666283793,0.0601104008620808,0.0083585530475936,-0.2385044153694555,0.4470197339559785
21CMA-DDR1-J061610+861534,06:16:09.85,+86:15:34.1,P,0.3918011933335724,0.0136340547541241,0.3014386028400477,0.0109729292353737,0.2884081183232501,0.0086015881329055,0.3110882994207383,0.0118884349839496,0.3010872237194003,0.0086332721183973,-0.4880729949804408,0.0821709040889385
21CMA-DDR1-J072700+855838,07:26:59.51,+85:58:37.6,P,0.1232113516423098,0.0209883782705809,0.1108874799161743,0.0129940784008064,0.1027305962703902,0.0125852840220537,0.1138374584456955,0.012255022293031,0.0931526983077137,0.011253016200407,-0.4101332089121412,0.3651406749656544
21CMA-DDR1-J061052+861717,06:10:52.37,+86:17:17.1,P,,,,,0.0426961465816581,0.0128096007808156,0.0506901696621677,0.013913413206557,0.0423708777740459,0.0093604221505193,-0.226329488224355,2.299177231773148
21CMA-DDR1-J082622+852333,08:26:21.68,+85:23:32.8,P,0.112597103309943,0.0230362750286548,0.0985643975079257,0.0180698972643487,0.0945542726472721,0.020745726185344,0.0782174260422922,0.0189472359365242,0.0675653336459563,0.0150096111927548,-0.899923892173249,0.5249006665695836
21CMA-DDR1-J032511+851738,03:25:10.74,+85:17:38.5,P,0.6029017599289036,0.0349119279540059,0.4759943493193299,0.0187670277558695,0.4664854452707296,0.0169662435856864,0.3935388098219912,0.0152569551882095,0.2897373208781449,0.0120138052370157,-1.3209518322232994,0.124932220447114
21CMA-DDR1-J050539+861335,05:05:39.04,+86:13:35.1,P,0.0700854688068462,0.0206833782052685,0.057420824146246,0.011262423124667,0.0529671735965257,0.0100641088232661,0.0539448293895443,0.0117065937141037,0.04502663695299,0.0059456572746083,-0.8427930759140133,0.5579202339140817
21CMA-DDR1-J051106+861512,05:11:06.08,+86:15:12.1,P,0.1151444810901992,0.0172796819424206,0.1111150904893991,0.0096396532723588,0.0974558231087997,0.0077959061206939,0.0990026370586723,0.0067791802046571,0.0981236008693391,0.0062312059305767,-0.3516083846605382,0.2699513282407547
21CMA-DDR1-J053710+861830,05:37:09.93,+86:18:29.7,P,,,0.0404304780414148,0.0114660674931306,0.0370964471585654,0.0084950427235029,,,0.0308519687930998,0.0080287085569875,-1.0892693584194222,1.491561141330128
21CMA-DDR1-J073357+860004,07:33:57.04,+86:00:03.9,P,0.0700167688433885,0.018830897583446,0.0618296218992845,0.0130515143415144,0.0649645893375936,0.0102748490330567,0.0635178873132551,0.0125394779791133,0.0521343869687868,0.0091776995931951,-0.4799633049958177,0.5760074539542489
21CMA-DDR1-J071215+861014,07:12:14.58,+86:10:13.6,P,0.3152659819009206,0.0273109677472224,0.2376985235648982,0.0153172146576318,0.2429836039905775,0.0145768232342065,0.2619219549031132,0.0146926236802149,0.2390866551287821,0.0154484720801159,-0.3774279415608731,0.1893673273755325
21CMA-DDR1-J074650+855520,07:46:49.70,+85:55:19.6,P,0.1219951367981423,0.0161713049530686,0.1170497452582776,0.0110190585679592,0.1122812235615248,0.0090176921286919,0.098399796716094,0.0072588294857689,0.0990449019813485,0.0090842602251108,-0.5013669066174997,0.2801253940646648
21CMA-DDR1-J041913+855856,04:19:12.53,+85:58:56.4,P,,,,,0.0498942665809192,0.0139429319004022,0.0560371636550431,0.0146650256196754,0.0434093391375941,0.0095922542840398,-1.0109362580860728,2.208989717556993
21CMA-DDR1-J052156+862007,05:21:56.03,+86:20:06.9,P,0.5121006772285124,0.0194916226973879,0.3579856685709728,0.0125289775257465,0.3104927561891946,0.0119632019195911,0.3183135335581809,0.016817809325577,0.3120534833044833,0.0115337783419425,-0.9954587082964254,0.0956343299019459
21CMA-DDR1-J053440+862144,05:34:40.32,+86:21:44.1,P,0.0786197221663904,0.0192807247177944,0.0811556776231357,0.010182865554876,0.0767312261665798,0.008870498622939,0.0866600703199663,0.0155505579501124,0.075456263021456,0.006585409276411,-0.1218815003981212,0.4128899220794258
21CMA-DDR1-J060854+862312,06:08:53.83,+86:23:12.0,P,0.0819194424592853,0.0160111331730052,0.089669719533255,0.0112435911770043,0.0869376406238375,0.0095536626085314,0.0897027845115696,0.0138263140694747,0.075282036529123,0.0065888951762434,-0.2798016795731652,0.3681030732337094
21CMA-DDR1-J035519+854701,03:55:19.05,+85:47:01.2,P,0.1328309867465568,0.0189933930216711,0.1410784736920151,0.0130396460819886,0.1342142663508359,0.0131457874612556,0.1287402044490399,0.0131340855105482,0.1026982466234889,0.0142485035368382,-0.3609844657083245,0.3321148503043004
21CMA-DDR1-J080243+854735,08:02:42.90,+85:47:34.6,P,0.0650463692874621,0.0167133716212376,0.0629073350377469,0.0150611008366117,0.0653748609545762,0.0196523846283459,0.0578511853600063,0.0144416019700291,0.045765761095686,0.0122712799283429,-0.5066307659174006,0.640121939809773
21CMA-DDR1-J073150+860609,07:31:50.49,+86:06:09.2,P,,,0.0637849324755089,0.0144713222375883,0.052711740190565,0.0107888870175518,0.0609182596297419,0.0142900146390294,0.0458733359622562,0.0084236916584781,-1.0735048576288926,1.0995908334355815
21CMA-DDR1-J083451+852334,08:34:50.66,+85:23:34.5,P,0.0751215857242577,0.0187764378194944,0.0792535016625727,0.0251478045645393,0.0696217129680921,0.0201775044849743,,,0.0501622397956908,0.0131070282227613,-0.689465892344117,0.67357932569618
21CMA-DDR1-J055832+862554,05:58:32.18,+86:25:53.9,P,0.2882999455404307,0.0160117489894981,0.2050491328279931,0.0110299797410686,0.2003895009085546,0.0109561753639928,0.1987339801584458,0.0131339812915654,0.1847394976653399,0.0103048079968634,-0.8343537980392014,0.13941228679111
21CMA-DDR1-J045922+861814,04:59:22.39,+86:18:14.2,P,0.0673972265636025,0.0205051217419396,0.0626333161042529,0.0134674207257029,0.0635355895056619,0.0110787262854931,0.0535764594352034,0.0124931216378292,0.0536160172644709,0.007754070894017,-0.5185014528484247,0.5897148763830655
21CMA-DDR1-J044859+861532,04:48:58.56,+86:15:32.1,P,0.0619556570293267,0.0173280587055072,0.0583808892227145,0.0145880852878698,0.0511928798266249,0.0112454303169262,0.0455434076258077,0.0102767399500891,0.0480591474492215,0.0080645627697612,-0.5709680477973397,0.5922260074071454
21CMA-DDR1-J040023+855355,04:00:23.44,+85:53:55.5,P,0.0719226659378504,0.020425428542279,0.0571122787238766,0.0151676669838617,0.0626734312851268,0.013091684432765,0.0624775182739713,0.0147896494062009,0.0503272211082421,0.0098962572729971,-0.560391907027201,0.6275764786006635
21CMA-DDR1-J041747+860351,04:17:47.30,+86:03:51.0,P,0.1763063859138199,0.0267035783728848,0.1868789150056745,0.012538229682754,0.172823031413028,0.0124078733898164,0.1603781538838192,0.0102094088577508,0.1487758253944066,0.0071929046831616,-0.600914163713494,0.2369941482233854
21CMA-DDR1-J063909+862510,06:39:09.46,+86:25:09.9,P,0.8277259862409022,0.0179846261745859,0.5726986960957122,0.0108515997408472,0.5541458352704385,0.0112434198961461,0.54945590278513,0.0109372280624114,0.5041180805270292,0.0105153243582808,-0.9043549882310178,0.052522424289272
21CMA-DDR1-J045907+862242,04:59:07.18,+86:22:42.4,P,0.110657862041004,0.0219188758386258,0.1318670159277078,0.0112655848008315,0.1355811495996689,0.0099544252420746,0.1230487813919938,0.0096675899693392,0.1248797125299422,0.0072222278251384,-0.0534150937899212,0.2967973970189795
21CMA-DDR1-J083504+853037,08:35:04.42,+85:30:37.2,P,0.4317896818719085,0.0263635418244366,0.3076737135931723,0.0132016402446579,0.2747345912170292,0.0156511048378797,0.1974142243206268,0.013843309748852,0.1988565395900875,0.0104980109719037,-1.5589628024780309,0.1453148940510465
21CMA-DDR1-J073236+861122,07:32:36.28,+86:11:22.2,P,0.047363676830707,0.0137799220177454,0.0692256337271765,0.0211955071013285,0.0494238320187493,0.0125365840252374,0.0500009794536993,0.0132810094691286,0.0348013162501508,0.0085823797298135,-0.5189930821956651,0.6843396029822714
21CMA-DDR1-J033901+854337,03:39:01.19,+85:43:37.3,P,0.0597693458893263,0.018257473107933,0.0505637167403434,0.0131725556785158,0.0505843902114214,0.0141556324534315,0.0376224147370857,0.0114962774832905,0.0386659678452292,0.0116394179773024,-0.8837558991657325,0.7491830415177222
21CMA-DDR1-J035240+855420,03:52:39.96,+85:54:20.4,P,0.5130892800214373,0.0232303862604033,0.4249065778448979,0.0144730686874604,0.4269436717974997,0.0143516618883376,0.3902957010052814,0.0110184379499606,0.3370215374023012,0.009731663894835,-0.7622708355717769,0.0950991565380342
21CMA-DDR1-J043351+861548,04:33:51.02,+86:15:48.4,P,0.1159850800815166,0.0177505441657011,0.1087742012431107,0.0099795638176831,0.1029641249171526,0.0071972627834442,0.0961134072074753,0.008271099651867,0.0985405596555164,0.0077908484194607,-0.3712039886030351,0.2950403496662689
21CMA-DDR1-J053334+862952,05:33:33.97,+86:29:52.1,P,,,0.0451877924161787,0.0107458603240568,0.0477242454137273,0.0101935434312034,0.0404381547022756,0.0094662421210871,0.0375354502353392,0.0075270783337239,-0.894975335295861,1.1714926803618444
21CMA-DDR1-J062824+862949,06:28:24.16,+86:29:49.5,P,0.083262046663698,0.0153856269369157,0.0767992570252832,0.0082974643914304,0.0772070611949069,0.0075090623125566,0.0931121446627609,0.0167743104305703,0.0844670292053555,0.0057366278077029,0.1828223167155113,0.3229084553983746
21CMA-DDR1-J075155+860354,07:51:55.26,+86:03:54.2,P,0.3097877084879034,0.018233056466057,0.2164395336241919,0.011714655310056,0.2044926053920434,0.012588090136396,0.191003002304268,0.0112249876698943,0.1656237957229048,0.0088628895621866,-1.1455165331602464,0.1416875878994107
21CMA-DDR1-J080747+855331,08:07:46.70,+85:53:30.7,P,,,0.0539007713393557,0.0171158816178036,0.0513490918833574,0.0158686986856753,,,0.0419662807856023,0.0124740208098184,-1.03246454049199,1.6980898642908275
21CMA-DDR1-J031633+852554,03:16:32.82,+85:25:53.8,P,,,0.1042539722855505,0.0269790508739741,0.0917525952361504,0.0197875565694879,0.0661706276987703,0.0200055138100775,0.0604381341530016,0.0131601131992215,-2.328544374054765,1.2740966450520583
21CMA-DDR1-J032749+853828,03:27:48.54,+85:38:27.7,P,0.7045665941639746,0.0289718534520445,0.5567918543094401,0.01730396856366,0.5041230076917008,0.0139100302278288,0.3865500715107625,0.0104575005680287,0.3747258223966653,0.0111823761314342,-1.3298743925618377,0.0895188180801391
21CMA-DDR1-J033330+854250,03:33:30.16,+85:42:50.0,P,,,0.0600137185860025,0.0143435398741773,0.0619271789967117,0.0145208349614085,0.0438546374642208,0.0122332365808119,0.0430572580168162,0.0120334507977178,-1.5714344825951116,1.3799499269955888
21CMA-DDR1-J044349+862218,04:43:49.14,+86:22:17.6,P,0.0800210732100158,0.0150272439068465,0.0852880260934909,0.0115263025043353,0.0704902921751802,0.0066670184184245,0.0724302023092481,0.006403591041843,0.0615179885667918,0.0041763155156366,-0.6722042953508895,0.3339366277165702
21CMA-DDR1-J045430+862542,04:54:30.18,+86:25:41.7,P,0.1113930616337208,0.0214503293840658,0.1099029055034899,0.0110511979413654,0.1018939316972323,0.0083036639841601,0.1160119412766702,0.0107643858783124,0.0953199429806655,0.0065671588648424,-0.3125470138871621,0.3230116007872194
21CMA-DDR1-J052254+863110,05:22:54.37,+86:31:09.5,P,,,0.0315165873973185,0.0092770167961044,0.0317194872053278,0.0093117881268417,0.0273776319922784,0.0087057612657344,0.0286333100988571,0.0066806660674523,-0.4784498118382937,1.424771837982613
21CMA-DDR1-J084957+852116,08:49:56.94,+85:21:16.2,P,0.1053698451683593,0.0244182765805859,0.1136542218930253,0.0217618680058755,0.1019818946621986,0.0213510563906312,0.0758299252648384,0.0135844103782943,0.0715917624781112,0.0145874143558626,-0.8529509493526571,0.5382473799613275
21CMA-DDR1-J081308+855605,08:13:08.05,+85:56:05.4,P,0.0806375947417467,0.0241534973260963,0.0698487697940249,0.019508901808031,0.0610369164547664,0.0137750050861029,0.048802811713512,0.0150739939751827,0.0435003543700326,0.0108109950568807,-1.2043271225462548,0.7035992312538204
21CMA-DDR1-J055459+863732,05:54:58.81,+86:37:31.9,P,0.0728037061135969,0.0144516941928147,0.0709736565778828,0.0153848667398763,0.0601739230451242,0.0110225073489796,0.0589308105709079,0.0127028126625096,0.0530625556742793,0.0057942815771871,-0.6530611028464597,0.417681668176701
21CMA-DDR1-J082758+854640,08:27:58.43,+85:46:40.2,P,0.4762638159203421,0.0161333056923354,0.4269565891833471,0.014967613956698,0.3993466981156189,0.0140312339249823,0.3366976967985167,0.0121085571413089,0.3280367317804742,0.0122406721390257,-0.7283812544784175,0.0863177213654081
21CMA-DDR1-J062530+863656,06:25:29.86,+86:36:56.0,P,,,0.0605444805059217,0.0133644110162615,0.0600926708907223,0.0152648877450998,0.0524719630561833,0.012988129976839,0.0475102058957358,0.0092190306832495,-1.0211394849183193,1.1267396304109274
21CMA-DDR1-J073143+862213,07:31:43.20,+86:22:13.5,P,,,0.04841471384948,0.011586969149861,0.0484019525985787,0.0114715940439325,0.0337032836044411,0.0087465907264203,0.035172531212447,0.0061363898772271,-1.486327527787198,1.117417947133229
21CMA-DDR1-J045822+863211,04:58:21.96,+86:32:11.4,P,,,0.0622974554934418,0.0122792849367021,0.0502326317368422,0.0120113674698888,0.0552386439586086,0.0118731605794793,0.046352004567113,0.0082991296253749,-1.0138406465025225,1.0217010878757995
21CMA-DDR1-J050319+863406,05:03:19.11,+86:34:06.2,P,0.7403223884131247,0.0181674907705725,0.555409373714592,0.0104836989085659,0.5206783305855146,0.0101136166078158,0.4958823903779683,0.0112289956638524,0.4564576979102765,0.0083837390183015,-0.8971183778630542,0.0552435773012506
21CMA-DDR1-J070250+863427,07:02:50.24,+86:34:27.2,P,1.3280020477560486,0.0347796019968689,0.8955410762879652,0.0182397358019539,0.8897547770921979,0.0160104160028196,0.838632568153811,0.016552567386046,0.7505716327062839,0.0127741171206556,-1.0044029902296254,0.0560293048126129
21CMA-DDR1-J070328+863226,07:03:28.00,+86:32:25.9,P,,,,,0.1223285022358389,0.0177035114458512,0.1360400033351742,0.0203832291732007,0.1130839148859831,0.0174823409521882,-0.425472362653474,1.3182330071318
21CMA-DDR1-J081800+855821,08:17:59.92,+85:58:21.0,P,0.0957245789761933,0.017227774485622,0.0808905923487448,0.0166712255878541,0.0761790896681061,0.0092728342841171,0.0602126029811393,0.0145540467218367,0.05038797452406,0.0100977613990576,-1.0689272245084174,0.4643965965163379
21CMA-DDR1-J063424+863910,06:34:23.70,+86:39:09.9,P,0.0572048571168675,0.0151787765435183,0.0698973157183521,0.0118234813319869,0.0715175576658098,0.0137653759332769,0.0767980533237577,0.0128518521231889,0.0593496954608162,0.0060264885937223,-0.11615163683681,0.4765193532199242
21CMA-DDR1-J030501+852632,03:05:00.52,+85:26:31.8,P,0.179910725880189,0.0275032622710693,0.2404927252497697,0.0204745183493721,0.2310272615607428,0.0187867600908817,0.2022834090247737,0.027929457726479,0.2035856311970501,0.0117253741458502,-0.1077566410686363,0.2671840223190979
21CMA-DDR1-J043601+862818,04:36:01.08,+86:28:17.5,P,0.0705449950046581,0.0171606432025871,0.0633666566281441,0.0076417213520891,0.0566657202064214,0.0062719835458964,0.0511534766194341,0.0061235669393483,0.0511704343065735,0.0039816249886045,-0.7210280663499157,0.3910211618428602
21CMA-DDR1-J052537+864048,05:25:37.31,+86:40:48.2,P,0.0629835456661576,0.0134658805240753,0.0611288741107228,0.0123038777939086,0.0599505140745988,0.0103576853029557,0.0485481433766285,0.0113418327272053,0.0445268357744558,0.0058641021163691,-0.7317756513805042,0.4616120043776703
21CMA-DDR1-J055602+864254,05:56:01.75,+86:42:54.4,P,0.0845440161542721,0.0216821087909496,0.0711213063552966,0.0201250352741736,0.068681063028336,0.0126120015715986,0.0528425852206651,0.0145387775778017,0.0537094948838204,0.0093904340052598,-0.9178741820936802,0.5737518704334559
21CMA-DDR1-J060049+864255,06:00:48.85,+86:42:54.6,P,0.106510026106535,0.0195386503846282,0.1054139488414971,0.0193918647927417,0.0985074564336914,0.0118090723608808,0.0820102354226626,0.0097547151780316,0.0787888596292531,0.0078750983008202,-0.689255627999089,0.3784092540005355
21CMA-DDR1-J035624+861028,03:56:24.19,+86:10:28.2,P,,,0.0410725536395781,0.0125209829113473,,,0.0382645505975786,0.0084465276670221,0.0279099004446526,0.0066366801418771,-1.4375242669743191,1.5313395397766216
21CMA-DDR1-J041610+862137,04:16:10.38,+86:21:37.0,P,0.1292935357747713,0.0213916412390115,0.1251030396245128,0.0090892666441968,0.1160180537515096,0.0088271510549329,0.1009896700987541,0.0080711172944817,0.0840902587749722,0.006102433207129,-1.090411918942429,0.2872163656790677
21CMA-DDR1-J072100+863017,07:20:59.90,+86:30:16.9,P,0.0556331583694178,0.0146369018266434,0.0480681143419447,0.0112695515755581,0.0466220161074567,0.0098651794436254,0.0448399384193536,0.0106646636011098,0.0305287425840959,0.006618375989494,-0.9776368425032004,0.6108432629083356
21CMA-DDR1-J084931+853457,08:49:30.64,+85:34:57.4,P,0.1845823501535792,0.0139960438418058,0.1474252624488494,0.0132200524341776,0.1200420938820157,0.0096852245758934,0.0959288272975024,0.00891561850776,0.0997580494099315,0.0078430580164275,-1.270116058157588,0.1930522442193034
21CMA-DDR1-J041851+862347,04:18:51.40,+86:23:46.8,P,,,0.0493543996503678,0.0102207045480703,0.0493396232924763,0.0102314652583054,0.045751390825418,0.0101078582354842,0.042450615590649,0.0078514460931143,-0.6364115037038551,1.0557035926666538
21CMA-DDR1-J053716+864321,05:37:16.46,+86:43:20.7,P,,,,,0.0438415464440658,0.0129386066577466,0.0436986520351665,0.0097254867882373,0.0351831694133091,0.0061755702995584,-1.6014929868237069,2.062585922453347
21CMA-DDR1-J061936+864456,06:19:35.59,+86:44:55.9,P,0.0794753723193485,0.0141636424696766,0.0893863276200059,0.013870538758729,0.083346332484359,0.0071931285911188,0.0872333943770943,0.0147658555124198,0.0746165644439984,0.0060245049686586,-0.2260709924576292,0.3472235918454112
21CMA-DDR1-J074157+862622,07:41:57.48,+86:26:22.4,P,0.0789646037822158,0.0202164380446325,0.0740817710577586,0.0078682101345681,0.0673317943795956,0.0068597071390153,0.0797415740279707,0.0124785936539947,0.0671046641209754,0.0066112328372874,-0.2614484912715374,0.4241175387464069
21CMA-DDR1-J075718+861930,07:57:18.29,+86:19:30.5,P,0.0758575629948256,0.0200403631556232,0.0721926437053887,0.0172780227802137,0.0715672866060572,0.0102022866833967,0.063317393022377,0.0065053001347806,0.0549839837234745,0.0059903697769323,-0.7434203010183318,0.4978885165917828
21CMA-DDR1-J032753+855700,03:27:53.37,+85:57:00.4,P,0.2789673610697856,0.0206679261463072,0.243664847032289,0.0143063494502743,0.2168575538903674,0.0100443505770613,0.1849047048888569,0.0087949363834356,0.1744880151047616,0.0070226803352293,-1.0002297645074192,0.1500762641466285
21CMA-DDR1-J065625+864146,06:56:25.45,+86:41:45.5,P,,,,,0.0501537481478755,0.0136002574353112,0.0494654453594152,0.0142433272674862,0.0337442648676336,0.007544492143208,-2.569835664618823,2.185125270671518
21CMA-DDR1-J031812+854751,03:18:11.64,+85:47:50.9,P,0.0978794728667523,0.0279205205373035,0.1160279210988306,0.0285571051146769,0.1081056924638771,0.0214278644356926,0.0793188785747986,0.0143070810375568,0.0779278514342705,0.0137218818544395,-0.6657560081196883,0.6007065088389071
21CMA-DDR1-J070659+864027,07:06:58.61,+86:40:27.1,P,,,,,0.0704539976126837,0.0205410834504016,0.0603903562417869,0.0167020530279444,0.0542306052172799,0.0102497367459183,-1.608581437797858,2.124620783653343
21CMA-DDR1-J041537+862811,04:15:37.15,+86:28:11.1,P,0.1030253935755059,0.0201861885469558,0.1018497363387141,0.0088286509190797,0.092900011425695,0.0060580129225887,0.0784577156096366,0.0062932146412418,0.069341414119515,0.0044977473921346,-1.1677107638911055,0.3068965554660885
21CMA-DDR1-J074206+862933,07:42:05.93,+86:29:32.9,P,,,0.0546194237236172,0.010476195073903,0.056916140223633,0.0128324037727727,0.0437302024857537,0.0109923942095719,0.0473384980715645,0.0069298836730179,-0.7024014404217458,0.9251439380110376
21CMA-DDR1-J043026+863701,04:30:25.91,+86:37:01.4,P,0.1865741258794663,0.0119092334521432,0.1531295913094418,0.0052020077831746,0.1427583329733708,0.0054081063736035,0.126301293096189,0.0039995575424072,0.1192573057320667,0.0038498991212397,-0.9185280431215536,0.1196684858967176
21CMA-DDR1-J023822+850611,02:38:21.94,+85:06:11.4,P,0.2513426025187395,0.0305397124816093,0.2877478631388753,0.0278778544712721,0.2918529505927578,0.0408029700396093,0.2613801918995054,0.0608896012326963,0.1587204355914491,0.0305683112721509,-0.2811116049971663,0.3617296897377748
21CMA-DDR1-J071806+864148,07:18:05.70,+86:41:47.9,P,0.2277584058929811,0.0156061978169616,0.1952698692845852,0.0080088441513125,0.1692438968344767,0.0078567295306754,0.1698940808843774,0.0078474367667045,0.148489190501067,0.0068453848872622,-0.8243937671463671,0.1440407265882668
21CMA-DDR1-J075915+862439,07:59:14.80,+86:24:38.8,P,0.1071448941306396,0.0201618376976911,0.1138736189395084,0.0114412909079915,0.1027241124800202,0.00749742065633,0.0897479323575638,0.0079193578414479,0.0782662015279195,0.0053124868351042,-0.9718315899273122,0.3167181144752935
21CMA-DDR1-J032505+860158,03:25:05.48,+86:01:57.7,P,,,0.0815002409482305,0.0203095776195908,0.0568467420942811,0.0143810224142226,0.0403354558921207,0.0119579703762441,0.038107462599546,0.0083083073476323,-3.054539178096222,1.2639056035350416
21CMA-DDR1-J071341+864534,07:13:40.83,+86:45:34.3,P,0.2928459215190467,0.0186615549890878,0.2290986831437632,0.0080834583704389,0.2237712601963232,0.0103393683423176,0.2133665900154875,0.0097238071673944,0.1921750585041838,0.0067025624823185,-0.7480641566499913,0.1254614635908964
21CMA-DDR1-J070406+864758,07:04:05.76,+86:47:57.8,P,0.0731067947480015,0.0230470036572617,0.0779515228254989,0.0211439854424427,0.0719741158631211,0.0146586370701137,0.0633207563344158,0.0129547767267048,0.0512282265822433,0.0082958641370567,-0.8259251783255913,0.6337500941560941
21CMA-DDR1-J060545+865541,06:05:44.93,+86:55:41.3,P,0.0493433383057016,0.013441724140044,0.0607092002053491,0.0155695940242797,0.0560917601208835,0.0135190450523945,0.0438455011051449,0.0141219315891564,0.046598390440573,0.0086063250001025,-0.231244385686398,0.606972930288475
21CMA-DDR1-J082120+861452,08:21:19.63,+86:14:52.4,P,2.1054196599493507,0.0782405566189907,1.4819426119552632,0.027310764123624,1.3631849921609611,0.0289980792829067,1.1376483386018246,0.0223638497927887,1.0646029602463416,0.0223864831226276,-1.3452213683848149,0.0714910992833802
21CMA-DDR1-J060023+865623,06:00:23.00,+86:56:22.6,P,0.0561145970412626,0.0151625902047754,0.0658778093581197,0.0136302247317802,0.055536530246781,0.0154097946317249,,,0.0410310589842106,0.0077925329105358,-0.727306592566681,0.6178456562096057
21CMA-DDR1-J065841+865026,06:58:40.92,+86:50:26.3,P,,,,,0.0393217390041971,0.0111012599331144,0.0397058631100967,0.0083853324718795,0.0297803859361577,0.0069860937985024,-1.85245264976148,2.2790766226400687
21CMA-DDR1-J092429+850753,09:24:28.71,+85:07:53.2,P,0.4899234290024872,0.0193749132599407,0.3288189373747001,0.0165429416300124,0.3057342739078063,0.0161311760557934,0.2198910795762162,0.0158033035904921,0.163625815606456,0.0150710871998933,-1.7129356050290574,0.1290624013238533
21CMA-DDR1-J030308+854406,03:03:08.14,+85:44:05.6,P,,,0.0765023243573124,0.0240948255274658,0.0819941050534999,0.0232809356323297,,,0.0571536750134659,0.0151874361961195,-1.361765842284269,1.586054779475348
21CMA-DDR1-J090039+854037,09:00:38.80,+85:40:37.4,P,0.4517981505579017,0.0231162018309347,0.3408543032673155,0.0151959696291239,0.2834345385926725,0.0133888436786004,0.2059554733553873,0.0078627217661141,0.216700878090527,0.0094686713699933,-1.6033690017205031,0.1178717012439483
21CMA-DDR1-J031938+860135,03:19:38.31,+86:01:34.8,P,0.0857731769480723,0.0213840187410837,0.0988016234967787,0.0179338777434057,0.0890095739672934,0.0155017167958553,0.0676742546168794,0.0075493790205343,0.0676822237177808,0.0062027194062188,-0.7966671356002885,0.45038011109806
21CMA-DDR1-J034423+862042,03:44:23.06,+86:20:42.3,P,0.7769840715161505,0.0256293561566172,0.6626687272112971,0.0140385032749231,0.617656431587247,0.0140444993811477,0.5420378582213262,0.0119107603366859,0.5093199937655797,0.010299446480051,-0.867039030881493,0.0679365692945146
21CMA-DDR1-J073732+864047,07:37:31.72,+86:40:47.3,P,0.4383411326591651,0.0213652335910667,0.2141219480620353,0.0089151206885118,0.1928992151700941,0.0079430002192497,0.1575400332222799,0.0075070174083908,0.1298118465837416,0.004021496236272,-2.270921995983885,0.1053738859695361
21CMA-DDR1-J073531+864047,07:35:30.61,+86:40:46.9,P,,,,,0.1318863225301741,0.0070840996250127,0.1378821618315384,0.0072769027526081,0.1274959660713997,0.0041043999806896,-0.2989203774509191,0.3808791625770781
21CMA-DDR1-J090511+853521,09:05:11.43,+85:35:21.1,P,0.1055290341897786,0.0312696557350123,0.1332809381723035,0.0362763139270949,,,0.0948950608008447,0.0274539594283405,0.068683135897522,0.0196140412145782,-0.7408433752632925,0.7268542062427819
21CMA-DDR1-J063329+865616,06:33:28.52,+86:56:16.1,P,0.0848809352690202,0.0165292018455171,0.1020255309457755,0.0174093123125912,0.0875227590872417,0.0073981747215564,0.0938566928700057,0.0069849469689038,0.0811909852302332,0.0040503913622247,-0.2959207319726532,0.3219715476617013
21CMA-DDR1-J072642+864633,07:26:41.65,+86:46:33.2,P,0.2434643369556753,0.0128589393330282,0.1950825311892768,0.006615282933805,0.1929234124735824,0.0071226986207303,0.1914900959560801,0.0073652005108527,0.1757382001570739,0.0047211948497711,-0.5515265734366579,0.1033974455949786
21CMA-DDR1-J042030+864227,04:20:29.87,+86:42:27.0,P,0.0927184333369166,0.0153079154958619,0.0887613184222116,0.0072034525225428,0.0880508864344096,0.0052031380776508,0.0816517223648239,0.0050780276412795,0.0693504301425242,0.0033634354649523,-0.7989108358829338,0.2545467292668951
21CMA-DDR1-J032835+861441,03:28:35.22,+86:14:41.2,P,0.1020816072065,0.0319556024840481,0.1064127069988767,0.0296867493616249,0.1150948437644729,0.0208354331391063,0.0871541385799866,0.0195202545940487,0.0827122662876362,0.010171348259168,-0.6422114416760981,0.5874653351457768
21CMA-DDR1-J035437+863201,03:54:36.96,+86:32:00.6,P,,,0.0477633768867302,0.0141882727302656,0.045567392651969,0.0129685898219056,0.0387175734259029,0.0101262017200415,0.0373467698226546,0.0064218712872427,-1.0481802211329925,1.2614730341849127
21CMA-DDR1-J044444+865242,04:44:43.77,+86:52:42.4,P,0.2776064387346431,0.0121527661195434,0.2450324016921059,0.0074090133662853,0.2466261565343123,0.0066578683907762,0.2377787434898735,0.0054539775854006,0.2266473523283447,0.0042565996963487,-0.3678820791413284,0.0815761949910946
21CMA-DDR1-J023654+851923,02:36:53.57,+85:19:22.7,P,0.23361234572669,0.0275065459591548,0.2861108782227181,0.0243093555253369,0.3050823137800701,0.0466923215455022,0.2096875150693292,0.0447688038917289,0.1891938099414836,0.0209548710269823,-0.3696694464777906,0.297531345281148
21CMA-DDR1-J030419+855404,03:04:18.79,+85:54:04.3,P,0.1076086149481655,0.0299817856561222,0.1212125898727422,0.0304959698748468,0.0861393498813498,0.020295427477251,0.0773309115501901,0.0148232040852148,0.0684611378783393,0.0128333209041538,-1.0264555824788375,0.6037805415362807
21CMA-DDR1-J051658+870012,05:16:58.13,+87:00:12.4,P,0.0636738227745536,0.0171770166751693,0.0837047287328512,0.0188277181099454,0.0768098153678584,0.0079235947937638,0.0895872178214523,0.0166696421215882,0.0705909439342591,0.0053017350186638,-0.0853904010601767,0.4472813419606313
21CMA-DDR1-J063520+870118,06:35:20.31,+87:01:17.7,P,0.0784877786179158,0.0226903707887762,0.0874564694612212,0.0203589563866547,0.074248076478252,0.0089744985084302,0.0706732338134268,0.0110843914772453,0.068893261307337,0.0052113105247011,-0.4176164691234495,0.4738851164259443
21CMA-DDR1-J052105+870137,05:21:05.16,+87:01:36.8,P,0.1004316312815595,0.0185538761253164,0.1020595916652421,0.0148796589715406,0.0912478027297552,0.008932086111037,0.0871528588769637,0.0192044109189864,0.0829199340018827,0.0054283811599449,-0.4768896080758549,0.3325772209014124
21CMA-DDR1-J064620+870145,06:46:20.22,+87:01:45.3,P,0.3011845394962512,0.0263215082153992,0.2603719235989281,0.0399450141721639,0.2766805939098903,0.0282803902494891,0.2344884477120765,0.0254842021538934,0.1603046219736913,0.0180628278186842,-0.8614735579990185,0.2364460058600237
21CMA-DDR1-J032746+861719,03:27:46.07,+86:17:19.0,P,0.1346272994442748,0.034210615452496,0.1398566609600548,0.0327851352822109,0.111769095958487,0.014419999112707,0.099943724988281,0.0195914285073208,0.0934584943456244,0.0092169308450059,-0.8743719697066467,0.4749719906505441
21CMA-DDR1-J033428+862251,03:34:28.17,+86:22:51.0,P,0.2113312373834338,0.0288417143757028,0.1829406959367443,0.0131538892574869,0.1633458781373846,0.0088068681922069,0.1412252812062935,0.0081570158359425,0.1256579362183005,0.0057025718791579,-1.2245133051246868,0.2230688333235313
21CMA-DDR1-J054112+870438,05:41:11.86,+87:04:38.3,P,,,0.0468609524445212,0.0125464636547489,0.0450720729442181,0.0122121268353604,0.0380791337771428,0.0087267758672183,0.0377762414248299,0.0069572221573307,-0.9381987409982664,1.2205776658541614
21CMA-DDR1-J082144+862529,08:21:43.86,+86:25:28.6,P,0.1567152594223883,0.0334093634080469,0.1546281933918687,0.0301196218501489,0.1404112034027343,0.0137880684931452,0.1187747167772238,0.0115151504814636,0.1039001514027322,0.0085516874375545,-1.0236754071999783,0.3940015391309276
21CMA-DDR1-J091520+853500,09:15:20.22,+85:34:59.6,P,0.0952307103097401,0.0222321474654592,0.1136501484741934,0.0206679948115721,0.0925361887779166,0.0240524600135783,0.0545906166944225,0.0131862038498456,0.0572865704663116,0.0155653619541105,-1.11529532119054,0.6002498057369542
21CMA-DDR1-J034635+863234,03:46:35.00,+86:32:34.3,P,,,0.08244057545382,0.0160403923504534,0.0787208282817489,0.0149034850157671,0.0685815884868299,0.0067033601158916,0.0605373502268995,0.0043979354701352,-1.3631940730762484,0.7158820581170804
21CMA-DDR1-J081741+862934,08:17:40.71,+86:29:33.7,P,0.0990721036278795,0.0288210755781711,0.0960838338339859,0.0267849542536611,0.0820262908496101,0.0115714011612269,0.0746348703258583,0.0139336935150585,0.0620222033780838,0.0071817373411704,-1.07948185811561,0.5475054584416437
21CMA-DDR1-J052715+870524,05:27:15.28,+87:05:24.5,P,,,0.0603961987981694,0.0142815008421546,0.0660186456365455,0.0086294761903591,0.0669145195270999,0.0086075583091447,0.0698935056077788,0.0046715346094607,0.4672611296689825,0.7000912107308593
21CMA-DDR1-J085711+855817,08:57:10.63,+85:58:16.7,P,,,0.0691310650759242,0.0180209389766553,0.0481792772167117,0.0153791363582002,,,0.0370370987648976,0.0095043437785165,-2.407312893108085,1.4404508405424248
21CMA-DDR1-J085953+855515,08:59:53.20,+85:55:15.2,P,,,0.0810163224952145,0.0181887847514182,0.0612199308098633,0.0176819658687884,0.0460570922930028,0.0120368439002823,0.0434943366270775,0.0109220175949526,-2.606768152078565,1.278125084642163
21CMA-DDR1-J051055+870456,05:10:55.15,+87:04:56.5,P,0.0814182316187399,0.0163991534088077,0.0924708251344386,0.019055066742038,0.0821861631636338,0.0089902770557077,0.0757795138676042,0.0108169280778236,0.0692479609271677,0.0059706923740178,-0.4665625230686405,0.3902173517659925
21CMA-DDR1-J024605+854307,02:46:04.97,+85:43:07.3,P,0.4343136031811499,0.0226868136436345,0.3627803231424695,0.0145355803656956,0.3448857255071664,0.0125047688365393,0.302239218630027,0.0211552937358125,0.2912691911799989,0.0116141369585015,-0.7722167418567264,0.1203726748115692
21CMA-DDR1-J055514+870948,05:55:14.01,+87:09:48.4,P,0.0946592513981915,0.0249934565726292,0.1276975304042537,0.0312539388067964,0.1451278135007375,0.0296637183339966,0.0934040512871558,0.019731116913973,0.0991076244472605,0.0083293479301698,-0.2709219819062648,0.4784403219370414
21CMA-DDR1-J055117+871050,05:51:16.92,+87:10:49.8,P,,,,,0.0817161265501515,0.0242298536222932,0.0813416989793566,0.0172897302023896,0.0671879994571824,0.0082543846631145,-1.5204260042172115,1.8293590174862289
21CMA-DDR1-J085745+860350,08:57:44.51,+86:03:49.6,P,0.0986058595719326,0.0244823076674287,0.0980364032231771,0.0206287549002757,0.0817237803205086,0.013088827962807,0.0612187652526284,0.0114528878108104,0.0620353668889855,0.0064541790575502,-1.1226320171619513,0.4731800067360034
21CMA-DDR1-J084218+861819,08:42:18.18,+86:18:19.3,P,0.079165344331621,0.0164233008027436,0.0797519616543937,0.0149108295075435,0.0613935274160248,0.0105008714158982,,,0.0485041500397737,0.008951755498792,-0.9660716939759294,0.5195447048336869
21CMA-DDR1-J042741+865902,04:27:41.39,+86:59:02.1,P,0.088996665161906,0.0256540800736657,0.1029049975155891,0.0142814981787675,0.0967120027537798,0.0107757879185957,0.0853703566578251,0.014072396275084,0.0786106792091262,0.0102622830011768,-0.5514268020447317,0.5176887278271249
21CMA-DDR1-J054816+871259,05:48:16.23,+87:12:58.8,P,,,0.0727594976981275,0.021867095064191,0.0801496462267042,0.0190983746681051,0.0752611273293331,0.0156991581983209,0.0719042514243208,0.0077934429504851,-0.2846489390321082,1.059673809864297
21CMA-DDR1-J050238+871130,05:02:37.51,+87:11:30.0,P,0.2571234779021346,0.0134810144074081,0.2056083644033302,0.0095161416514149,0.1934714676459359,0.0057449382480969,0.1800178167838256,0.0080421699475181,0.1532393585219657,0.0037535231018752,-1.023332205704601,0.1032917788431414
21CMA-DDR1-J070349+870931,07:03:49.48,+87:09:30.5,P,0.0530673181530106,0.0160304668810477,0.0532264905911325,0.0130442638268123,0.0530960274353133,0.0126573424511381,0.0474247625982882,0.0098913148861792,0.0490872486923627,0.0086610871102359,-0.2134424506569047,0.6272114829286234
21CMA-DDR1-J082329+863807,08:23:29.40,+86:38:07.5,P,0.0663343161474044,0.0151781707759325,0.0788460786286236,0.0107009251952696,0.0763118904095285,0.0085005907793453,0.0687198438710309,0.0072943496678512,0.0684025174619488,0.0066726825963121,-0.1774527023160944,0.4136981785231795
21CMA-DDR1-J023114+853545,02:31:14.29,+85:35:44.8,P,0.5242687427300065,0.0280654182620972,0.4127571520311949,0.0217991859556851,0.3517508848028513,0.0241392811583722,0.3231567188059965,0.0512018263658571,0.2829611853201464,0.018785181934408,-1.150514236218275,0.1525176717677508
21CMA-DDR1-J040702+865627,04:07:02.40,+86:56:26.9,P,0.0466390626142757,0.0136610779777875,0.0451396912710494,0.0117846070762951,0.0538816521742017,0.0101761501645499,0.0465411304574556,0.0073842982333766,0.0420300941277794,0.0029477133343672,-0.3820345355487173,0.4961074460283099
21CMA-DDR1-J035522+865127,03:55:22.01,+86:51:26.7,P,0.0847249605134684,0.0188154658543829,0.0708269965097948,0.0104917097217432,0.074710105765131,0.015530915428812,0.060147769591244,0.0079040206858895,0.0515978036375183,0.0050561928353394,-1.0294921334235627,0.4178483994921798
21CMA-DDR1-J094054+851528,09:40:54.31,+85:15:27.8,P,0.0971626501388891,0.025658271316715,0.0922508701067646,0.0194592738114429,0.0788613098500473,0.01807642007412,0.0847902476193851,0.0184514614884913,0.05767651407796,0.016362691894547,-0.7235829854839894,0.644944531938295
21CMA-DDR1-J033554+864019,03:35:54.25,+86:40:19.4,P,,,,,0.0340879010361844,0.0095629068398596,0.0312317479677462,0.0087130112160668,0.0282108464973836,0.0052953143504424,-1.1927325554165955,2.071718474797369
21CMA-DDR1-J042946+870542,04:29:46.45,+87:05:41.9,P,0.9181078500468196,0.0323902510895494,0.7549101605954356,0.0118283745031503,0.7179694245278432,0.0101700828826022,0.6919298924317953,0.0134522185203197,0.6742809986173957,0.0098371307927802,-0.5343068227438409,0.0605160823430622
21CMA-DDR1-J053517+871828,05:35:16.83,+87:18:27.6,P,,,0.054454006579532,0.0160974297696081,0.0409381068962243,0.0106391664807575,0.0476289474133629,0.0131782589001655,0.0369663718955061,0.0073644714753143,-1.2428519394984632,1.3196610738203316
21CMA-DDR1-J073447+870509,07:34:46.64,+87:05:09.4,P,0.1130155093492961,0.0256093927475018,0.1398717843097641,0.0279467643794099,0.1107179520750201,0.0145759857566797,0.1056374065761143,0.0161237698684652,0.1002448311219934,0.0101861183126484,-0.4203445152299502,0.4399344366973013
21CMA-DDR1-J080357+865308,08:03:57.15,+86:53:08.2,P,,,0.0714869885106361,0.0201896619678779,,,0.0671973056013274,0.0130073891155382,0.0618350995265387,0.0115247783687696,-0.5779596720762903,1.34642903287958
21CMA-DDR1-J062202+871953,06:22:01.78,+87:19:53.2,P,4.799354791117336,0.1086841795469895,3.597944373427422,0.0516696899550924,3.413098374427588,0.0716807262239047,3.27976084030107,0.0503444425298995,3.109180703861413,0.052131085356362,-0.7861611842622378,0.0490931790432024
21CMA-DDR1-J044834+871330,04:48:34.02,+87:13:29.7,P,,,0.0537821973453038,0.0102228304146416,0.0451995398467327,0.0058935903472546,0.0482340996099597,0.0056575012013554,0.0457879324022475,0.0043452458906783,-0.3575607725898875,0.7249411310268533
21CMA-DDR1-J072607+871151,07:26:06.82,+87:11:51.4,P,2.6605038713543814,0.0503561284581842,1.8346509370088937,0.0313556209040768,1.7414459405456708,0.0308365783199359,1.6808485269508235,0.0251619245362887,1.5630930723421386,0.018891804565032,-0.9644783611736042,0.0407579311506339
21CMA-DDR1-J054546+872333,05:45:46.14,+87:23:33.2,P,0.2421761619172947,0.0341196001490007,0.2525517999341355,0.014471764493499,0.2355772285859269,0.0093459668473309,0.2385839506400591,0.0099428809353322,0.2305596084403989,0.0073395438262901,-0.2027633837553862,0.1874159651821103
21CMA-DDR1-J051910+872114,05:19:09.91,+87:21:13.9,P,,,,,0.0510509251015894,0.0111682766106813,0.0619659616210844,0.0138222303228858,0.0448279052326468,0.0079488086917112,-0.9664855597809516,1.7492450446161976
21CMA-DDR1-J091140+860739,09:11:39.97,+86:07:39.4,P,1.0801777805192436,0.0274649956683452,0.7599934546034316,0.0181788659809271,0.6610377041978696,0.0132065476209665,0.5208783175208969,0.0117105362658411,0.5685039230819908,0.0120948027311971,-1.3578768088727913,0.0592676490332157
21CMA-DDR1-J073532+870923,07:35:31.75,+87:09:22.6,P,0.1076350784180615,0.0275665580390427,0.1172379967101818,0.0352110862278164,0.1026289518107833,0.0267149720189434,0.0839043735545288,0.0193071697195822,0.074812611158782,0.0159560812532609,-0.7145090324026151,0.6007630230164718
21CMA-DDR1-J094340+852235,09:43:39.67,+85:22:34.5,P,0.1031399450037442,0.0200957329363129,0.1115694199843282,0.0145457118423455,0.1088662751553777,0.0127585971765017,0.1464958007904003,0.027658119661817,0.0815400664734636,0.0153500163730517,-0.0482544165914134,0.4675575899013811
21CMA-DDR1-J085418+862614,08:54:18.08,+86:26:14.1,P,0.1339718402246151,0.0232633595838655,0.1298153120398743,0.012226453472747,0.1228597663410832,0.0090171464707648,0.1104250678938325,0.0112514528285819,0.1162180259797743,0.0078091158198286,-0.3642453041867689,0.301934700895725
21CMA-DDR1-J081903+865204,08:19:02.52,+86:52:03.6,P,0.2724439189542882,0.015505113815946,0.2259576213186012,0.0124004764407533,0.2099943183267384,0.0095253453283546,0.1940029758050673,0.0087338326506337,0.1727618004039613,0.0071888652859268,-0.857965740892773,0.1273541904122845
21CMA-DDR1-J040658+870559,04:06:57.56,+87:05:58.8,P,0.0809319094678556,0.0137326682000578,0.0795655234152491,0.0064724500102907,0.0808121883282281,0.005151803638878,0.0671922080235787,0.0043762572898316,0.0708954751813541,0.0033251549272657,-0.4435882221463653,0.2561017256181473
21CMA-DDR1-J075715+870438,07:57:14.78,+87:04:38.0,P,0.4263461718693612,0.0208398034095273,0.364381253603863,0.0182960879852294,0.3594825314946537,0.0146323601146723,0.3566022018994958,0.013276276810757,0.3224203252685491,0.0086639449381644,-0.5068399502226212,0.1017940817271999
21CMA-DDR1-J060206+872858,06:02:06.29,+87:28:57.8,P,,,0.1970557020546874,0.0154187886210334,0.2356224905386048,0.0144299041266669,0.2045832625563928,0.0094013961404308,0.2056773189475936,0.0080296385898285,-0.1680188756643945,0.3056360954887613
21CMA-DDR1-J060033+873032,06:00:33.27,+87:30:32.0,P,0.4804405197667412,0.0352737694652577,0.2548112337189885,0.0182405764214975,0.1978551710023017,0.0138499923547607,0.2031220220587221,0.0102574812064033,0.1801514110848709,0.0072438744012579,-1.7904903411960706,0.1519650776714398
21CMA-DDR1-J065003+872500,06:50:03.04,+87:25:00.3,P,,,0.0538177793337982,0.0117558638269335,0.0444028878757888,0.0111947655373147,0.0426239496512716,0.0098595093464816,0.042501956925484,0.0077983386303365,-0.8839587859880842,1.0923864513452688
21CMA-DDR1-J042641+871610,04:26:40.83,+87:16:10.4,P,0.4789718032738689,0.0170049525772706,0.3558547493644032,0.0063272016757904,0.3315100807777574,0.0062736777367378,0.3210219519648499,0.0075985835204582,0.3108929388720589,0.0055563397343655,-0.7397228067292926,0.0669531343323477
21CMA-DDR1-J093112+855042,09:31:11.91,+85:50:41.7,P,0.2334772006261905,0.0232511800983551,0.1939948155628063,0.0174506634021902,0.1612020167874956,0.0142792988351037,0.1224097089298321,0.013835006001942,0.1314555559137403,0.0115893191813638,-1.218075131798127,0.2398054532183905
21CMA-DDR1-J080931+870208,08:09:31.19,+87:02:08.5,P,2.282817551961466,0.0726798276364224,1.7325955610879902,0.0316385341103392,1.6545600307492645,0.0369495335891782,1.5864345346815425,0.0284781080011728,1.4198650612898698,0.0292011847892962,-0.8294284450977265,0.0649430416800353
21CMA-DDR1-J084824+863803,08:48:23.92,+86:38:03.1,P,0.0702418428285794,0.0138638367678568,0.0830180995970405,0.0085385331189975,0.0731015088371835,0.0072245547815249,0.0664445003367793,0.0076849614514733,0.0695272776554459,0.0057402403954594,-0.2953129884050023,0.3505246326998319
21CMA-DDR1-J022630+854953,02:26:30.49,+85:49:53.3,P,,,0.097107968344053,0.0293007934593555,0.0898086420271251,0.0252050244638241,0.1024990914608725,0.0307187746124431,0.0527478209057731,0.012350494806315,-2.30486647504771,1.4377658991173097
21CMA-DDR1-J024619+861831,02:46:19.22,+86:18:31.3,P,0.7561261234540995,0.0529290351844706,0.6076196528843574,0.037393906346068,0.5564278350236426,0.0352200138115006,0.4619719549090249,0.0223279481227472,0.4919365672506706,0.0239972799231463,-0.9251674591331182,0.1528061161344
21CMA-DDR1-J053231+873142,05:32:31.32,+87:31:42.0,P,2.9669967187883386,0.0636702501223957,2.272186590757882,0.0328196095568312,2.133951720393384,0.0393441002548853,2.050547206572716,0.0313910814166685,2.0141341300977675,0.0251636396169169,-0.7022162811776276,0.0439032698953898
21CMA-DDR1-J055427+873325,05:54:27.49,+87:33:24.6,P,0.4060748954652701,0.0330900372119773,0.2928815295077971,0.0189769343219803,0.278533449817207,0.0146074375052487,0.255562035134449,0.0135450476873405,0.1562235583428279,0.0079736349977052,-1.7059171021097896,0.1714982840951206
21CMA-DDR1-J065218+873028,06:52:18.43,+87:30:28.2,P,0.1021830334959131,0.0254883601836587,0.0932449470904795,0.0184705611666027,0.1177472949046142,0.0178647314770528,0.0684006622422586,0.0114917372175445,0.0664898965578177,0.0077310568260841,-1.0887629217036396,0.4852300824894195
21CMA-DDR1-J051216+873006,05:12:16.35,+87:30:06.5,P,,,,,0.0426929389443285,0.0115070540563673,0.0406344382917687,0.0122876733577954,0.0408349342138157,0.0086452634804275,-0.261753753298219,2.1273993190369955
21CMA-DDR1-J093034+855856,09:30:33.95,+85:58:56.2,P,0.2223192274595199,0.0164103718609983,0.1973534832697797,0.0131949450342086,0.1773687317481358,0.0111804395568145,0.1524504334911804,0.0109288284861321,0.156182603202074,0.0099187801067225,-0.7484730018818941,0.1743974027037388
21CMA-DDR1-J045719+872853,04:57:18.51,+87:28:53.2,P,0.4510064435404404,0.0154434780886228,0.3348118497915511,0.0090961441992236,0.3008204365030172,0.0061773706085843,0.2871263298057294,0.00768937002009,0.2805841199208872,0.005371909203512,-0.8810060822422212,0.070414318000152
21CMA-DDR1-J074907+871547,07:49:06.60,+87:15:46.9,P,,,,,0.0449925840806261,0.0114266051629179,0.0434072482108451,0.0097953540766762,0.0373340664760684,0.0064179266609045,-1.2443136602089204,1.878830396774233
21CMA-DDR1-J040444+871536,04:04:44.20,+87:15:35.9,P,0.1105808450358956,0.0216623496305521,0.1037615923009847,0.0096210782560866,0.0940713588869789,0.0071368269044104,0.1006537534748539,0.0073464165326228,0.0942419617383232,0.0052449614488721,-0.2720899230692978,0.2976875772745415
21CMA-DDR1-J040700+871721,04:06:59.52,+87:17:21.0,P,,,,,0.041709447078196,0.0100487965273824,0.0367671798508308,0.0102939230213562,0.0368631746059046,0.0062831783920578,-0.7209021685451913,1.8232300168333675
21CMA-DDR1-J024504+862229,02:45:04.10,+86:22:29.2,P,0.202383967516316,0.0529861613686083,0.223314368368037,0.0518256102604375,0.1851242102487553,0.0376688789869582,0.130209386440492,0.0148656152958081,0.1960340010749728,0.0222629058082158,-0.338368403763136,0.5038823567657144
21CMA-DDR1-J032624+865625,03:26:23.81,+86:56:25.1,P,,,0.0315057727597245,0.0101946915613965,0.028271942689462,0.0075566460625989,0.0258006885046754,0.0063476388103764,0.0265369914395828,0.0054683828374271,-0.6395580494018908,1.399206656155807
21CMA-DDR1-J071339+872907,07:13:38.69,+87:29:07.3,P,0.2943529688027952,0.0215279556725401,0.2968914589956171,0.0078994670849834,0.2954028436505655,0.0073980265186691,0.2934473939860019,0.0076879144424673,0.2932482529487316,0.0067001263426686,-0.0325693716163835,0.1069208463246859
21CMA-DDR1-J071720+872811,07:17:20.10,+87:28:11.4,P,0.2828253670921625,0.0294518706088506,0.1741426549064205,0.0082429546512889,0.1735957823392334,0.0075751138496799,0.1659337933077712,0.0077426123408931,0.1668963331546533,0.0065252401629754,-0.6630977303281814,0.1723718712673106
21CMA-DDR1-J060326+873732,06:03:25.98,+87:37:31.7,P,0.0707878914377571,0.0219657740043288,0.0805450512240741,0.0204804072718421,0.0777418665192818,0.0173477956594885,0.0757921635763895,0.0129915180291411,0.0694240081126248,0.0058553176023732,-0.2128512978512709,0.534825375991308
21CMA-DDR1-J093645+855549,09:36:45.30,+85:55:48.7,P,,,0.0751000243631702,0.0228809000551329,0.0681029510876082,0.0199053092101901,0.0612105531014483,0.0172436392917908,0.0522897182613107,0.013093602929968,-1.4433824874080936,1.4882991868411088
21CMA-DDR1-J041252+872046,04:12:52.23,+87:20:46.4,P,,,0.0633846669848062,0.0165259047692068,0.0566955535192567,0.0086917148343895,0.052604107280566,0.0073009367419269,0.0653616405922956,0.007194826134714,0.4917102163158184,0.9011068501437598
21CMA-DDR1-J035128+871831,03:51:27.50,+87:18:31.3,P,0.2826661183833166,0.0298649075214015,0.1371080505822386,0.0094600614656573,0.1150319790664508,0.0065452534590329,0.1051599786364352,0.0091475734424616,0.1036781391853018,0.0049990874728807,-1.7003511036257202,0.200698068077145
21CMA-DDR1-J035205+871324,03:52:04.68,+87:13:24.0,P,0.1195678738005808,0.0234212676303026,0.1232807765981996,0.0086186215096024,0.1095447231070573,0.0067368978152818,0.1024362917873327,0.0081945046315103,0.10111287332299,0.0053308362980078,-0.5840261711617699,0.270536704113936
21CMA-DDR1-J035144+871621,03:51:44.43,+87:16:21.3,P,,,0.098238030890458,0.0089786560950818,0.0817681783206045,0.0064495186010125,0.0762530177532901,0.0097995623733529,0.0682681314593821,0.0051044823941294,-1.3755894535439082,0.4469004375520769
21CMA-DDR1-J052528+873705,05:25:28.29,+87:37:04.9,P,0.5686261170183279,0.0523992006003605,0.5683732519592114,0.0205495282680852,0.5816048391254769,0.016845967415831,0.5785349459909326,0.0152192492453962,0.6164498949491717,0.0167967198551073,0.2165854077644815,0.1333994897745508
21CMA-DDR1-J093449+855959,09:34:48.80,+85:59:59.0,P,,,0.0821877901813155,0.0266879509475207,,,0.0588613319199065,0.016710504401541,0.0448446070584417,0.0123806667056778,-2.3548399060955245,1.6803263820987016
21CMA-DDR1-J083233+865949,08:32:32.64,+86:59:48.9,P,,,0.0425844156765818,0.0120965264962304,0.0463474318997831,0.0140209902488551,0.0322478104699042,0.0105016078556401,0.0292866214840136,0.0090343766171293,-1.7008677665783023,1.588002179232978
21CMA-DDR1-J085901+864053,08:59:00.95,+86:40:53.0,P,0.0427479599717931,0.0132133331775272,0.0536440799732213,0.0169955737505408,0.0405135620861647,0.011129913425002,0.0347256229207159,0.0082674367184645,0.0368020114903567,0.0053415876640113,-0.4761144233818367,0.6189861761100122
21CMA-DDR1-J042533+872646,04:25:32.61,+87:26:46.1,P,0.2293281590552707,0.0192688833537836,0.2117493089779436,0.0085498810160772,0.2211608128392765,0.0070192584008794,0.212037362112948,0.0063824227461046,0.2148699755643251,0.00481591239655,-0.0731877091765955,0.1254948660400721
21CMA-DDR1-J042131+872803,04:21:30.81,+87:28:03.4,P,0.1629092652222604,0.0220254842941187,0.1510556990103918,0.0082614443973529,0.15478308530522,0.0071503174211936,0.1438067706587826,0.0062482096070058,0.1515379310439152,0.004892032939561,-0.0934945029539968,0.1856265000858714
21CMA-DDR1-J044057+873037,04:40:57.18,+87:30:36.6,P,0.0702594650895764,0.0137850487540592,0.0590150417973949,0.0123849826441698,0.0419303978433027,0.0060139454766495,0.0387067677989924,0.0051333273778386,0.042972469928615,0.0059275914578367,-1.102515048365925,0.4326592882186997
21CMA-DDR1-J015123+850028,01:51:22.69,+85:00:28.1,P,0.560616141720529,0.0345963238472367,0.4821757784039159,0.0410646995617756,0.5171291978688672,0.0378513639573323,0.6509668894422089,0.0622793352899857,0.3764237137274481,0.041326271807102,-0.2669826222448195,0.1848910647234319
21CMA-DDR1-J031816+865635,03:18:15.69,+86:56:35.2,P,,,0.0361450281390325,0.0108896455235031,0.0281901672306336,0.0075007577101674,0.0280776558587816,0.0068741821344444,0.0258290524932282,0.0067187672387333,-1.1689440645098952,1.486267798872152
21CMA-DDR1-J073955+872554,07:39:54.74,+87:25:54.5,P,0.0385928062594527,0.0117508138706718,0.0445693465829846,0.0112611597121897,0.0407207561159448,0.0094954208937032,0.0399698254595578,0.0094959948744464,0.0362387056460078,0.0066007202699088,-0.1961122735276745,0.6404278929351531
21CMA-DDR1-J082330+870800,08:23:30.14,+87:07:59.7,P,0.2636091424092041,0.0241737402595327,0.1976083734998667,0.0140264075926085,0.1846871130588461,0.0123146846117017,0.1861629999850874,0.009694498788706,0.1610003146813723,0.0107305836958906,-0.83594623637768,0.1975376437676667
21CMA-DDR1-J030621+864756,03:06:20.81,+86:47:56.4,P,,,,,0.0232943879303457,0.0075114954225848,0.0232111713072245,0.0070802349867345,0.0235257338901222,0.0059393609192512,0.0684227766983165,2.538128590644947
21CMA-DDR1-J040107+872055,04:01:06.52,+87:20:55.3,P,0.2707533245017816,0.0238642270181872,0.2168959495063928,0.0083019049547421,0.2015389282709735,0.006897302622952,0.2105308327905349,0.007582563184122,0.209071860770368,0.0048684867020607,-0.2607682642588671,0.1284212609833701
21CMA-DDR1-J092943+861233,09:29:42.76,+86:12:33.3,P,0.1001584952004224,0.0233035413541479,,,,,0.0566724879749068,0.0138702353111917,0.0549783168043563,0.0082225835944399,-1.162226434372321,0.5230534228458319
21CMA-DDR1-J024859+863801,02:48:59.32,+86:38:00.6,P,0.1349831750868956,0.0202362926733325,0.1521482827855369,0.0145988629764268,0.1348646530966351,0.0097606065484075,0.116651764957046,0.0111906298444116,0.1258697953787788,0.0087792433688312,-0.3534578308728902,0.2838612904609411
21CMA-DDR1-J030614+865306,03:06:14.11,+86:53:06.2,P,0.1158304671563439,0.0178580137049226,0.1256271645040368,0.0096560376502855,0.1244590705584061,0.0063621571669331,0.1133044502858028,0.0078349863792661,0.1248612633944971,0.0060820014761641,0.0243137809657959,0.2438361620222899
21CMA-DDR1-J065535+873956,06:55:34.87,+87:39:55.9,P,,,,,0.050565658174333,0.0115114916362602,0.0482922448225493,0.01071566030416,0.0519847034085468,0.0052914444351944,0.2873413689991341,1.4791689021886083
21CMA-DDR1-J092018+862853,09:20:17.77,+86:28:52.5,P,4.004375668107852,0.1416251711941559,3.016347141268501,0.0635324636272169,2.671815475749552,0.0828109061956177,2.289790530032805,0.0468461174656173,2.330328881236252,0.0614784449052585,-1.154247721108904,0.0751755814495153
21CMA-DDR1-J061711+874439,06:17:10.62,+87:44:39.4,P,,,0.0389939199360324,0.0122380775445073,0.0362496301423156,0.0097733561789268,0.0359599934898709,0.0079731445649017,0.0320582927878469,0.0052172497906174,-0.7752586375858482,1.2619860634756026
21CMA-DDR1-J050520+874154,05:05:19.91,+87:41:54.3,P,0.2400247310604913,0.0155039609017861,0.2029331938740608,0.0105944528584609,0.1873289489335801,0.0059880261064298,0.1807212323625777,0.0061923515535474,0.1921058057563405,0.0052535216336282,-0.3752759367606108,0.1215520013281976
21CMA-DDR1-J063638+874434,06:36:38.21,+87:44:33.6,P,0.2077831332401284,0.0146460827209987,0.1641777527105353,0.0078146184610307,0.1509615580736383,0.006394535878678,0.1572829987484384,0.007941786183377,0.1494514539931663,0.0044251584867631,-0.5339958005571411,0.1308837869876152
21CMA-DDR1-J070327+874114,07:03:26.95,+87:41:13.5,P,0.3821290157623384,0.0125793176788674,0.3029987181442463,0.0107919468184883,0.3189288149838161,0.0098709351029922,0.3090812666757631,0.0085623165341576,0.3095254927218698,0.0078629580898561,-0.3816461711354116,0.0752668965593805
21CMA-DDR1-J072444+873645,07:24:43.92,+87:36:45.2,P,0.2583683689910584,0.0127590308660665,0.2091166919756822,0.0084107805007308,0.1966887632406308,0.0081554925912493,0.1982255742913844,0.0069081861497034,0.1917775073791742,0.0060363868484308,-0.5359367955582209,0.1050556715181879
21CMA-DDR1-J081441+871958,08:14:41.10,+87:19:58.3,P,0.0604248781630074,0.0141602112237791,0.0621130731707234,0.0127504073863262,0.0633585862736245,0.0166511181414162,0.0576794162987703,0.0138403001958028,0.0816059900501107,0.0117739428400112,0.5420630044188899,0.5032061219292696
21CMA-DDR1-J094357+860151,09:43:56.59,+86:01:50.5,P,0.4199695565235379,0.0167819141672532,0.3055920435478433,0.0138997474318056,0.2802120178291792,0.0127262227610274,0.2472767776934981,0.011018422209663,0.2213177413995749,0.0095662051004073,-1.2040058850215916,0.1020996666266231
21CMA-DDR1-J100306+852635,10:03:06.12,+85:26:34.5,P,0.0545212540399385,0.0157370160115441,0.0795801990290501,0.0186075996576021,0.1002154456979558,0.0300556680330589,0.1077688524088004,0.0325519335943495,0.0653403889540147,0.0168161985086255,0.6615055554263796,0.6917715911515736
21CMA-DDR1-J075531+872821,07:55:30.56,+87:28:21.2,P,,,0.0310960681768605,0.0092646610826952,0.0384968546614322,0.0098972039386218,0.0413679630184066,0.0081755149722415,0.0420663408614179,0.0056687821637728,0.9869857772467522,1.143892300112255
21CMA-DDR1-J032317+871130,03:23:17.16,+87:11:30.0,P,0.0838291548356694,0.0154056333163458,0.0749462115343341,0.0137924365955458,0.0680891967053865,0.0071147217461538,0.0763009143801563,0.0098465185630592,0.0611919655501589,0.0048457247461184,-0.5843672809892998,0.3565211257490802
21CMA-DDR1-J065008+874626,06:50:08.23,+87:46:26.5,P,0.6213846272200474,0.0188643944135637,0.4942616064184296,0.0091664196796688,0.4649523256494499,0.00742626106121,0.4542499805453913,0.0093986040451317,0.4582235285609328,0.0060362318229772,-0.4984191024826267,0.0560675246941123
21CMA-DDR1-J074218+873553,07:42:17.62,+87:35:53.5,P,,,,,0.0255500937822979,0.0077799375093374,0.0286303465612144,0.007560347311299,0.0255761875042253,0.0057114729433561,-0.1191049682942216,2.3276092253477376
21CMA-DDR1-J092531+863159,09:25:31.13,+86:31:58.9,P,0.5819747600812953,0.1250455922814754,0.5149145117231104,0.0515695438879346,0.4501886586539845,0.0420014481309665,0.4091247208785394,0.0397969958714212,0.3936544908756466,0.035711344607875,-0.8971141204146895,0.3711888108788795
21CMA-DDR1-J033220+871809,03:32:19.81,+87:18:09.0,P,0.052882459320134,0.013375523659116,0.0534747594793145,0.0128696215340572,0.0505367190506515,0.0103177567110497,0.0508686941459564,0.0089316804426652,0.042974208878872,0.0036665837335881,-0.5048970974347912,0.4657555950939857
21CMA-DDR1-J044222+874258,04:42:21.63,+87:42:57.8,P,0.0404247624821389,0.0106907600344954,0.0515415897390687,0.0135236597476999,0.0488918820266384,0.0089213669538099,0.0509309536718552,0.0065225685763305,0.0519376142630071,0.0044825115531565,0.4059934379026991,0.4828785673868133
21CMA-DDR1-J061220+875024,06:12:19.91,+87:50:24.0,P,0.0447728673204717,0.0131361353791284,0.0532868109950129,0.0126711087703964,0.0474418730859973,0.008417141736711,0.0453956310427427,0.008312522629246,0.0427160097678856,0.0040061466931793,-0.2959770144643943,0.5182870418027871
21CMA-DDR1-J073813+873820,07:38:13.31,+87:38:19.8,P,,,0.0445606424453479,0.0129270864943116,0.048159549029952,0.0121592842296391,0.0376985249763577,0.008753468209916,0.0480569641751999,0.0085967478434563,0.1338587235158048,1.2469953597025532
21CMA-DDR1-J092900+862947,09:28:59.86,+86:29:46.5,P,0.568469220817451,0.0942786131189235,0.3814966951662411,0.0458202664150889,0.3021735148650372,0.0348288990315922,0.2762634670122031,0.0321588700636082,0.2547455582955474,0.024192554128684,-1.5636323135674854,0.3395793848420215
21CMA-DDR1-J015942+854232,01:59:41.63,+85:42:31.8,P,0.2071440559963593,0.0234290155910138,0.2435798528586109,0.0181113335211816,0.2359577213971547,0.0141592782951863,0.2568814595893692,0.0233808393559628,0.2009084091259013,0.0286051596413401,0.2076715970763507,0.2786445609162957
21CMA-DDR1-J100254+854040,10:02:54.38,+85:40:39.6,P,0.5115251044982209,0.0178734489085484,0.371796754841056,0.0137490002258346,0.42425714304995,0.0142823088577497,0.4573994211586897,0.0146863747776132,0.3508279035226128,0.0141150270115316,-0.4604362929888342,0.0883388772194763
21CMA-DDR1-J014701+851947,01:47:00.72,+85:19:46.7,P,0.1059792766890591,0.02092257712656,0.1017658634210846,0.0240974903019552,0.0793419362295137,0.0193222641615482,,,0.1256354876366258,0.0268019896013906,0.1452173159853313,0.5403773043389876
21CMA-DDR1-J063004+875323,06:30:03.62,+87:53:23.0,P,0.0512125934724811,0.0120959779200027,0.0558014688602388,0.0150367200164127,0.0542039363138139,0.0063005288043284,0.0509793296933402,0.0102501607144638,0.0542963971329939,0.0038116133246232,0.0711749645335165,0.4187565953355457
21CMA-DDR1-J064603+875157,06:46:02.89,+87:51:57.2,P,0.0618414227553937,0.0193953763576099,0.0588300577842961,0.0114029630639433,0.0551918164662903,0.0057433469299072,0.0601944569615098,0.0106411192482564,0.0553301102895201,0.0050912315804194,-0.1577214203956139,0.502623610340086
21CMA-DDR1-J093906+862143,09:39:05.77,+86:21:43.2,P,0.0647209600011273,0.016928469175858,0.0755847251404846,0.0212700543263687,0.0662401928927423,0.0168244232216955,0.0523350741567982,0.0134853693295687,0.0498272150196741,0.0115996281382234,-0.5451522545444308,0.6270932574947828
21CMA-DDR1-J042903+874401,04:29:03.12,+87:44:01.1,P,,,0.0358910017634479,0.0111432634817903,0.0370283931286323,0.0081550126353679,0.0344462714417015,0.0072731412261832,0.0284457044465254,0.0052569875195601,-1.1211861540396548,1.2777744942169915
21CMA-DDR1-J031803+871613,03:18:02.92,+87:16:13.4,P,,,,,0.0447555169170877,0.0107033262995793,0.0390477421628657,0.0088525524521941,0.0374327865727452,0.0038644277274348,-1.0261351792301263,1.536988201765475
21CMA-DDR1-J030037+870434,03:00:36.51,+87:04:33.6,P,0.0703330396618937,0.0146899169960576,0.0723820501708326,0.0145378728601171,0.0598425919461422,0.007078780354553,0.0610925071588987,0.0100576206979599,0.0548133264524115,0.0056084477365905,-0.5406779690272504,0.4190921549446237
21CMA-DDR1-J081539+873040,08:15:39.16,+87:30:39.6,P,0.227774619243034,0.0144863328200507,0.1768895180627508,0.0097888187158761,0.1793245260698028,0.0084508509218204,0.1779874186604356,0.0096343730118654,0.171137638871608,0.0078605216789657,-0.4944067106530015,0.141847523442589
21CMA-DDR1-J034138+873019,03:41:38.41,+87:30:19.4,P,,,,,0.033007866036082,0.010634051474404,0.0309939234479302,0.0088253877893292,0.0316269954065034,0.0067089643217567,-0.2092425256343157,2.3570306140877286
21CMA-DDR1-J061056+875742,06:10:56.15,+87:57:42.1,P,0.0409959087511791,0.0123228853635467,0.0392513371118111,0.0113621097617001,0.0284978043618109,0.0060510895808266,,,0.0247229683610687,0.0068078824022425,-1.0347031916703262,0.7575490386638402
21CMA-DDR1-J094017+862920,09:40:17.20,+86:29:20.0,P,,,0.0818514911231142,0.0213091789899736,0.084143939656518,0.0216054457721364,0.0705206838033177,0.0158234329903658,0.0688273186099521,0.0074674488220248,-0.8194996746133141,0.9985000789742604
21CMA-DDR1-J024121+865404,02:41:20.62,+86:54:03.8,P,0.069743847486379,0.0162439840419184,0.0842020860812939,0.0176884793572565,0.0597766471704417,0.0108067248226615,0.0829151816050715,0.0196394587837423,0.0576225701778266,0.008824856453999,-0.3793080788098519,0.5107085703896356
21CMA-DDR1-J040054+874303,04:00:54.11,+87:43:02.7,P,0.1590760386123337,0.0198496837172451,0.16349363242992,0.0077456211842104,0.1517052452668769,0.0059185470903805,0.1568068267313269,0.0057389795337742,0.1478591851131435,0.0042014701744422,-0.244388383461424,0.164699363251856
21CMA-DDR1-J061556+880033,06:15:56.13,+88:00:33.4,P,0.0363310135675798,0.0105085371189728,,,0.0331587848930492,0.0089858109262173,0.0321768035373042,0.0094382070884952,0.0260005856950111,0.0059306174394127,-0.5563677194899299,0.6823598567301647
21CMA-DDR1-J102046+851622,10:20:46.45,+85:16:21.8,P,0.1188578963072751,0.0223018749000005,0.0928088469985657,0.0191235394029807,0.0804348560895742,0.0187995543777139,0.1148928354630711,0.029397001249313,0.0942397164424154,0.0253578472786982,-0.427337016824924,0.5278903365691318
21CMA-DDR1-J084928+872050,08:49:27.56,+87:20:49.9,P,0.0538903935238637,0.012810977230648,0.0484613209560616,0.0106175330293972,0.0416396041491302,0.0084907860124288,0.0388110076027575,0.0076418811777781,0.0388198944576099,0.0055583572784889,-0.6826426059354532,0.5053150882977382
21CMA-DDR1-J085632+871706,08:56:31.66,+87:17:06.3,P,0.0554832970653778,0.014215532826645,0.0594754438091235,0.0133199747173335,0.0493062464269629,0.0111470571961279,0.0435940013206988,0.0092986559040815,0.0506713273308056,0.0105373218353302,-0.3653924405857544,0.5886361270871339
21CMA-DDR1-J101727+853015,10:17:27.27,+85:30:15.3,P,0.5722606552463916,0.0155977349832427,0.4030391395039499,0.0137797377079253,0.4313801738449219,0.0174674494182212,0.4903841653196523,0.017997267640233,0.4070403705814288,0.0363380304577446,-0.5581945507154447,0.0880452655544034
21CMA-DDR1-J081746+873918,08:17:45.98,+87:39:18.2,P,0.7933330190271465,0.0118658560303733,0.6042647803069847,0.0094470162603034,0.5705941050136276,0.0102492245443586,0.5419716723532572,0.0094164528227353,0.5535231829264204,0.0082225523507278,-0.7321871850582642,0.0374845015998986
21CMA-DDR1-J033757+873804,03:37:57.39,+87:38:04.0,P,0.8000046047351761,0.0155144582576125,0.6392586205843319,0.0125735234670037,0.6056111758099048,0.0082153249031739,0.5981440601236679,0.0090433141570589,0.6069680493347457,0.0075809947846229,-0.5151489366539627,0.0420675423903709
21CMA-DDR1-J082729+873431,08:27:29.39,+87:34:30.5,P,,,,,0.0250963675790986,0.0078804523221268,0.0255891676774416,0.0073268568783083,0.0269000089200378,0.0065882895691635,0.4466952079657854,2.4666934077089104
21CMA-DDR1-J052150+880320,05:21:50.15,+88:03:19.7,P,0.1168687596930071,0.0242724748717008,0.0627188999264695,0.0125291052950168,0.0643418156024251,0.0078784141583942,0.0488431906297389,0.0101364955786472,0.058102264134368,0.0040825543715475,-1.124143384990557,0.3785591090586113
21CMA-DDR1-J083933+873017,08:39:32.62,+87:30:17.1,P,0.3033419049409717,0.0125763833185741,0.2039170060493793,0.0065695180944932,0.2006911779545763,0.007189899340308,0.195596764831561,0.0057266307650209,0.2030368741623663,0.0045999631122344,-0.658544885637017,0.0843551893893382
21CMA-DDR1-J020940+862810,02:09:40.48,+86:28:09.7,P,0.2362341905691709,0.0704170315407385,0.232826048284361,0.0472025395313722,0.2735983603206276,0.0231139148635102,0.1912877786826063,0.0330506519849023,0.1951939724454274,0.0111708351054049,-1.0283800842354889,0.4169879073984218
21CMA-DDR1-J022044+864212,02:20:43.78,+86:42:12.3,P,,,0.0834224264684744,0.0220421181697526,0.0625918772671952,0.017628410730928,,,0.0579713995187102,0.0164195847518478,-1.367120090239642,1.530802472092686
21CMA-DDR1-J031916+873336,03:19:16.30,+87:33:36.1,P,0.1428596640518364,0.014463095174192,0.1087392187570114,0.0100821060852515,0.1011297579386569,0.0074245911988552,0.1126673237087409,0.0106506668821583,0.0956114401701549,0.0055359286623996,-0.6872855998668164,0.2126938734418323
21CMA-DDR1-J052403+880557,05:24:02.80,+88:05:57.2,P,0.545864162114156,0.0149996400675931,0.4284681004479341,0.0103408645723065,0.3885620578265279,0.007647396571498,0.3538831012317376,0.0083798987405573,0.3589706042606259,0.0047524391098799,-0.7937889315472936,0.054732080351389
21CMA-DDR1-J014129+853615,01:41:28.59,+85:36:14.9,P,0.1147968092178179,0.0215230377621334,0.1527389638213284,0.0287184709855216,0.1584739629949228,0.0270519881949168,0.180607016417836,0.0229158678524062,0.1564797590992924,0.0148776174947084,0.5830071582182959,0.3813546124061469
21CMA-DDR1-J091021+871313,09:10:21.43,+87:13:12.7,P,,,0.0509887889976029,0.0124165095443852,0.0453173193959112,0.0050638963957053,0.045218155108385,0.0095826101588748,0.0469136079143572,0.0047978068513453,-0.0227973667125829,0.787627144682834
21CMA-DDR1-J042817+875833,04:28:17.39,+87:58:32.9,P,0.0793969700435393,0.0158659125191139,0.0925708308792561,0.0058739192301218,0.1071907842302461,0.0048231826916896,0.1105170580429247,0.0042701557942793,0.120202402042643,0.0034181045444275,0.8855348419812957,0.2071831544972189
21CMA-DDR1-J074521+875432,07:45:20.60,+87:54:31.9,P,,,0.0363115640448723,0.0107505472412046,0.0311193850476981,0.006918617905593,0.0303847269746816,0.0069423936377429,0.0321683002730846,0.0044548027312888,-0.2311599375952128,1.1213971812699897
21CMA-DDR1-J085937+872257,08:59:36.80,+87:22:56.9,P,0.3068176657742504,0.0164318588435018,0.1912787385346814,0.0108635772091284,0.1857565196681936,0.0076638218083621,0.1668298368364391,0.0066806386139177,0.1728829360560673,0.005897182085621,-1.0812667973832333,0.1158851594759343
21CMA-DDR1-J015204+860241,01:52:03.84,+86:02:41.2,P,,,0.1205357009624187,0.0373964692699457,0.1326521843757718,0.0298739950737822,,,0.1001154935170376,0.0215410834331727,-1.0403624727253222,1.388534674130473
21CMA-DDR1-J021740+864437,02:17:40.24,+86:44:36.8,P,0.1919841011246873,0.0441865024007831,0.2261519606559922,0.0175135921393126,0.1993523798283739,0.0169198375219808,0.183399434896915,0.0313214834066057,0.1757438500992639,0.0111636819791713,-0.6581176135904603,0.3197962567653289
21CMA-DDR1-J101406+855406,10:14:06.36,+85:54:06.2,P,3.1574001827303326,0.080868421120351,2.100703761170535,0.0431150691628463,2.301894321035029,0.0961492132065228,1.382887368976809,0.0266201756664487,1.1748044428216866,0.0264867869260321,-1.91118229990065,0.0593361043650676
21CMA-DDR1-J014520+855107,01:45:20.04,+85:51:07.5,P,,,,,0.082226384924201,0.0234663755033443,0.0764597515722138,0.023125019038427,0.049410307919235,0.0142455394747446,-3.1391066714494658,2.529037961310838
21CMA-DDR1-J014927+860113,01:49:27.30,+86:01:12.6,P,0.1776702657534106,0.0310569194106155,0.187656335797359,0.0251429985007054,0.1976656639864644,0.0195790160156392,0.1944493686457111,0.0329216342683154,0.1689260940958946,0.0135957184794767,-0.1757652007442727,0.3394176019715939
21CMA-DDR1-J025708+872208,02:57:07.98,+87:22:07.6,P,,,,,0.0359585462920366,0.009798248076698,0.0337362566405605,0.0109609756537096,0.0338337298378927,0.0080275524312854,-0.3706201029774585,2.2508167131298618
21CMA-DDR1-J072224+880252,07:22:23.83,+88:02:52.4,P,0.0455123771582949,0.011989116203399,0.0580002515746892,0.0105718839929915,0.04918492415842,0.0050411995325232,0.047467495702412,0.0052505953648885,0.0481395795607948,0.0029116951694458,-0.1326047504841195,0.4061564087808368
21CMA-DDR1-J095010+863614,09:50:10.07,+86:36:14.2,P,0.0768111933802704,0.0140570449111181,0.0829194773273832,0.0075186726642663,0.0743742044945396,0.0049528780160809,0.0639652469538922,0.0064726494266232,0.0615426327581873,0.0056106086970763,-0.7179295667401328,0.3398189500114821
21CMA-DDR1-J030333+872917,03:03:33.27,+87:29:17.0,P,0.0773717430827701,0.0162443552450667,0.0999092629011444,0.0182925155976829,0.0965564477614616,0.0071857550527742,0.09496847932773,0.0083219295749398,0.1028135107828056,0.0047404524909807,0.4429214098666626,0.3257122777734997
21CMA-DDR1-J080525+875259,08:05:25.03,+87:52:59.3,P,0.1259546984685408,0.0137012464612747,0.1141701806113987,0.0068270052049579,0.1056738105243748,0.0045750070807373,0.1103218428467157,0.0053258086208901,0.1225293264517101,0.0050839786165822,0.0907696782488758,0.1870447331129325
21CMA-DDR1-J093846+865331,09:38:46.40,+86:53:30.5,P,,,0.0357802015548003,0.0102167014800545,,,0.0261903936169105,0.0081502639720448,0.0278505371258868,0.0060046889052199,-1.0284878658232102,1.421376011167169
21CMA-DDR1-J044433+880647,04:44:32.53,+88:06:47.3,P,,,0.0447719843335915,0.0142932405768804,0.0466113216922315,0.0130946356983217,0.048962471939792,0.0136644371897673,0.0469393871932329,0.0058660482914749,0.1231816447219819,1.1796371704031765
21CMA-DDR1-J063516+881126,06:35:15.54,+88:11:26.0,P,,,,,0.0325274881227681,0.0105885469342207,0.0260125457395911,0.0069283974094858,0.0275820623859871,0.0052779772988029,-0.7688387904639095,2.2741474532684847
21CMA-DDR1-J014051+854828,01:40:51.40,+85:48:28.1,P,,,0.1048896919052796,0.0249163724024771,0.0836973969786125,0.0234580726127708,0.0846760058672552,0.0224132282119384,0.074753266327414,0.0188480504136469,-1.2436643346373353,1.3160770151205723
21CMA-DDR1-J064150+881157,06:41:49.52,+88:11:56.8,P,,,0.0515518228211863,0.012111722929805,0.0542797541095076,0.0120032885087969,0.0534277638061148,0.009184034584025,0.0542998641045062,0.0038088497389959,0.151282376492101,0.8233078662748224
21CMA-DDR1-J092731+870853,09:27:30.58,+87:08:53.1,P,0.0640735756988564,0.0142103327430696,0.070202692050468,0.0124845550080472,0.0616856937911613,0.0043382030130423,0.057435232831001,0.0087226830036103,0.0570095790840798,0.0043498378290381,-0.380192241297954,0.3855930337348334
21CMA-DDR1-J100319+862305,10:03:19.18,+86:23:04.6,P,0.0435711971984049,0.0111030896012739,0.0460992401079179,0.011030523135242,0.0426476470852685,0.0096730844292799,0.0314935018707781,0.0073334944678064,0.0243465586852662,0.0051529919563549,-1.0884908777935207,0.5945202566644704
21CMA-DDR1-J053520+881448,05:35:20.41,+88:14:48.2,P,0.0594476755401653,0.0160739537579736,0.0589360053026162,0.0177247510093936,0.0475272406955963,0.0077798220177445,0.0393429450357659,0.0043578837944162,0.0430004601188229,0.0042675828264969,-0.7317939054050985,0.5079384048357464
21CMA-DDR1-J013250+853757,01:32:50.21,+85:37:56.8,P,0.2256077094915173,0.0284466008364534,0.2478297945230806,0.0219275644238868,0.2301004894593929,0.019774277021617,0.2658917845194413,0.0225109439471224,0.245380536719746,0.0190067465892548,0.1884166774790898,0.2619636704206573
21CMA-DDR1-J103203+852338,10:32:03.13,+85:23:38.0,P,0.8661276854183738,0.0200776762771531,0.5817179176703028,0.0147084571201508,0.5590052015687172,0.0143555578197791,0.5896022028454401,0.0180788205759787,0.6791424436164897,0.0198689071618942,-0.6776425164557465,0.0626751352628285
21CMA-DDR1-J075232+880318,07:52:32.28,+88:03:18.1,P,0.167915872564394,0.0107521141261096,0.1329671442703849,0.004829062594155,0.1240445597237723,0.0044595624053211,0.128291106765377,0.0052345965807972,0.1322597297758662,0.0046009945363793,-0.3611534387335171,0.1253736921640548
21CMA-DDR1-J084054+874508,08:40:54.34,+87:45:07.7,P,,,0.0288400072242564,0.0094115389318971,0.0329558985448409,0.0080576622942329,0.0295687273284118,0.0063091423970309,0.0299924085663598,0.0039549384752512,-0.1092687649832626,1.1752672681879022
21CMA-DDR1-J095657+863843,09:56:56.96,+86:38:43.2,P,,,0.060755813929825,0.0130762343728489,0.0467703377096372,0.0063651054180582,0.0461219579809733,0.0080918322403906,0.0419617200793052,0.005391449718571,-1.1572351400261194,0.8725713880121277
21CMA-DDR1-J102639+854020,10:26:38.75,+85:40:20.2,P,0.0804535826212831,0.0193805608627501,0.0851976249234833,0.019015589451451,0.0811397286253191,0.0155232840388866,0.0782015457064291,0.0194650861124209,0.0914075856072074,0.0185709440592076,0.1493583201716338,0.5685628433937489
21CMA-DDR1-J033358+875419,03:33:57.82,+87:54:18.5,P,,,0.0376067615731038,0.0119844959301919,0.0406508780511887,0.0107461067888526,0.0335494125070122,0.0087702926336345,0.0365562627953411,0.006831234334418,-0.3023644014934282,1.335062306911718
21CMA-DDR1-J060858+881929,06:08:57.72,+88:19:29.4,P,0.0791927055810859,0.0156233295230961,0.0863966125275287,0.0129125303105124,0.079822999560832,0.0056924823263435,0.0693873001829924,0.0050816179483472,0.0706224245655954,0.0032531836418317,-0.4621988997877626,0.3066222175832828
21CMA-DDR1-J065044+881744,06:50:44.26,+88:17:44.3,P,0.0554495038244248,0.0160334150878125,0.0455010775317322,0.0112986610670608,0.0502476004993398,0.0104996134818645,0.0449442488136452,0.0100397100120042,0.0423583844708912,0.0035941901863176,-0.5171509875035775,0.5092995052747117
21CMA-DDR1-J074632+880841,07:46:31.97,+88:08:40.8,P,0.0503172562297496,0.0113379653606733,0.0506264729102902,0.0069790168741893,0.0523453909293366,0.0051232539383478,0.0502965297800565,0.0054592056292675,0.0492364358525103,0.0037837986153883,-0.0967585286877843,0.3829337764260588
21CMA-DDR1-J025936+873953,02:59:36.38,+87:39:53.4,P,0.0836006476733167,0.0219242976033556,0.1046033843663483,0.0225316071627356,0.0895580423665111,0.0105574875597713,0.0829423408078315,0.0100382101342353,0.0818786242703657,0.0073491385970927,-0.2815443452591662,0.4643614157955935
21CMA-DDR1-J071001+881629,07:10:00.55,+88:16:29.3,P,0.8417719355309579,0.0160802499581919,0.6230033686971597,0.0116700086807202,0.5774992119552428,0.0098810397273346,0.5410998070667605,0.0091903921654584,0.5487985637045149,0.0072553559264518,-0.8245080878703696,0.0424260746997619
21CMA-DDR1-J015859+864025,01:58:59.50,+86:40:24.7,P,,,,,0.0404457324125267,0.0122199201462673,0.0379692685280929,0.0075771367483765,0.0375279199321151,0.0067047070652755,-0.4077465144942924,2.0922337593695204
21CMA-DDR1-J042709+881237,04:27:08.86,+88:12:37.2,P,0.0719055995866709,0.0124935526343838,0.0754618328784819,0.0057752644025536,0.0722396260972753,0.0050123038494059,0.0670300969054756,0.0049338875457441,0.0714472974887794,0.0037605474290611,-0.1349860110139634,0.2657885456441213
21CMA-DDR1-J100401+863559,10:04:01.48,+86:35:58.9,P,0.0428473766491242,0.0097259225299566,0.0555941225698288,0.0131857630233177,0.0443640591984704,0.0059640853421814,0.0408635110325547,0.0080878386640658,0.0383483070819542,0.0038788945608687,-0.4050246684721031,0.4469266264938062
21CMA-DDR1-J023538+872338,02:35:37.88,+87:23:38.0,P,,,0.0480043360000742,0.0142129275843035,0.0512129163976532,0.0105856722858937,0.043806822868085,0.0101700115157886,0.0481298475064395,0.004788210131069,-0.1066116166455998,0.9937173949054334
21CMA-DDR1-J094216+870610,09:42:16.38,+87:06:10.2,P,0.1079924569354589,0.0176326074105362,0.1313989840441436,0.0087698409692826,0.1265810309439874,0.0066101488305975,0.1182344030187487,0.0064851244462774,0.1225218715803998,0.0053769706783939,-0.0689763410917316,0.2327489136700601
21CMA-DDR1-J013439+855512,01:34:38.56,+85:55:12.5,P,0.1173362116344404,0.0307170956681754,0.071576019160864,0.0174510697161141,0.0833136728487313,0.0184263446202456,0.0790705872251131,0.0198827091073496,0.0641817373303042,0.0134619206812439,-0.9899420991414114,0.6066815729647541
21CMA-DDR1-J062135+882203,06:21:35.25,+88:22:02.8,P,0.0607589294470693,0.0152341956159246,0.0721248333530473,0.009687055897851,0.0729411555492062,0.0059148142369874,0.0654492153910241,0.0044255131151544,0.0641625488614525,0.0025799327078584,-0.3102659714122174,0.3285618644097525
21CMA-DDR1-J033223+875739,03:32:23.32,+87:57:38.7,P,,,0.0446608230667476,0.0141505774314319,0.04553215893293,0.0111610724954804,0.0375051522281556,0.0106726560651102,0.0362416775286856,0.0081242522105486,-1.0316868726791748,1.423831864030697
21CMA-DDR1-J083443+875505,08:34:42.97,+87:55:04.7,P,,,0.0446110159086799,0.0080651435933112,0.0434462420210363,0.0044735416035237,0.0379751851951465,0.0074208742204936,0.0456314629161198,0.0042905215744194,0.1533880841942367,0.6773825877959135
21CMA-DDR1-J093511+871552,09:35:11.35,+87:15:52.5,P,0.0702566909897651,0.0150307056516234,0.0660350951095879,0.0124842281409559,0.0648788928973558,0.0066543710495837,0.0594588317322566,0.0106542023910753,0.065188563076929,0.0050205488746099,-0.1200809319722695,0.3893891964719643
21CMA-DDR1-J035930+880849,03:59:29.91,+88:08:49.4,P,,,0.0361789942120236,0.0079316990938736,0.0315441265362193,0.0072168388306752,0.0338667917157093,0.0067101053796107,0.0374927406286385,0.0026516578826163,0.4223124926325547,0.8006614369676156
21CMA-DDR1-J103210+854241,10:32:09.54,+85:42:41.3,P,0.1073749333438289,0.0202807120983031,0.0964144158062861,0.0180429448300379,0.1069682120212612,0.0197224373828037,0.0979119417778117,0.0212129650259092,0.0990437511073398,0.0146562097971261,-0.1332316006384578,0.4401346578852768
21CMA-DDR1-J094145+871201,09:41:45.11,+87:12:00.5,P,0.6039937085712229,0.0182502966368198,0.4453634743306019,0.0108006597714935,0.4110124002485155,0.0090380227367533,0.3857163753072082,0.0091595306623766,0.3792543437067454,0.0072772940078652,-0.8761107151739255,0.0644997846063215
21CMA-DDR1-J024616+873619,02:46:15.96,+87:36:19.5,P,,,,,0.0465617285820927,0.0132244787410098,0.0452155219756512,0.0114947154336622,0.0452198914152406,0.0060956295480188,-0.153098126647765,1.8617950570943984
21CMA-DDR1-J034859+880727,03:48:58.76,+88:07:27.1,P,0.2218922375905722,0.009936022719527,0.1798987888584427,0.0060351908448204,0.1709638206352917,0.0050809780548388,0.168338531366981,0.0055833890670249,0.1705913078205597,0.0038521818806985,-0.4491006576922423,0.0888354890971614
21CMA-DDR1-J014858+863635,01:48:58.11,+86:36:34.7,P,0.1709846608217269,0.0268272966586252,0.1905739694481221,0.0284103440584091,0.1632252671023414,0.0108538392857688,0.1330896467326773,0.0122745931264163,0.1162427156867129,0.0086168277712946,-1.0128302415650687,0.3078093278395804
21CMA-DDR1-J050936+882431,05:09:36.40,+88:24:31.4,P,,,0.0419418216326032,0.0088592757539998,0.0449014469603918,0.0075792064084044,0.0435865238746303,0.0086611838757941,0.047982689679423,0.0052322674389534,0.4942672029100748,0.8383910854719202
21CMA-DDR1-J071204+882157,07:12:04.44,+88:21:57.3,P,0.0591902309239546,0.0188284206946997,0.066654450174217,0.0163423447014632,0.0620555818371837,0.0094845200252217,0.0690252423502815,0.0097700467847477,0.0661892657982539,0.0073579512453946,0.2113831473439724,0.5640796779426416
21CMA-DDR1-J102007+861942,10:20:07.35,+86:19:41.5,P,0.2813614630310977,0.0156987186999418,0.1775875079235274,0.0097039168083229,0.1724280124515628,0.0101420105181902,0.1483257625640241,0.0096038384922402,0.1350664882351848,0.0075369963434185,-1.3849743610747942,0.1397713667060251
21CMA-DDR1-J063859+882619,06:38:58.78,+88:26:18.7,P,0.0580652972465774,0.0185754302229132,0.0559116358487235,0.0124121959737746,0.0612398126823904,0.0113564383512772,0.0492100711758948,0.0089308072755744,0.06449680032641,0.0059572913959705,0.2906542270082849,0.5382850362297847
21CMA-DDR1-J060904+882651,06:09:03.68,+88:26:51.5,P,,,0.0396797595718889,0.0111635472405751,0.0332080773952959,0.0066901119392082,0.0285687093473974,0.0050907719015113,0.0284902160777656,0.0041914733618533,-1.206978286419354,1.1011435784710637
21CMA-DDR1-J053415+882653,05:34:15.46,+88:26:53.2,P,0.1080310109961616,0.0162605252739777,0.1200463739654015,0.0081120171932879,0.1097704895357582,0.0075209625015293,0.1022398235292496,0.0039238984881647,0.0998643147381087,0.003906931365246,-0.4468926533228883,0.2211659144622998
21CMA-DDR1-J032535+880138,03:25:35.20,+88:01:37.9,P,,,0.0389858714366867,0.0118542177899441,0.0331833550212733,0.0098062212271431,0.0347979831488198,0.0079388542286353,0.0354132714070607,0.0064755526293276,-0.2054562993511546,1.3113884640658902
21CMA-DDR1-J093503+872310,09:35:02.96,+87:23:10.4,P,,,0.0321564978779734,0.0091522777185226,0.03158939337382,0.0083496644058698,0.0263396183322813,0.0067446197445155,0.0235318488464104,0.0056687725664955,-1.3571226013345503,1.4032037408056266
21CMA-DDR1-J034324+880829,03:43:23.74,+88:08:28.5,P,,,,,0.02818642619402,0.0085137686512024,0.0250615481900761,0.0059065543715949,0.028667268914554,0.0053067916871234,0.3438379940136613,2.13913703784258
21CMA-DDR1-J012939+860051,01:29:38.88,+86:00:50.8,P,0.1858773042508096,0.0280099998573499,0.2009560270918904,0.0345226180872117,0.1894627813104462,0.017378669193094,0.1997186904530152,0.0162430744673078,0.192237866466184,0.0119436177069726,0.0550272777799155,0.2915510309758172
21CMA-DDR1-J090900+874509,09:09:00.11,+87:45:08.9,P,0.0634383840819021,0.0117986112271294,0.0635907201237944,0.0059601579291406,0.054644897741103,0.0031974154619895,0.0572519584795434,0.0039198140200767,0.0562464810283459,0.0028353193967351,-0.229281531548062,0.278534126385953
21CMA-DDR1-J014750+863921,01:47:50.22,+86:39:21.0,P,0.1298503525577241,0.0273806123553233,0.1499175496675021,0.0323448998107913,0.1268157881635894,0.0117396930237327,0.1010988123959127,0.0180918228171876,0.1023950649630079,0.0105836374760146,-0.6677868469367174,0.42384322475401
21CMA-DDR1-J013203+861024,01:32:03.10,+86:10:24.0,P,0.8613782783087252,0.0311488276184325,0.6619829522539823,0.0250281231616525,0.6370452204353417,0.0170675552646531,0.5957229643422617,0.0193755040877756,0.5416176725658731,0.0126930483729891,-0.8658283931180926,0.079123241369346
21CMA-DDR1-J023901+873918,02:39:00.99,+87:39:17.9,P,,,,,0.0516738027968394,0.011255605182191,0.0430353480842998,0.0100982463722988,0.0431892101247922,0.0082650837100071,-1.091134850672305,1.8063098788969745
21CMA-DDR1-J062416+883004,06:24:16.46,+88:30:04.0,P,,,,,0.0248482074008873,0.0074594596082781,0.0212012046050133,0.0051368264626758,0.0214291328694015,0.0051304734422065,-0.8510396323943922,2.379230163232805
21CMA-DDR1-J054435+883048,05:44:35.23,+88:30:48.1,P,,,0.0630057596964988,0.0134073751517088,0.063354440905277,0.0113960740019084,0.0514967709513759,0.0055468210021611,0.0560590303977038,0.006173149709525,-0.5568240701112285,0.8529205594149951
21CMA-DDR1-J095701+870554,09:57:00.75,+87:05:53.8,P,0.0495168262177184,0.0138377764935704,0.0447834714176108,0.0113901726663801,0.038446343381046,0.0058112770877429,0.0328524609599197,0.0046617572447936,0.0362964203988593,0.0040527781682051,-0.6646901050156362,0.5250045939248843
21CMA-DDR1-J100627+865314,10:06:26.90,+86:53:14.3,P,0.0568951728556677,0.0101900561552014,0.06595732098589,0.0146475271446393,0.0546236259694555,0.006175479611537,0.0487216333139911,0.0083863311070941,0.041443263429872,0.0033814530474196,-0.774747606214077,0.358794312637814
21CMA-DDR1-J022712+873321,02:27:12.02,+87:33:20.6,P,0.3423603854691344,0.0170525251772549,0.253932253549525,0.0093231361943447,0.246786129384671,0.007311017474368,0.2548562811987944,0.0085865030507007,0.2583373154769422,0.0060413625551867,-0.3914397733824329,0.0963675580357238
21CMA-DDR1-J012211+855003,01:22:11.34,+85:50:03.3,P,0.0985851613102181,0.025910371982625,0.1015747027233919,0.0216440666701309,0.1057493993159637,0.0184847244465265,0.0992046084283792,0.0168427965795504,0.1088170832072995,0.0136705318483499,0.1689294845665116,0.5158244989852795
21CMA-DDR1-J030736+880209,03:07:35.89,+88:02:09.0,P,0.6018276448276165,0.0185088667661375,0.4274824092570674,0.0099293791052261,0.4033389292670736,0.0077609009726542,0.3916780271583316,0.0065961060567367,0.3944933319733486,0.005736588300825,-0.7090752711727184,0.0594803793191771
21CMA-DDR1-J073541+882522,07:35:40.82,+88:25:22.3,P,0.0645100666512483,0.0120635505181014,0.0977136403166083,0.0097239560652628,0.0947267743248458,0.008025495337252,0.0863416027681598,0.008409762929049,0.0629980617753171,0.0040257442377493,-0.7482974521720875,0.311292609425103
21CMA-DDR1-J101050+865052,10:10:50.00,+86:50:51.8,P,0.0451347148927354,0.0119278455008525,0.0379827946257629,0.0119534876173835,0.0351133310081407,0.0091887699565662,,,0.0264002686103551,0.0053877062441348,-1.0231393857610749,0.6317930886424395
21CMA-DDR1-J094754+872240,09:47:54.26,+87:22:40.2,P,0.3053086701176065,0.0121064553086907,0.2120027737722676,0.0063758502086457,0.1923632316802235,0.0054523413771871,0.1804571126748076,0.0052280054462489,0.1834420605001127,0.004407240118564,-0.9479475142677952,0.0829369875592793
21CMA-DDR1-J103237+860807,10:32:37.03,+86:08:06.6,P,0.1015569062241114,0.0159490740899726,0.0850530222301748,0.0077715513300521,0.0817092069413039,0.008101725395558,0.0811908750945575,0.0088089363403931,0.075412957960914,0.006352410749488,-0.5240766837711703,0.3084423280896126
21CMA-DDR1-J012453+860328,01:24:53.27,+86:03:28.2,P,0.1175586170523342,0.0327894030789967,0.1009427736375197,0.0303014948775719,0.0986842435481173,0.0201924747646604,0.1079003349061364,0.0199431214179134,0.0914019535177801,0.0157539114438782,-0.3857760083366437,0.5964002217168989
21CMA-DDR1-J065048+883223,06:50:48.46,+88:32:22.6,P,0.0522405220100926,0.0142931440333796,0.0637250297685708,0.0083226844955093,0.0601934623315599,0.006125854847346,0.062382557668027,0.0065741773522429,0.0611285897401608,0.0049300170639309,0.1160840455709302,0.4206397645300924
21CMA-DDR1-J093409+873651,09:34:08.71,+87:36:50.6,P,0.0447410043893218,0.0098015718114482,0.040090579932796,0.0084050340786393,0.0343515351892342,0.0067549699872166,0.0293548219921505,0.0063700761992052,0.0309227350128451,0.0041651405733519,-0.784923547453701,0.4718973675324416
21CMA-DDR1-J081832+881808,08:18:32.44,+88:18:08.3,P,0.0315042447826798,0.0088132655823978,0.0505035422582002,0.0089510455377996,0.0490209331584744,0.0065288819982071,0.0461116075987176,0.007627334133991,0.0476139022919259,0.0043972131877278,0.4107203864981776,0.4761532690925004
21CMA-DDR1-J052907+883714,05:29:07.00,+88:37:13.9,P,0.946240812537621,0.0309854548169546,0.7240876885966935,0.0193751114157818,0.4012199220610222,0.011698587796272,0.3532460764042436,0.0088348073235454,0.3478153935152345,0.0067629468245278,-2.1436192680861,0.0686144286874617
21CMA-DDR1-J025731+880131,02:57:30.55,+88:01:31.4,P,0.084971968960795,0.020038801418835,0.0802811829652057,0.0153341930086759,0.0720736912122258,0.0076898905624019,0.0701763904463567,0.0062176822754739,0.0743358314613784,0.0048616281723951,-0.1934715914169189,0.3952605871242342
21CMA-DDR1-J085605+880430,08:56:05.04,+88:04:30.1,P,0.0378612389446875,0.0105301514422632,0.0449770682785751,0.0092667713069428,0.0408513836216313,0.0040958683632015,0.0431952695404129,0.0047224805841165,0.0430684939718713,0.0027608030515296,0.1863377928935118,0.4294057021013417
21CMA-DDR1-J013035+862427,01:30:35.04,+86:24:26.9,P,0.0702980197266915,0.017163803812463,0.0713358376293486,0.0186459761104071,0.0655916180951351,0.0140939621269713,0.068062448661294,0.013858183144857,0.0543736523169744,0.0089015223630948,-0.4523900746104079,0.538031939687798
21CMA-DDR1-J041908+882829,04:19:07.81,+88:28:28.5,P,0.0395684871345824,0.0111725629535375,0.0485486406989825,0.011343314434817,0.0388706874099034,0.0081050761148235,0.0386445895590821,0.0074184423045996,0.0372582083350873,0.0036650720997439,-0.3038253195225618,0.5139489570737312
21CMA-DDR1-J011534+854358,01:15:33.92,+85:43:58.2,P,,,0.0591754489888572,0.0163717448013475,0.0579387782945182,0.0143278352453304,0.059272322545664,0.0157999485501732,0.0610286710890225,0.0148198801592527,0.1474019315226674,1.3854301631616548
21CMA-DDR1-J083202+881554,08:32:01.66,+88:15:53.9,P,0.291726790018465,0.0104154127734671,0.2223174089029999,0.007341360965015,0.2055854878670801,0.0050247412797303,0.1979414367516194,0.005644395547362,0.20130634882064,0.0045366267671135,-0.6992130132206552,0.0767640707393584
21CMA-DDR1-J103158+862209,10:31:57.53,+86:22:08.6,P,0.154146868563769,0.0153129824090473,0.10461135455677,0.0063715802165377,0.0962945984174989,0.0060086316993815,0.0871872424456474,0.0061295338618906,0.0769222562806674,0.0049309084946741,-1.2837139700434694,0.2075571908671274
21CMA-DDR1-J011803+855837,01:18:03.34,+85:58:37.0,P,0.6340113306155146,0.0283362653667653,0.4225858835394661,0.0138646101882646,0.4237986127274339,0.0148498629547291,0.4218803308537681,0.0134800398138269,0.4420459557429194,0.012119661097441,-0.5758144260205428,0.0934742235557438
21CMA-DDR1-J101745+865237,10:17:44.60,+86:52:36.6,P,,,0.0443516097686905,0.0119721295808436,0.0407604033197369,0.0107934297814958,0.0319451340300285,0.0084175406287876,0.0268073984473622,0.0039569217316183,-2.149709184436738,1.1263928281645204
21CMA-DDR1-J094421+873633,09:44:20.70,+87:36:33.2,P,0.0564434284719824,0.0114121365745955,0.0598406322813085,0.010135678848343,0.05271412183919,0.0041786570079066,0.0569465066588777,0.0047790418136702,0.0565733106092199,0.003004661052513,0.0642529644582312,0.3310320677187552
21CMA-DDR1-J105739+850045,10:57:39.23,+85:00:44.7,P,0.5437580108263823,0.034009067583744,0.3703428096509819,0.0264065777127628,0.2884913366211609,0.0326412211474826,0.1752810614453589,0.0343761591487482,0.2201758316216863,0.047669208257083,-1.790056534100933,0.2431463415887439
21CMA-DDR1-J051353+883858,05:13:52.50,+88:38:58.2,P,0.2390371195725728,0.0190621088617268,0.1984765767253607,0.0122452085847755,0.1821624843662776,0.0075378470123883,0.1686696121513613,0.0058518232966424,0.1732348202661444,0.0048678000336188,-0.591892015885488,0.142261263404508
21CMA-DDR1-J085402+880931,08:54:02.23,+88:09:31.1,P,,,,,0.019327174672398,0.006181986023347,0.0182173812345762,0.0054884243509716,0.0209257584687104,0.0040456373992523,0.6449967860561776,2.2711502473019736
21CMA-DDR1-J010812+853134,01:08:12.18,+85:31:33.5,P,0.0993926172346777,0.0176456409533788,0.088176014120963,0.0149557923333099,0.0968721638984896,0.0150085731131838,0.0967328058538752,0.0199798839207458,0.1192383603775618,0.0281955716996339,0.1521518086254036,0.4746167743264505
21CMA-DDR1-J063024+884128,06:30:23.91,+88:41:28.3,P,0.554769260892806,0.0140613303139845,0.3865669109309544,0.0090482778908829,0.3027624946830997,0.0068709516102939,0.3169447706590158,0.0074024330563757,0.276478323564748,0.0050838987932882,-1.320169256515793,0.0569965673528228
21CMA-DDR1-J010357+851746,01:03:57.00,+85:17:46.0,P,0.1699216926944851,0.0346855378887522,0.1370383489110352,0.0255546735181843,0.1249043314170413,0.0253663263381434,0.1231251631843064,0.0238294174415668,0.1463541738975601,0.031043750325128,-0.4627450955540079,0.5055661925387281
21CMA-DDR1-J010046+850757,01:00:45.58,+85:07:57.3,P,0.834780487015112,0.0395135926196743,0.5405026345943296,0.0356369696253991,0.4149501339735191,0.0314118099237977,0.3617106122083287,0.0347181569648798,0.3594945565345554,0.0428535360327887,-1.774902276656715,0.1631133914082592
21CMA-DDR1-J082623+882514,08:26:23.08,+88:25:14.2,P,0.2316158813799316,0.0107036105596726,0.1621793998256611,0.0063698165193794,0.1416274987625307,0.0047312826042635,0.1198149914110144,0.0043869641088045,0.1348193008733803,0.0031865044566336,-1.0333984865600607,0.0932264910149031
21CMA-DDR1-J103833+861948,10:38:33.49,+86:19:47.7,P,,,0.0418539649477651,0.0102783469051862,0.0422909676095412,0.0101514409514888,0.0369160077432316,0.0117047475593966,0.034026356983554,0.0063284921135013,-0.9263317717391653,1.1667389946298743
21CMA-DDR1-J021905+874637,02:19:05.14,+87:46:37.4,P,,,0.0734469415229162,0.0181407959608492,0.0702683906858696,0.011964308603639,0.0639518590445568,0.0126432303276094,0.0660893050167624,0.0096136159932192,-0.4347262773124085,1.0088659048985236
21CMA-DDR1-J011721+861047,01:17:20.91,+86:10:46.8,P,0.0774571665023501,0.0194022092713767,0.0896737928344953,0.0179363233735647,0.0859288359066769,0.0162899851370811,0.0837634691421228,0.0096472527963858,0.0805104162851212,0.0077754360172604,-0.041879399791581,0.4642101147264484
21CMA-DDR1-J101831+870413,10:18:30.78,+87:04:13.2,P,0.1334621812076301,0.0119501605644366,0.1027381617263119,0.0075499235031505,0.0992925657598031,0.0054895149144758,0.0939958984075231,0.0071382980264345,0.0852217402890276,0.0042733304879314,-0.8273534487288923,0.1851377428586841
21CMA-DDR1-J032915+882528,03:29:14.61,+88:25:27.6,P,0.0866193250369447,0.016577445237624,0.1126259225352244,0.0090474886606267,0.0942762509425041,0.0052325199827984,0.0974440564014853,0.0053044960146968,0.0962064362055598,0.003823454100155,-0.138000916225591,0.2504139594229539
21CMA-DDR1-J093853+875057,09:38:53.01,+87:50:56.6,P,0.0576740672116647,0.0131874534025682,0.077540864282445,0.0053786349350143,0.0707711742515612,0.0047410404896535,0.0657986499094671,0.004209269286374,0.0691100129442101,0.0030104661376413,-0.1956109196473779,0.2637735130432315
21CMA-DDR1-J105036+854951,10:50:35.92,+85:49:50.5,P,0.5000385544656278,0.0193151052344596,0.3134699552611052,0.0087153451638905,0.2961390843072957,0.0080032377823943,0.325584291146039,0.0117567823879912,0.3704150771973442,0.0131265546136394,-0.6400181173939506,0.0916986039921448
21CMA-DDR1-J064703+884407,06:47:02.52,+88:44:07.3,P,0.2080283452040905,0.0134389648498839,0.1435194264434944,0.0069250199848507,0.1334187702817313,0.0060159926175149,0.1233268331000362,0.0063010352773279,0.1154819903058021,0.0039555656679708,-1.0766015658861308,0.1302637142424153
21CMA-DDR1-J015558+872634,01:55:58.33,+87:26:34.4,P,0.0611420230693942,0.0182025448551902,0.0556195376785144,0.0134941908955676,0.0533409022151012,0.0102644185482996,0.0465358211233891,0.0089876750041258,0.0452926770777464,0.0075797681139699,-0.6413809854232023,0.6102539019557567
21CMA-DDR1-J022159+875217,02:21:58.68,+87:52:17.1,P,,,,,0.0512436019100244,0.0135332033747119,0.0465597467363136,0.0114341419308823,0.0447227574615406,0.0090727500894985,-0.8272787266251264,2.061254100281659
21CMA-DDR1-J081044+883257,08:10:44.01,+88:32:56.9,P,,,0.0370820732409719,0.0096555935197427,0.0333395962708188,0.0054426092462733,0.0308144884619131,0.0061432614329496,0.036713305381169,0.0043878547348769,0.2307583813807778,0.9435482912120364
21CMA-DDR1-J010130+852328,01:01:29.54,+85:23:28.3,P,0.1827593710768417,0.0259851531890827,0.1540434319402338,0.0156714930142214,0.1563080337688157,0.0176469387796037,0.1542523337157635,0.0179426484222287,0.2196637978721301,0.0302592909543685,0.1048973299231788,0.337789427446722
21CMA-DDR1-J051832+884532,05:18:31.98,+88:45:32.4,P,0.1162440859195972,0.0210711062663939,0.1460356521328525,0.0137667872979331,0.1298220946054532,0.007763198788143,0.1246202872282273,0.0069445896228822,0.1185531578909267,0.0060268073632642,-0.3377862308155122,0.2764299484527784
21CMA-DDR1-J095140+874230,09:51:39.58,+87:42:30.4,P,,,0.0364513018442184,0.0106208613766605,0.032678463690583,0.0071813452972702,0.0325296151475138,0.0065805569773539,0.0306363937548195,0.0043959240193236,-0.5905789295397942,1.1253010411524385
21CMA-DDR1-J110357+850049,11:03:57.34,+85:00:49.2,P,0.2204850277556474,0.0259268331962239,0.2228026404308429,0.0304974580222271,0.2165399205000357,0.0287247735320905,0.1703199648439763,0.0316565900772525,0.1865215891255486,0.0339757339791162,-0.3218801234693635,0.3412523402059549
21CMA-DDR1-J030953+882320,03:09:53.38,+88:23:20.2,P,0.3509060969865158,0.016056861016609,0.2756196850760772,0.0079099024741013,0.2495318084278396,0.0053317377374372,0.240014622927275,0.0053324950952302,0.2394161223607873,0.0038655876527346,-0.652972622068156,0.0790629047874358
21CMA-DDR1-J063415+884800,06:34:15.47,+88:48:00.0,P,0.0659218612156985,0.0190943602215865,0.0821613904417515,0.0103426591892515,0.0887034076170689,0.0111478562461463,0.0760303858262004,0.0123584643351793,0.0758383272684012,0.0085687673125861,-0.0337048606401247,0.4854320099884661
21CMA-DDR1-J105651+854004,10:56:50.70,+85:40:04.1,P,0.9750194410675328,0.0300752083450984,0.6223890496758485,0.0138522840921659,0.5856504444350747,0.0150985515117986,0.6239449406523325,0.0173400279145619,0.7746554014306603,0.0206940743622023,-0.5173722657240867,0.0720330438011621
21CMA-DDR1-J012529+864708,01:25:29.21,+86:47:08.1,P,0.1235254332318842,0.0203512464610135,0.145127544999491,0.0102552432179539,0.1399923318101151,0.0077619985153272,0.1224326609550942,0.007425886256345,0.1076495155103056,0.0043426916511478,-0.8484452522031111,0.2315264289073116
21CMA-DDR1-J025652+881858,02:56:51.89,+88:18:58.5,P,,,0.0425897064912609,0.0098381238552528,0.0377278677540745,0.008691787382453,0.0413683124166039,0.0081720281934943,0.0352441884344853,0.0032460474211542,-0.7188852307748267,0.8770799679243151
21CMA-DDR1-J062150+884901,06:21:50.48,+88:49:00.6,P,,,0.0426342927776846,0.0108955207751043,0.0362784653063626,0.0092244982515229,0.0338636605846782,0.0095164993650302,0.0303667613362691,0.0056387926860276,-1.2974262756666075,1.1921768575108642
21CMA-DDR1-J104224+862933,10:42:23.56,+86:29:33.4,P,0.0881246305958655,0.0141152619895087,0.0917446425359904,0.0072073519485272,0.0804709496098,0.0057972676059385,0.0739800682573471,0.0048626220962671,0.0646757860094027,0.0038214946254485,-0.8996013955643749,0.2672716942399205
21CMA-DDR1-J014024+871530,01:40:24.26,+87:15:30.2,P,0.0685111495285953,0.0192866041520053,0.0617203082266767,0.0152002754929589,0.0545856617437329,0.0120304170528715,0.0489233314148423,0.0097318335625288,0.0429329173788052,0.0070855008648631,-0.9547198718426948,0.5887327537487395
21CMA-DDR1-J050103+884832,05:01:02.64,+88:48:32.4,P,0.738340879362083,0.0166849920149979,0.6066701092303509,0.012282407351505,0.5685121081888521,0.0082302016550723,0.5321050138791124,0.0079991147445128,0.5113335757547678,0.006451713513445,-0.7056472275318698,0.0466024629230836
21CMA-DDR1-J011447+862353,01:14:46.52,+86:23:52.9,P,0.0752460997449871,0.0133229106135023,0.0877617242794928,0.0089618332498277,0.0853617575383562,0.0066914888913851,0.0745238465488168,0.0066701555068845,0.0765676821386703,0.0062746062433536,-0.2071625032718943,0.3271333045101613
21CMA-DDR1-J025659+882232,02:56:58.92,+88:22:31.5,P,0.090543878754959,0.0192866433291984,0.113557690705256,0.0096503771712539,0.1059181027533861,0.0074866287813888,0.1089977298094946,0.0074520271439984,0.1000331511813902,0.0037309720733883,-0.2246948815964889,0.2650779214418272
21CMA-DDR1-J015722+874127,01:57:21.98,+87:41:27.0,P,0.0772162821649856,0.0217329121488674,0.0816450769179327,0.0183323406515118,0.0771585073478404,0.0162509300780952,0.0712478942797695,0.0140493922069288,0.0742059781916004,0.0056032280694706,-0.1515347669103132,0.4829256252800867
21CMA-DDR1-J080417+884027,08:04:17.24,+88:40:27.2,P,,,0.0419804739987049,0.0090237238898457,0.0417263939475335,0.0053757973815583,0.0400902628977849,0.0051803003370323,0.0388713121272428,0.0031346379084454,-0.3713112737852344,0.7149447602480136
21CMA-DDR1-J015420+873902,01:54:19.92,+87:39:02.4,P,0.1051025679304693,0.0213433992761659,0.1237015917217016,0.0140981211477767,0.1165093805001512,0.0098673551730783,0.1155310375602759,0.0095366378903877,0.1120569663913234,0.0044228000462378,-0.1102236671155028,0.291560085798929
21CMA-DDR1-J014740+873148,01:47:40.11,+87:31:48.4,P,0.069169757693181,0.0148665898650717,0.0676984470466345,0.0151418099328701,0.073817820753019,0.0078024051831994,0.0532018491320802,0.0082805310244474,0.0607038426832265,0.0044070154776322,-0.4292085225869567,0.3902647476772248
21CMA-DDR1-J103929+864309,10:39:28.62,+86:43:09.5,P,,,0.0387305082394171,0.0111387100819028,0.0316491772839842,0.0078465266914322,0.0303507596169618,0.0085902291224374,0.0250609787112039,0.0056756486694765,-1.6188204095969765,1.3707672977471084
21CMA-DDR1-J110100+853310,11:00:59.60,+85:33:10.0,P,,,,,0.0669404055746978,0.0195918418720473,0.0689217839583083,0.0180852608163224,0.0764500259201672,0.0246882990695925,0.8004894769491996,2.707538780261846
21CMA-DDR1-J043648+884823,04:36:47.92,+88:48:22.7,P,0.0635334942024234,0.0175544653324676,0.0559482202111113,0.0155302007910338,0.051055353396183,0.0136717569175302,0.0452061378809019,0.0113235102942446,0.0491136366582905,0.0079819588132925,-0.5372159577007161,0.5878464526946076
21CMA-DDR1-J005941+854328,00:59:41.35,+85:43:27.9,P,0.0815142260188921,0.0241791558139642,0.0731220033758036,0.0145633007482885,0.0725961840079497,0.014076854613106,0.0785669593916565,0.0153141225089195,0.0958086318803714,0.0157748599396181,0.4033547064898881,0.5961056977908388
21CMA-DDR1-J012550+870333,01:25:49.85,+87:03:33.0,P,0.0759093380139317,0.0186172641982038,0.0901246175509154,0.0164536227134763,0.081725367425227,0.0090007107727219,0.0786403177999791,0.0072011135444599,0.0698104461968757,0.0051560380948748,-0.4447443320670816,0.4147163641960635
21CMA-DDR1-J021855+880903,02:18:54.81,+88:09:02.7,P,1.0668154069378903,0.0592310955693782,0.7025768474476521,0.0146339978487484,0.7224299366243321,0.0145357486189559,0.6704664669030714,0.0142440670829544,0.6956450364790822,0.0105948533938459,-0.4156603033592475,0.0785298800424153
21CMA-DDR1-J021735+880656,02:17:35.18,+88:06:56.1,P,,,,,0.0815224826717291,0.0169109908461241,0.097029820479692,0.0219691307654611,0.0808636342023198,0.0117483063152548,-0.211552823248342,1.562136844353934
21CMA-DDR1-J030038+883004,03:00:38.33,+88:30:04.5,P,0.0594449586054324,0.0144198633971404,0.0591836921573045,0.0127277364789619,0.0629423531966508,0.0054800781953551,0.0585712973330941,0.0061701474893562,0.0600612631771758,0.0036297869052385,-0.0567734606045657,0.3899024068271159
21CMA-DDR1-J081255+884343,08:12:55.27,+88:43:42.9,P,0.1167257976209349,0.0128207004753389,0.0947389521564325,0.0076928348112937,0.086324383264801,0.0054088508442817,0.0872224718512552,0.00512598796654,0.0859455218049434,0.0032574094648556,-0.4944612691888426,0.1947773555462705
21CMA-DDR1-J105345+861844,10:53:45.39,+86:18:44.3,P,0.3230995117722472,0.0130668585365216,0.2369619324719722,0.0073493624549845,0.229536340668829,0.0070774764094262,0.218196721727491,0.0071565941045713,0.2125500743676842,0.0069369478737806,-0.7795298482623351,0.0920512835943931
21CMA-DDR1-J063430+885838,06:34:29.85,+88:58:37.9,P,0.2988963648000111,0.0105274329624162,0.2205708299004066,0.006509973998677,0.2020625831505682,0.0064905224484872,0.1883828318928245,0.0051627904933222,0.1749528643721657,0.0038018893536478,-1.0090585246369903,0.0747612289307981
21CMA-DDR1-J102657+872228,10:26:57.16,+87:22:27.8,P,0.1113431843248201,0.0093554224285933,0.0844486173193869,0.0058925959036405,0.0766214606795356,0.0049269619909222,0.0732665549699444,0.0047760096903541,0.0696489677282929,0.0043944467817786,-0.895394046832712,0.1878042062668881
21CMA-DDR1-J010527+862138,01:05:26.97,+86:21:38.3,P,,,0.0498342761100177,0.0153760090258489,0.0474342530022261,0.0095363691198811,0.0519830224336992,0.0125404273603018,0.0437751422449759,0.0072987561305964,-0.4677591549752009,1.2038144829422328
21CMA-DDR1-J021104+880806,02:11:03.67,+88:08:05.7,P,0.3507289599297231,0.044264315423834,0.2856674586398424,0.0131771728600633,0.2813046002972297,0.0116082662381804,0.2708581798099874,0.0120916986192351,0.2894727115754547,0.0097178047236693,-0.1367715768415241,0.1744598067016757
21CMA-DDR1-J025652+883245,02:56:52.10,+88:32:44.8,P,,,,,0.0248316607696228,0.0075510283806786,0.0272303346771827,0.007370331774253,0.0248832675195102,0.0046534968285242,-0.1301867765145452,2.168046826629421
21CMA-DDR1-J110105+860415,11:01:04.60,+86:04:15.2,P,0.0603137345791212,0.0132041164464176,0.0573677693726041,0.0116001378183598,0.047607392888203,0.0063959801834035,0.0563837511182205,0.0108294233885388,0.0592404240545371,0.0058993920904224,0.0642122204417634,0.4301149655575502
21CMA-DDR1-J012353+871321,01:23:52.95,+87:13:21.5,P,,,,,0.0380766255757465,0.0096539938928475,0.0379661196294235,0.0078359473365313,0.0305807476060151,0.0052381296438995,-1.5326506263503057,1.8699512411681536
21CMA-DDR1-J075549+885224,07:55:48.65,+88:52:24.2,P,0.0459074161664492,0.0101913304449079,0.0694054933606764,0.0057614171870003,0.067434885511454,0.0059021324674978,0.056084993479894,0.0031817699570262,0.0554976618874431,0.0029043287520949,-0.4500556776658049,0.2985286634510686
21CMA-DDR1-J105426+862943,10:54:25.77,+86:29:42.8,P,0.0720504857232939,0.015275820163027,0.0883037199223391,0.0049948710155166,0.0977791632659999,0.0048247186817065,0.1064996326935614,0.0056067271434993,0.1017237665008645,0.004985765465816,0.6262404753982638,0.2474064560748578
21CMA-DDR1-J092911+882602,09:29:11.15,+88:26:02.0,P,0.1932944423617152,0.0127945322929462,0.1540027995445373,0.0084883238498169,0.1441012168688572,0.0056389040530074,0.1333900693563743,0.0059840978441512,0.1379599510000302,0.004386227746974,-0.6230764301390803,0.1303578376654144
21CMA-DDR1-J011611+870441,01:16:10.53,+87:04:41.3,P,0.0801135471897378,0.0185464447003791,0.1100601119502188,0.0183334022092162,0.0967623351802393,0.0061281213200803,0.1016063496607791,0.0068449984333161,0.0907591301656965,0.0036872015581368,-0.1951475998195405,0.3158745810544606
21CMA-DDR1-J111342+851208,11:13:42.19,+85:12:08.3,P,0.2122675052114565,0.0193626001111806,0.1935937401456485,0.0125276314149383,0.1710141209710046,0.0119941517590409,0.1598800474191998,0.0242365815793669,0.2079855731786665,0.0319477026578565,-0.4035703169952808,0.2622152309991301
21CMA-DDR1-J105039+864636,10:50:39.38,+86:46:36.0,P,,,,,0.0244431273593465,0.0072005101491116,0.0198377354031604,0.005356917293694,0.0156497559827178,0.0046835672108033,-2.7748216257017853,2.6174346955114167
21CMA-DDR1-J004801+852718,00:48:00.72,+85:27:18.4,P,0.1756704213217786,0.0253471881980227,0.1786119284251155,0.0143415518467167,0.1666058249816054,0.0103460396965594,0.1596821119172733,0.0155677778433495,0.2047497466054139,0.0190848929204329,0.1537245530952441,0.2978389684231267
21CMA-DDR1-J053232+890309,05:32:31.64,+89:03:09.3,P,,,,,0.0272342481145823,0.0082830286266704,0.0237899876218532,0.0075253628067726,0.0229336871647056,0.0045739676309545,-1.020578499099922,2.2314895383045203
21CMA-DDR1-J102754+873641,10:27:53.90,+87:36:41.2,P,0.1962536645722965,0.0107993354094681,0.1445405236985166,0.0059341938603477,0.1294561051905644,0.0057653976686883,0.1275791353665476,0.0065280569391681,0.1260340072269676,0.0041320113513967,-0.8101461848548932,0.1155011066183266
21CMA-DDR1-J055903+890450,05:59:02.61,+89:04:49.8,P,0.2198805746988765,0.0085789054593561,0.2049326105531845,0.0076182850284672,0.1970236179937772,0.0057630343697543,0.182914750717753,0.0048362923852969,0.1678571166144864,0.0033691985319789,-0.553149077096492,0.0792449901024817
21CMA-DDR1-J093339+882901,09:33:38.77,+88:29:01.4,P,0.0549090772133263,0.0150366622112335,0.0725689475967096,0.0082491829956391,0.0709380558781339,0.005895838317178,0.0694780186305638,0.0056020018012187,0.0708010977296343,0.0044805679785471,0.148498715306627,0.3712056874675165
21CMA-DDR1-J101724+875609,10:17:24.16,+87:56:08.8,P,1.4242758621353406,0.0340443829967508,1.0158299333410603,0.0143344635216161,0.9485561881457304,0.0118397634741731,0.9034261709424748,0.0139570745130416,0.9094538875125396,0.0099109946125073,-0.7450641374743319,0.0445709445441909
21CMA-DDR1-J094136+882504,09:41:35.89,+88:25:04.1,P,0.1325755799471122,0.0171996141492027,0.0842344420419537,0.0087495698072156,0.0757145764524742,0.0052191772361668,0.0692265910405992,0.0041283649340462,0.0737713316750846,0.0035853611216575,-0.963005855184745,0.2363208682294016
21CMA-DDR1-J105435+864934,10:54:34.99,+86:49:33.5,P,0.076166240114599,0.0118766992256834,0.097421927727127,0.0113581993871594,0.0802051252727289,0.0092702311748065,0.072083133901583,0.0087237964206253,0.0682567257651624,0.0082249582129265,-0.367462211430062,0.3492646624595973
21CMA-DDR1-J025456+884241,02:54:56.20,+88:42:40.9,P,,,0.0292870114806894,0.0079357489391574,0.0311003364180191,0.00644340198949,0.0332929134384761,0.0066167824727471,0.0298592727235744,0.0036673184167035,-0.0561916182480917,1.018572922522378
21CMA-DDR1-J110942+855656,11:09:41.67,+85:56:56.4,P,0.2187060551135979,0.0141719836243843,0.1443017280871875,0.0078894903096623,0.1325597451179219,0.00867743289216,0.1431759074732624,0.0082704909782316,0.1562842981967533,0.0084027536945101,-0.6581675617877,0.1504173451918833
21CMA-DDR1-J084108+885122,08:41:08.44,+88:51:21.5,P,,,0.0380141438661186,0.009414374626432,0.0338411142903982,0.0075419175786577,0.0308113364644781,0.0057454229689483,0.0333247735539075,0.0044797933527191,-0.4150774557220409,1.0191285042236122
21CMA-DDR1-J111905+850916,11:19:05.04,+85:09:16.3,P,0.6005361090546105,0.0222461379768481,0.4024206337513223,0.0197597117162179,0.3333057946195885,0.0195004318953459,0.279017994877316,0.0383797696517094,0.305743461828491,0.046507553345191,-1.5414684296295575,0.1479982108497639
21CMA-DDR1-J010830+870508,01:08:29.55,+87:05:07.7,P,,,0.0848634817679758,0.0223915606647913,0.0486898204935513,0.0137381482106266,0.0487384015598973,0.0097423416468936,0.0397819487983116,0.0043963666627065,-2.613455150102876,1.024653246030332
21CMA-DDR1-J104012+872935,10:40:12.02,+87:29:35.3,P,0.1287589656071156,0.0105215223312362,0.073185328350696,0.0062826882527572,0.0668226192998822,0.0059307498752526,0.0619123678640872,0.0052917400287242,0.0618530866697163,0.0041628308063897,-1.4180741695720698,0.1925892632217926
21CMA-DDR1-J005157+861136,00:51:57.28,+86:11:36.1,P,0.0817668392079833,0.020167040553654,0.081401815394438,0.019180715978576,0.0769225143842745,0.0167067309277968,0.0758548848948639,0.0149489097374369,0.0667708981067835,0.009035861163175,-0.4137298093235949,0.5118475188532643
21CMA-DDR1-J023415+883840,02:34:14.75,+88:38:40.2,P,,,0.0294395503723972,0.0085905528426722,0.0292259063341297,0.0066351601658805,0.0278561568322576,0.0085348391939018,0.0297584909834218,0.0046402113039636,0.0602869305910486,1.168418829592957
21CMA-DDR1-J005212+861556,00:52:12.23,+86:15:56.5,P,,,0.0647457744700928,0.0188409114384051,0.0682484575704705,0.0173960051816072,0.0680793886329716,0.0200844050440595,0.0569161854980145,0.0111079640450573,-0.6200290817421387,1.2968412234109228
21CMA-DDR1-J034644+885922,03:46:43.63,+88:59:22.3,P,0.0319529276937533,0.0090914888382186,0.0329432946703335,0.0081044859815865,0.0314186122038259,0.0073355524178485,0.0305792493239837,0.0076130941263466,0.0270822095038435,0.005807196394507,-0.3048274707851406,0.642923949801491
21CMA-DDR1-J100847+881429,10:08:46.87,+88:14:29.2,P,0.3605695766286746,0.0110642969753904,0.2665685977493333,0.0089067737180573,0.2442319208997453,0.0058666229069038,0.2377429500222622,0.0048647486238584,0.2382382463046296,0.0044365629643521,-0.7778498717071091,0.0654005645383861
21CMA-DDR1-J005227+862739,00:52:26.55,+86:27:39.5,P,,,0.0438324594494121,0.0111063154149327,0.043438622209165,0.0098530733382274,0.0400608409134204,0.0107997551336342,0.0405399780449,0.0081460166952703,-0.3627138687133567,1.2171550221426493
21CMA-DDR1-J100419+882030,10:04:18.83,+88:20:30.4,P,,,,,0.0257126573309924,0.0075858531659222,0.0214769576303315,0.0056322306574761,0.0215852060734928,0.0040739303940862,-0.9601505327844834,2.1348023179218987
21CMA-DDR1-J005535+864643,00:55:34.94,+86:46:43.1,P,0.3406801271637742,0.0152851096431252,0.2302613782366681,0.0120887817850056,0.228307574786489,0.0087676282630798,0.2003490843312503,0.0101151351953309,0.1916663936436804,0.0072610636610615,-1.0943999519030696,0.1070488439433584
21CMA-DDR1-J103926+874245,10:39:26.39,+87:42:44.8,P,,,0.04620039938799,0.0106092822752506,0.0378859397222507,0.0076573371642282,0.032288811041033,0.0077979332045909,0.035098297031517,0.004307307906666,-0.92508545958445,0.9367896245314736
21CMA-DDR1-J003820+852313,00:38:20.30,+85:23:13.4,P,0.1665534254331487,0.027428664260828,0.1416028381584612,0.0268458437427819,0.1322165622648004,0.0149108009126619,0.133790293469978,0.0216843561074799,0.1312959458965269,0.0230326099893323,-0.4875742855879573,0.4109457531051869
21CMA-DDR1-J003846+853454,00:38:45.68,+85:34:54.5,P,0.5060980629480101,0.023039454559559,0.3286514841604321,0.0162920221970992,0.2885684830563476,0.0142465634254603,0.2672141098681717,0.0126748870366953,0.3504178431957455,0.0192289662504412,-1.0492209050386008,0.1183473740394397
21CMA-DDR1-J111527+860520,11:15:26.75,+86:05:19.8,P,0.0938320559432691,0.0174989576304716,0.1129668863476979,0.0137814537834843,0.0678691843500586,0.0118923874073719,0.0604071450907774,0.0087225764311171,0.0656708961781662,0.0081220152067819,-1.1041264185521849,0.3971691293441882
21CMA-DDR1-J112135+852832,11:21:35.03,+85:28:31.8,P,0.2725742877191204,0.0156297570906792,0.1546285933634385,0.0127279674324148,0.1411999718565111,0.0103858707669757,0.095525378076156,0.0106001766747958,0.1565182639281833,0.0269354991513395,-1.852104483600581,0.1956172920657849
21CMA-DDR1-J031524+890057,03:15:24.07,+89:00:56.8,P,0.0363823755429775,0.0107628860635227,,,0.0366458614928347,0.0107241967267444,0.0339067913683531,0.0095647508450485,0.0236293227565827,0.0044858244908128,-0.7563014763365161,0.662714397466412
21CMA-DDR1-J023417+884907,02:34:16.58,+88:49:06.6,P,,,,,0.025244780692194,0.00819122986782,0.0260265853784807,0.0060079894662043,0.0251889259284031,0.004866631320151,-0.0839133911168082,2.26209478708283
21CMA-DDR1-J072049+891250,07:20:48.81,+89:12:50.0,P,0.0363739077475838,0.0107782475644532,0.0322719025611146,0.0060684029775156,0.031368151340627,0.0074380407844288,0.0269305508418376,0.0058447692389573,0.0217602837898121,0.0039351976169622,-1.0314545764980714,0.6122532618304304
21CMA-DDR1-J011040+873819,01:10:40.24,+87:38:18.7,P,5.190047481787526,0.0875353659768542,3.680831257260703,0.0640187485312386,3.5626393019055382,0.0759322756722728,3.400432138575739,0.0440590569293093,3.261912950422176,0.0542336522887239,-0.8860967832008261,0.0404449177548606
21CMA-DDR1-J021706+884257,02:17:06.34,+88:42:57.2,P,0.0483531947715706,0.0140774129383882,,,0.0416311926352249,0.0102082787772417,0.0401866805837786,0.0095254174699518,0.0387921080947142,0.0065418014386053,-0.4207701850324241,0.6346898670581886
21CMA-DDR1-J004148+860131,00:41:47.68,+86:01:30.7,P,,,,,0.0457817385848334,0.0124894446876641,0.0475966825403903,0.0143670441989014,0.0482971174033631,0.0112121877671144,0.3292541420696959,2.2298387931186414
21CMA-DDR1-J095438+883728,09:54:37.98,+88:37:27.7,P,0.0954505101808057,0.0097910731651576,0.0682126872143143,0.0059639259735169,0.0684546207985697,0.0042180104388162,0.0661570337404225,0.0036689324092573,0.0631261860136526,0.0022792977648706,-0.6794192195993073,0.1864076417325319
21CMA-DDR1-J105331+872948,10:53:31.33,+87:29:48.1,P,,,0.0321192470111465,0.008470653632545,0.0320415987327658,0.0080645811340794,0.0268890809649134,0.0062421333458538,0.0217763357664623,0.0028800012503061,-1.776655523620841,1.0646048467633615
21CMA-DDR1-J020529+883918,02:05:29.36,+88:39:17.7,P,0.0655521213541923,0.0150436550329259,0.0677561891604413,0.0132941093773728,0.0612645101315297,0.0063079125270905,0.0697032099465486,0.0084740101693141,0.0628072715418728,0.0045472133574273,-0.0629216438309447,0.3996472884805491
21CMA-DDR1-J091537+885522,09:15:37.01,+88:55:22.1,P,,,0.0352840300526318,0.0088329428984002,0.0361068762339119,0.008565733993943,0.0369532896958938,0.0078948427634627,0.0310270588427481,0.002929858148959,-0.6949327150580943,0.928806507977036
21CMA-DDR1-J112059+855219,11:20:58.78,+85:52:19.0,P,0.0562171521084289,0.0133822566656601,0.062648892779093,0.0135971357577668,0.0611638205050965,0.0118991336633372,0.0569426527956629,0.0113634855878533,0.0613182254341232,0.0124647275729734,0.0917232116052916,0.5548761639669914
21CMA-DDR1-J004522+863334,00:45:21.89,+86:33:34.0,P,0.6383268100571711,0.0182475900323033,0.4523590306003068,0.0124145028825757,0.4373989057867217,0.0101752943765864,0.4073186077368808,0.0087937524394814,0.3692397899880689,0.0078068008355618,-1.004167637151088,0.0639536324342286
21CMA-DDR1-J111528+862941,11:15:27.53,+86:29:41.1,P,0.3044666809646933,0.014098177243023,0.2238896320535839,0.0083677881398593,0.2125168993577828,0.0072156260203756,0.21216855276061,0.0068966678493106,0.2023772984642916,0.0058201514008626,-0.718255088151835,0.0977467607229505
21CMA-DDR1-J003303+851623,00:33:03.06,+85:16:23.3,P,0.2275698022315249,0.0200105634748407,0.1746139856160906,0.0127897197411306,0.1566393603545232,0.0108544662660485,0.1583313604428011,0.029991784734263,0.1874673263774183,0.0310294391273125,-0.7729532891027404,0.2632328558848484
21CMA-DDR1-J032513+890824,03:25:13.21,+89:08:23.8,P,0.0390588658512599,0.0102018328534507,0.0492223296878548,0.0117370017627302,0.0469629130829583,0.0086369910157711,0.0452911555544831,0.0076992789981215,0.0347199190624266,0.0049040760377394,-0.3226393831951091,0.534830404769885
21CMA-DDR1-J042758+891551,04:27:57.96,+89:15:50.7,P,,,0.0413688260597847,0.0122199789058199,0.0331817867377505,0.0081337900833107,0.0281031087339905,0.0062248226441269,0.0232192631533624,0.0043061403034822,-2.270134116298944,1.2707088534810138
21CMA-DDR1-J112626+852422,11:26:25.95,+85:24:22.3,P,0.0834932599546307,0.0236164077606148,0.0848685761102871,0.0202539954378169,,,,,0.079158055239515,0.020763252519004,-0.1042922578001816,0.7370470690806044
21CMA-DDR1-J004559+864346,00:45:58.95,+86:43:46.1,P,,,0.0448236876755207,0.013799253840301,0.0515309226710713,0.0112025318376343,0.0420869124965726,0.0081345836549071,0.0384883137946959,0.0067064259484197,-1.039604599832297,1.2399302334844329
21CMA-DDR1-J093952+885346,09:39:52.01,+88:53:45.5,P,0.4756139602209465,0.0144314024061887,0.3442438119167837,0.0079159248580238,0.3334998368907495,0.0063863865078968,0.302464941537819,0.0059841314117408,0.2850928593842822,0.0041914133906668,-0.939580607330286,0.0593720243997102
21CMA-DDR1-J111451+864828,11:14:50.70,+86:48:28.3,P,0.1601389718294511,0.0131888688003971,0.123246549032265,0.0072513748132869,0.1117523243943198,0.0061625769507518,0.1086786060559893,0.0056521452046209,0.094157674437966,0.0051720760944992,-0.9677266485145546,0.1743785661547643
21CMA-DDR1-J112809+852631,11:28:08.74,+85:26:31.2,P,0.1054524339113419,0.0211932704095116,0.1120838273972514,0.0197533190026038,0.0852685129011,0.0106374009560473,0.0775364328077382,0.0158309817522952,0.0971116340892551,0.0201045165378408,-0.4598760535394791,0.4958233179796712
21CMA-DDR1-J103625+881349,10:36:25.00,+88:13:49.2,P,,,,,0.023618571581717,0.006881672465691,0.0203353407212444,0.0058192952319734,0.0205288079430859,0.0053415089972203,-0.8522514665120442,2.4342103477943806
21CMA-DDR1-J005330+872052,00:53:30.18,+87:20:52.0,P,0.057419099242035,0.0141063529337773,0.0853685388462422,0.0100188825440071,0.0860178784535419,0.0081513237644571,0.0799962313046449,0.0074553065422645,0.0673885486027793,0.0044127233656603,-0.3772156642625973,0.3669562664913067
21CMA-DDR1-J104756+875938,10:47:55.84,+87:59:38.3,P,,,,,0.0259862563392874,0.0080930665594414,0.0252609376881989,0.0071606921568699,0.0241233848284174,0.0046472617343242,-0.479561061404143,2.2270640199766327
21CMA-DDR1-J011420+880625,01:14:20.47,+88:06:24.6,P,0.3107983912326116,0.0137133333162864,0.2291923350415971,0.0071793691318561,0.2149502323686221,0.0069504663656155,0.2144613098606403,0.0067581357642585,0.2103018196277862,0.0056041719641383,-0.6817681285920898,0.0916324935325455
21CMA-DDR1-J081606+891644,08:16:05.65,+89:16:43.8,P,0.0333675303766261,0.0103032851496781,0.0438350607037122,0.004750291556371,0.0387400198337751,0.0042950864784152,0.0371004911474594,0.0065267175146497,0.0325352647440392,0.0021724308782121,-0.7532822433504857,0.3958175748668815
21CMA-DDR1-J093326+890001,09:33:26.41,+89:00:00.8,P,,,0.0489845076654857,0.008899336524319,0.0473121441243048,0.005862574893756,0.0488552900580606,0.0083004783998919,0.041008572988385,0.0028721992523742,-0.8075805850052642,0.6315605238387991
21CMA-DDR1-J111432+865907,11:14:32.10,+86:59:07.4,P,0.058298792216095,0.0138251007033903,0.073273051122003,0.0076772761994771,0.0783073280259214,0.0062626842405672,0.0817556741727942,0.0065361259502596,0.0817803707213265,0.004965953099369,0.5175202229500897,0.3402968215655738
21CMA-DDR1-J023048+890309,02:30:47.91,+89:03:08.5,P,0.193072032715094,0.0086275914704471,0.1273033623327872,0.0079162299786739,0.1145752249793973,0.0042500332691866,0.1088530549081773,0.0062959815290097,0.0946660478477785,0.0037774979345454,-1.3472432873266544,0.1093100289548036
21CMA-DDR1-J051107+892436,05:11:07.37,+89:24:36.3,P,,,0.0247430170937053,0.0072389670442727,,,0.0235916790934699,0.005038107019448,0.0227568261991434,0.0047466775438944,-0.330757382148536,1.428539529886347
21CMA-DDR1-J111706+865332,11:17:05.95,+86:53:31.7,P,,,,,0.0355935860630125,0.0107022241505731,0.0365434147105086,0.0101816656101722,0.0324071519682659,0.0077212090318911,-0.6420154991010445,2.3787894530500906
21CMA-DDR1-J002904+853200,00:29:04.08,+85:31:59.9,P,0.0973397896821079,0.0236910074729573,0.0911817595879687,0.0182806327941447,0.0939775325132198,0.0171820561802766,0.0846413113731662,0.0164063193536283,0.1045052450935519,0.0193655835324212,0.0353787665198883,0.5467437510762716
21CMA-DDR1-J004547+871219,00:45:46.81,+87:12:19.2,P,0.0614750217312051,0.0156447552052894,0.0691784460963333,0.0139139923050161,0.0589296174761389,0.0093678841154889,0.0540661695686519,0.0060780402924045,0.0426809407345064,0.0056621797374241,-0.8471323616146537,0.5023364530724365
21CMA-DDR1-J061640+892654,06:16:39.81,+89:26:54.5,P,0.4551407923030757,0.0105072762331855,0.3489943554584309,0.0082415123908638,0.3488415201341908,0.0086013694361352,0.327576382977496,0.0066844054164192,0.2626665980284288,0.0048396240908928,-0.9545150286993652,0.0533285120349387
21CMA-DDR1-J112009+865315,11:20:09.25,+86:53:14.6,P,0.2139173169655367,0.0147487376559688,0.1477904246348253,0.0099417633424298,0.1455154091258941,0.0086958175558081,0.1328993163318896,0.0079008243688736,0.1234903533616766,0.0065136934431459,-1.0186434624737408,0.1569966432595941
21CMA-DDR1-J113357+851757,11:33:57.03,+85:17:56.6,P,0.2001948819420266,0.0179299706360277,0.1340266879174375,0.0146750104105129,0.1136235708156041,0.0124112388373176,0.1094205798084001,0.016638483977256,0.1326602533284284,0.0247056379846425,-1.2305293314483563,0.2807675017282304
21CMA-DDR1-J002853+855002,00:28:53.18,+85:50:02.2,P,,,0.0684332614629384,0.0168307744351502,0.0679908549217231,0.0167075996197013,0.0547245019241605,0.0131745580094891,0.0625998077411994,0.0135636106131484,-0.5430960354067162,1.24248563742079
21CMA-DDR1-J092127+891129,09:21:26.63,+89:11:29.5,P,0.0334473972893452,0.0101117190517963,0.0437818152364326,0.0059492685079901,0.0347032023555845,0.0035063751166254,0.040497258984255,0.0029687282849938,0.035535417720671,0.0018905583085451,-0.2587739426692877,0.3902029807972114
21CMA-DDR1-J103437+883444,10:34:37.19,+88:34:44.3,P,0.0467546871120472,0.0114843719432747,0.056554177845312,0.0071670492523788,0.0454793992852398,0.0044432221855221,0.0430577220989811,0.0060772649777954,0.0408286682049294,0.0033968445092125,-0.646327636541783,0.4044825055091597
21CMA-DDR1-J003050+860910,00:30:49.73,+86:09:09.9,P,,,,,0.0463931261995393,0.011812931550169,0.037758227529535,0.0116897104719762,0.0367747900645114,0.0107920508656444,-1.5031258926737678,2.4119181974043262
21CMA-DDR1-J010138+880503,01:01:37.78,+88:05:02.9,P,,,0.044467014780243,0.0124933386680699,0.0439982415661915,0.0117473539376844,0.041884092069211,0.0096419499963545,0.033896708741065,0.0066573653195392,-1.132272501465751,1.2809773216165403
21CMA-DDR1-J063945+892852,06:39:45.12,+89:28:52.2,P,0.076052068449433,0.0141864273473287,0.0406832378104558,0.0116743976922684,0.0418429155680035,0.0110997229275818,0.0339758274767987,0.0102594552201689,0.0352055366139372,0.0084430546426544,-1.5758720053053032,0.5217361189707271
21CMA-DDR1-J104311+882842,10:43:11.00,+88:28:42.1,P,0.3334585935646133,0.0103019758984068,0.2593915126478106,0.0079818580614464,0.240614204405712,0.0045562174312134,0.2239811674592811,0.0045241466206224,0.2288742868420508,0.0037192802456839,-0.7090986067185467,0.0631162617374271
21CMA-DDR1-J023440+891718,02:34:39.67,+89:17:18.0,P,0.4352889694814074,0.0175699453513339,0.3589939424981457,0.0119813742380288,0.3354883468421383,0.0110064482479865,0.331212435547147,0.013036516009885,0.288792802073372,0.0068038307586477,-0.7715765329901783,0.0848883755428535
21CMA-DDR1-J024846+891636,02:48:46.45,+89:16:36.3,P,0.1257801491364442,0.0219780692597103,0.1317379717493511,0.0112304902409549,0.1349920871360031,0.0111736111630704,0.134624118564877,0.0125440932453092,0.1140871867530953,0.0059891625002834,-0.3790795626514567,0.2751060297308662
21CMA-DDR1-J100616+885723,10:06:15.99,+88:57:23.2,P,,,0.0510636325698154,0.0124569138419409,0.0540651369591079,0.007328473184338,0.0499263015670341,0.009887978538378,0.043668764142649,0.0065103334407187,-0.8903554887160701,0.9794043635731536
21CMA-DDR1-J102452+884617,10:24:51.55,+88:46:16.5,P,0.0374157580081188,0.0095609498192209,0.0500822683034869,0.0100014284455926,0.0428912216767223,0.0080793616425111,0.0401200478444037,0.0083343927843685,0.0411439121804087,0.0035174111652972,-0.0532001061791526,0.4574469302222606
21CMA-DDR1-J010405+882314,01:04:04.87,+88:23:14.3,P,0.5508585572801835,0.011094013790322,0.5114032217283685,0.0126046033257712,0.4926133542249553,0.0119110379032948,0.4574313656163091,0.0073326441852672,0.2523663307470636,0.0050076589946562,-1.0506975247039625,0.0486389876506474
21CMA-DDR1-J005816+882210,00:58:16.36,+88:22:09.7,P,,,0.0804857481490548,0.0163511561076864,0.0896465189441038,0.012560652048459,0.0788281035295134,0.0074424733530664,0.082836353219016,0.0062377235049843,-0.0884745372154588,0.6961045372651727
21CMA-DDR1-J100231+890201,10:02:30.83,+89:02:01.2,P,,,,,0.0298206182581158,0.0084019369995931,0.02974016184692,0.0079074733928288,0.0264468259872338,0.0054521222932177,-0.8081247004734677,2.154432567488169
21CMA-DDR1-J110159+880640,11:01:58.56,+88:06:39.7,P,,,,,0.0237295221667857,0.0053880605833163,0.0209451462329031,0.0055579792795905,0.0191130420593848,0.0037855635120519,-1.3457005878256167,1.8770331772957185
21CMA-DDR1-J111128+875506,11:11:28.38,+87:55:06.3,P,,,0.0601962528508724,0.0116410255230249,0.0455151081648181,0.0055957910888718,0.0469900148160146,0.0081782918334728,0.0445755939184273,0.0036510266626515,-0.7294935064487612,0.6820517569654565
21CMA-DDR1-J010224+882537,01:02:24.25,+88:25:36.5,P,,,0.0643226841587863,0.0169577769965,0.0617244131714507,0.0169007092999045,0.059940842799282,0.0077886138030445,0.0595628962378142,0.0058341232502135,-0.2652868707499248,0.977688630467914
21CMA-DDR1-J005150+880634,00:51:49.74,+88:06:33.8,P,0.0713735957780316,0.0166780297658326,0.0802960629008827,0.0106438090866385,0.0880170605829251,0.0073681133335399,0.0727226848264734,0.0053431900630901,0.0790584184954047,0.0052619999550537,-0.0829859065010835,0.3662854971829236
21CMA-DDR1-J004547+875450,00:45:47.24,+87:54:49.9,P,,,0.0571071417872967,0.0135738661512905,0.0508026274059052,0.0104852551146747,0.0536759627620141,0.0102151126860619,0.0508101444062987,0.0042778125933616,-0.3339324554254852,0.8525515882148585
21CMA-DDR1-J112849+865838,11:28:48.90,+86:58:38.2,P,0.3644511503956094,0.0102734130650612,0.2853766518722547,0.0080096530445316,0.2617357264935638,0.0073821955812317,0.2455347457166323,0.0067600340079176,0.2166684669846259,0.0052237197471901,-0.966962348317852,0.0667312479148865
21CMA-DDR1-J015256+890922,01:52:55.97,+89:09:22.3,P,0.0778843056251311,0.0163369104357137,0.0888946302341182,0.0159000002404356,0.0961256716903629,0.0063252011343293,0.0876334671537375,0.0057184721407313,0.0777512841979576,0.0034533113471394,-0.5127269743467403,0.3151527631860591
21CMA-DDR1-J005054+881435,00:50:54.20,+88:14:35.5,P,0.2838149521557823,0.0109358072717795,0.2063553316615389,0.0093045668068442,0.1856478903981926,0.0065609770615954,0.1776190056363873,0.0063686762393155,0.1778808163712311,0.0041490020207184,-0.8825618655942181,0.0832292184964506
21CMA-DDR1-J091855+892401,09:18:55.33,+89:24:00.7,P,0.0400512605967635,0.0094685964885539,0.0476442663249565,0.0048890246691996,0.0557302092087381,0.0045202061815368,0.0477500959081197,0.0037017790752288,0.042000768777929,0.0023563489331509,-0.4368493322812685,0.3302002914323982
21CMA-DDR1-J010808+884047,01:08:07.89,+88:40:46.8,P,,,,,0.0249123801095615,0.0067745934694665,0.023433275479236,0.0055998011539943,0.0248390049640393,0.0041614060113966,0.0767632702125228,1.9391272276765903
21CMA-DDR1-J110351+882258,11:03:51.49,+88:22:58.1,P,,,,,0.0166799345622173,0.0047681033233393,0.0184571153490311,0.0050223958278139,0.016913330648343,0.0045616871292263,0.0794017712581272,2.4509536998875348
21CMA-DDR1-J013055+890105,01:30:55.04,+89:01:04.6,P,,,0.0342978513829198,0.0084897399496278,0.0270065245854998,0.0070146622045334,0.0317912108512579,0.0081510021175352,0.0235538767195512,0.0046507283838605,-1.2561498807481115,1.204351800890477
21CMA-DDR1-J113812+860439,11:38:11.65,+86:04:39.3,P,0.0570407985325076,0.0137163862681454,0.0507755811683449,0.0092425046708623,0.0436447304693117,0.0074689320618465,0.0376887159249227,0.008120399561621,0.0426822387814668,0.0082633805629881,-0.7071573422861168,0.5508030287407916
21CMA-DDR1-J004457+881016,00:44:57.45,+88:10:15.8,P,,,,,0.0341560099016115,0.0088030499487048,0.0395225708019924,0.007255479856236,0.0487421786656774,0.0046370420734604,2.34622598860495,1.541868800398824
21CMA-DDR1-J050623+893850,05:06:23.10,+89:38:50.3,P,0.185881435139487,0.0108588532410967,0.1711131955679049,0.0117556823475543,0.0969914560160864,0.0056556938413498,0.1040774973542598,0.005992671443299,0.0893974821505998,0.0035860261031353,-1.4778042674562597,0.1308341033646745
21CMA-DDR1-J052529+893843,05:25:29.31,+89:38:42.9,P,,,,,0.0683266334311372,0.0053246838227937,0.0600508156598117,0.0055103234256781,0.0469762114682524,0.003164655807729,-2.357200405316366,0.6416025684151
21CMA-DDR1-J002649+870515,00:26:48.70,+87:05:14.9,P,0.0444488390121646,0.0121202606762489,0.0570639951891827,0.0110032933747462,0.0582944685637937,0.0099540782909242,0.0594490850761841,0.0099375776263117,0.0561634998353464,0.0045725674985905,0.2660231287301273,0.4655486954172219
21CMA-DDR1-J003826+875700,00:38:25.66,+87:56:59.9,P,,,,,0.050041607634038,0.0145066494429442,0.0490526340271412,0.0124232423158397,0.0389116736459429,0.0066398715597202,-1.7595153328239184,2.032501536723945
21CMA-DDR1-J092643+892847,09:26:42.65,+89:28:46.8,P,0.0494858906006475,0.0106258747031204,0.0647529968813174,0.004587850269814,0.0697063015660662,0.0029218061757144,0.0666756702740576,0.0030944227162346,0.0618665429115443,0.0020496658949569,-0.2055733748539944,0.2263958826628972
21CMA-DDR1-J073012+893928,07:30:11.62,+89:39:28.3,P,0.0442738223472715,0.0072737481906184,0.0532531688264157,0.0090485178243702,0.0562208069223538,0.004656884812391,0.0621087086909874,0.0045314120444987,0.053218105155561,0.0028705240950844,0.2375212274749421,0.2963069327807011
21CMA-DDR1-J105523+884956,10:55:22.59,+88:49:56.1,P,0.0575407527098035,0.0181978179982655,0.0667547597350448,0.0160208681294305,0.0650152706028805,0.0131530059443295,0.0517379669762519,0.0108005081503951,0.0578592516207972,0.0054787674384878,-0.1889868876861208,0.5467851362794361
21CMA-DDR1-J113610+870155,11:36:09.56,+87:01:55.2,P,0.2501306346026719,0.0112019485239391,0.1926659496968995,0.0074845607428851,0.1798985832484323,0.0067710618459136,0.173787562535244,0.0068177628296211,0.1554653533531443,0.0047112909323131,-0.8785132927741415,0.0982383319101484
21CMA-DDR1-J002735+873112,00:27:35.46,+87:31:11.6,P,1.0424288799454655,0.0206499726409493,0.8006984288966535,0.0130745158212648,0.7817382819691463,0.0106753994735968,0.7373236663113419,0.0095017588617845,0.6913157780086179,0.0080334732400364,-0.7473232199039871,0.0411081008189214
21CMA-DDR1-J114454+851833,11:44:54.37,+85:18:32.8,P,0.2724697877466516,0.016619610110487,0.2014832371311776,0.012891793972741,0.1728233513337549,0.0116544797734784,0.1545124229847641,0.0114989818460427,0.1532708713388116,0.0126597507716755,-1.1864426951031046,0.1661527961172289
21CMA-DDR1-J001452+852712,00:14:52.11,+85:27:12.2,P,0.757911677255325,0.0182130461646967,0.4805180443223381,0.0151027425772746,0.4342448448505174,0.0155850207985211,0.4087663830267486,0.0136835496855162,0.457900761598688,0.0175243836337312,-1.2152742651415471,0.0700688907071377
21CMA-DDR1-J001324+851319,00:13:23.96,+85:13:18.7,P,0.1453655579453037,0.0263526784188815,0.1712661542268637,0.0283518621205328,0.1464152949205709,0.0150184486027887,0.1244611026275674,0.0247716926032168,0.1335543701491688,0.022956641609399,-0.2594708618985247,0.440910350182667
21CMA-DDR1-J001751+862714,00:17:51.29,+86:27:14.1,P,0.3033140808475986,0.0135111986355265,0.1839688447731771,0.0078584948150523,0.1876253549725701,0.0068921501190591,0.1927637672025444,0.0094761373748101,0.1755679876539169,0.0067487808129153,-0.984194479114468,0.1063637879129671
21CMA-DDR1-J105716+885850,10:57:15.52,+88:58:50.2,P,0.8966218225902404,0.0217859547261803,1.0334297201684923,0.0171916434381305,1.060913019582591,0.0142114776036285,1.0847191296522716,0.0175962942710846,1.0762888530620027,0.0133315536746904,0.3147934892824308,0.0477433110419214
21CMA-DDR1-J113305+873701,11:33:05.15,+87:37:01.2,P,0.0983537310637997,0.0257984716507294,0.1203641869042814,0.0226560183873245,0.1119897874007347,0.0089216741949172,0.1036285100658987,0.01441623872324,0.0959517765550677,0.0056033531374443,-0.483313704399184,0.3899016778021192
21CMA-DDR1-J041756+894219,04:17:56.37,+89:42:19.2,P,,,,,0.0470796693881962,0.0073927091324929,0.0450097986960125,0.0079749885860902,0.0405491273114491,0.0029112361986523,-0.979819184680388,1.0367302442084154
21CMA-DDR1-J003538+882116,00:35:38.07,+88:21:15.5,P,0.0482731171448935,0.0146115437780021,0.0568099705374248,0.0102335746965878,0.0543734742372753,0.0049870462220013,0.0537856064545012,0.0059415698494759,0.0580197478212459,0.0042647713374626,0.2874084623401172,0.4493884547122
21CMA-DDR1-J113703+872806,11:37:02.79,+87:28:05.7,P,0.9232478400100556,0.0190300249056601,0.694167950435565,0.0124883121140993,0.6627732246607954,0.0112845567036461,0.6039355551524698,0.0094818879049636,0.5751146652015484,0.0079348740821301,-0.8954815943115102,0.0447791239964462
21CMA-DDR1-J005039+884940,00:50:38.57,+88:49:40.2,P,,,0.0313486304726685,0.009704724539433,0.0320560877365346,0.0078810801094019,0.0286095192168993,0.0064647589641811,0.028082052356764,0.0048280039898876,-0.5657001975961332,1.2616821455360625
21CMA-DDR1-J010721+890915,01:07:20.83,+89:09:14.9,P,0.056356857697074,0.0128331535621065,0.0763921936374826,0.012782249429612,0.0858176603886841,0.0067346285935491,0.0803411232080062,0.0058547612127478,0.0698229861943711,0.0031779268450046,-0.2368988356439462,0.3365588878345267
21CMA-DDR1-J001240+854309,00:12:39.56,+85:43:09.1,P,2.799946901300184,0.054315319273733,1.8570173423727427,0.0434617227492157,1.735438783954972,0.0387441607968194,1.9201124211731144,0.0320773774323226,2.249545700861169,0.0487999873341487,-0.6143278825470276,0.0485146585103843
21CMA-DDR1-J003209+881310,00:32:08.94,+88:13:10.4,P,,,,,0.0288915176084609,0.0072623746940225,0.0278363638545309,0.0074295629176293,0.0222237766311989,0.0054337037920656,-1.6317945900584945,2.186917997738393
21CMA-DDR1-J113011+880626,11:30:10.78,+88:06:26.0,P,0.0514696564618285,0.0126166618039386,0.0580893098447847,0.0107120979776073,0.0577762576454545,0.0037980646011402,0.0554431154636547,0.0038224904435116,0.0553315808567766,0.0036213761704871,-0.0492046809338034,0.3797864970481736
21CMA-DDR1-J004914+885234,00:49:13.83,+88:52:33.9,P,,,0.0400251813289044,0.0104028696634445,0.0379625572658463,0.0090104459007338,0.0354105772621522,0.0075208110617746,0.0295713282037356,0.0053615171835363,-1.2383750093663108,1.1794459267230477
21CMA-DDR1-J031100+894247,03:11:00.42,+89:42:47.3,P,0.0470240323327353,0.0133377361847001,0.0455231917427817,0.0093228560879787,0.0532099780776719,0.0107792531685251,0.0513040623726397,0.0060558359932021,0.0426955170503927,0.0028404318967088,-0.3431811451508595,0.4652893345561139
21CMA-DDR1-J001447+864002,00:14:46.66,+86:40:02.3,P,,,,,0.0424146929583294,0.008605171024116,0.0434438831713945,0.0081657075808645,0.0315364535152905,0.004831417623811,-2.012170053347826,1.5717950671963037
21CMA-DDR1-J002215+875355,00:22:14.52,+87:53:54.7,P,,,0.058858004585653,0.011395187960064,0.0637077990367108,0.0071506015175205,0.0489254965394115,0.0048354657672089,0.0510113651959108,0.0034884922837368,-0.91502358797183,0.6243074061135326
21CMA-DDR1-J092114+894044,09:21:13.87,+89:40:44.4,P,,,0.025004985533318,0.0080056343763532,0.0281709099302417,0.0061865247947962,0.0300148139899133,0.0056853189704148,0.024994933277554,0.003652689753976,-0.3065370108446777,1.1803274933018606
21CMA-DDR1-J003029+883335,00:30:28.70,+88:33:34.7,P,0.0365604580078906,0.0097372708215124,0.0452822250294056,0.0109383250456305,0.0445362181456742,0.0096211024507911,0.0382617965953292,0.0079081808684687,0.0371133531418561,0.0061705609255544,-0.0807860378407091,0.5697125494082856
21CMA-DDR1-J111118+890619,11:11:17.90,+89:06:19.0,P,,,0.045599160092089,0.013530351667289,0.051214287869871,0.011788936291148,0.0461230628719411,0.0101671149890135,0.040251228386876,0.0078058223571205,-0.753163484096096,1.286060831621528
21CMA-DDR1-J011620+892844,01:16:19.93,+89:28:44.0,P,2.995360727721514,0.1245293815925161,3.622232197476396,0.0877446541201678,3.9469025275952303,0.101731979399376,4.1638066588289,0.1109250672041246,3.701265068149876,0.0602770770742129,0.31448504765805,0.0739588512116668
21CMA-DDR1-J000827+851221,00:08:27.30,+85:12:20.6,P,0.1214614823827502,0.0282365034116502,0.1564314775106317,0.0307801271326566,0.1440320395428261,0.0186492388139326,0.1195505511133819,0.0290233499176221,0.1092110304134393,0.0265616240373083,-0.1258148182864688,0.5748363379882782
21CMA-DDR1-J105130+892639,10:51:30.10,+89:26:39.3,P,0.0393621253564932,0.010149260483117,0.0550763000861238,0.004110214515105,0.049544456839107,0.00326117350272,0.0508764312047982,0.0027145015492174,0.0423503960603389,0.0020265801211074,-0.647830026194311,0.2864835650860232
21CMA-DDR1-J115027+855241,11:50:27.28,+85:52:41.0,P,0.05796928043129,0.0133556372957137,0.0499077837711133,0.0124404938279929,0.053022829636418,0.0101975737303135,0.0501075274021968,0.0097833171654593,0.0490904902348918,0.010960673186861,-0.2951745159035948,0.5559925975125096
21CMA-DDR1-J001748+880323,00:17:47.90,+88:03:23.3,P,0.0505833208596418,0.0103225984151587,0.0624671883265871,0.0107073807289044,0.0632439492542244,0.0059857106968032,0.0538754911170203,0.0047823267425512,0.0606774837592783,0.0042219284262464,0.146392726582485,0.3623663188900008
21CMA-DDR1-J110416+892134,11:04:15.83,+89:21:34.3,P,0.0455735463665112,0.0107946691714266,0.0747609203619513,0.0046259805657835,0.0666875035779399,0.0039805764085258,0.0627067712746451,0.003331820921577,0.0573812761783386,0.0020663812051208,-0.6894177826495292,0.2368522981458897
21CMA-DDR1-J000741+852126,00:07:40.90,+85:21:26.0,P,0.1057861632368021,0.0206548831487607,0.0941910302020218,0.0178822371502309,0.0789692393137163,0.0141915941735163,0.0907957274685689,0.0183537492761458,0.0745808112176096,0.0193901416867667,-0.5707471559730137,0.5153036257214029
21CMA-DDR1-J095157+894157,09:51:57.14,+89:41:56.7,P,,,,,0.0287472716897549,0.0069191603801725,0.025026579038754,0.005793742438694,0.0211454420288657,0.003713258064277,-1.935966587218474,1.838789452440247
21CMA-DDR1-J114633+873317,11:46:32.88,+87:33:16.7,P,0.3253133164856567,0.0324501547932668,0.2129181553821611,0.0166299243056362,0.1884931856726736,0.010005692068271,0.1737949140517768,0.0105539687064712,0.1581895033403902,0.0071974204157356,-1.3249998308708528,0.1918400808727773
21CMA-DDR1-J000626+854219,00:06:25.55,+85:42:19.2,P,0.8437069121457564,0.0315223577660141,0.6460395001336492,0.0299295494507641,0.6022763315204414,0.0203821127834613,0.6673617350352337,0.020867888574713,0.7580635512684185,0.0250259688775088,-0.2951024246840728,0.0884992249354333
21CMA-DDR1-J114617+875500,11:46:16.59,+87:55:00.3,P,0.2616065989989114,0.0213511731503467,0.1823225444946469,0.0097559444170916,0.167547950985824,0.0069148101802901,0.1485912915387429,0.0063466533076497,0.1481351883452313,0.0051087087553341,-1.039824022291859,0.1499065038226971
21CMA-DDR1-J115253+860654,11:52:53.01,+86:06:54.0,P,0.2038635316077897,0.0101284045342253,0.1332208555096953,0.0099481487874423,0.1299981772716507,0.007950550193331,0.118996669704324,0.0073408664936322,0.132468018670881,0.0070140626017545,-0.9451783243271488,0.12802178891258
21CMA-DDR1-J114839+874212,11:48:38.73,+87:42:12.4,P,1.785967543393563,0.0450577184469404,1.2689840984163876,0.0234786826929098,1.1851495001299497,0.0164538714200372,1.081657967447217,0.0182225578387687,1.0382965011858842,0.0141834310634916,-1.0034994694690973,0.0507707012460963
21CMA-DDR1-J114406+882448,11:44:06.13,+88:24:48.2,P,,,0.0393262396719783,0.0091724214406219,0.0378261550857139,0.0055337082130881,0.0347497033035517,0.0041034628149868,0.0378604272711897,0.0041798369785635,-0.1009368400070915,0.8553626304462233
21CMA-DDR1-J003220+891641,00:32:19.80,+89:16:40.5,P,0.1272499777905112,0.0221881635414624,0.1656919596045315,0.0119095877791038,0.1525261825633667,0.0099969127980543,0.1351745362956491,0.0083595205439131,0.1165270158921195,0.0045106688625436,-0.9179620493972472,0.2369516975372567
21CMA-DDR1-J001222+881311,00:12:21.91,+88:13:11.3,P,0.1593733600522937,0.0097267520167717,0.1223641845116272,0.0058194915323616,0.1122838960657124,0.0045310319849101,0.1024431584735075,0.0042907497671122,0.1047287249692985,0.0036532797421875,-0.8108271098523603,0.1255214562127745
21CMA-DDR1-J004334+892923,00:43:34.13,+89:29:22.9,P,1.204339127566661,0.0906738301175007,1.0441062227886748,0.0692700592732877,1.0998408012609806,0.0631722658047409,1.0012080737841558,0.0639321785086136,0.8371199693229497,0.0368488420559601,-0.6832620831282735,0.1584024865891765
21CMA-DDR1-J000515+854916,00:05:15.23,+85:49:15.8,P,0.0932602198828967,0.0210305015456507,0.1156570344701145,0.031509313490192,0.1096288543585297,0.0262367911988903,0.0975796976108947,0.0208567519229916,0.1165280580853159,0.0188504051721239,0.3233706391102287,0.5106748432163648
21CMA-DDR1-J001556+883918,00:15:56.21,+88:39:17.6,P,,,0.0321027111548006,0.0078480316653901,0.0350664995582399,0.0063650195275342,0.0306487962707837,0.0068745613165092,0.0261127138910731,0.004761515047087,-1.0610618703275505,1.120400074956298
21CMA-DDR1-J115022+881231,11:50:21.93,+88:12:31.2,P,0.8049325898677497,0.0193704414672452,0.375303491268072,0.0139616926695016,0.6013894446398923,0.0106497312905298,0.5226644948399392,0.0083227591521229,0.5413956902129617,0.0056872934513465,-0.6324702772995167,0.0482166732665461
21CMA-DDR1-J115311+870239,11:53:10.75,+87:02:38.6,P,0.0726660287850061,0.0120668044887162,0.087585784752787,0.0065830647646331,0.0784062538746367,0.0041892676895593,0.0755012159067293,0.0049581837890223,0.0698190770143082,0.0032957347542133,-0.4704139038501649,0.247697142845886
21CMA-DDR1-J114013+890915,11:40:13.39,+89:09:15.1,P,0.2604163776211179,0.0127693832366272,0.1939854456168245,0.0070751928125027,0.1918046255217745,0.0086511488380279,0.1817973064756205,0.005524497649429,0.1637588345646156,0.0043396286953186,-0.8207550491986605,0.0986437254937199
21CMA-DDR1-J000922+883036,00:09:22.42,+88:30:35.8,P,,,0.0360377374546583,0.0097440814511332,0.0268699234922016,0.0069775137638437,0.0300004274579799,0.0084812874623455,0.0239147763491449,0.004220626782925,-1.3921915201598976,1.203011999245859
21CMA-DDR1-J115610+872828,11:56:09.73,+87:28:27.5,P,,,,,0.0409709133031912,0.0115178986436346,0.0353281735170773,0.00879919196048,0.0309968446790063,0.0059899797662002,-1.735908236774703,2.0925791416705293
21CMA-DDR1-J000158+860941,00:01:57.68,+86:09:41.4,P,,,0.0445230297457402,0.0138998905246921,,,0.045573859567451,0.0136066749722502,0.0398774922846756,0.0095866409651498,-0.4062078566159433,1.563664076635691
21CMA-DDR1-J001152+893525,00:11:51.97,+89:35:24.8,P,0.2439770189610945,0.0190304991397201,0.1781964009782725,0.023129548141779,0.1414356379133286,0.0214400847950823,0.1380591828207132,0.0164575827465509,0.1266834467338337,0.0102982433934848,-1.270251806972318,0.2040220498396525
21CMA-DDR1-J115925+853231,11:59:24.90,+85:32:30.8,P,0.5966896936143753,0.0408459601698828,0.4621830509048972,0.0251021740871117,0.3747394829690521,0.025411752209994,0.3982641965721226,0.0262031387107405,0.430895330953758,0.0294856744389183,-0.7562449306944409,0.1677500654303825
21CMA-DDR1-J000003+871312,00:00:02.54,+87:13:12.5,P,0.4291212499197138,0.0158388341571422,0.3419780731313759,0.0120268750858989,0.3393323445709532,0.0105282514206795,0.3227630543804917,0.0078838044634447,0.2934687096789385,0.0062799598245541,-0.690471573992415,0.0772278084476255
21CMA-DDR1-J000226+885900,00:02:26.40,+88:59:00.1,P,,,,,0.0353105897772802,0.009852197596958,0.0301022209765709,0.0070743146653988,0.0268503962350413,0.0050038825926024,-1.6832211869820033,2.0501938281741285
21CMA-DDR1-J115953+850137,11:59:52.75,+85:01:37.2,P,0.2956256361436305,0.0221603675943688,0.2003693335838836,0.0174210543976166,0.1588471423640417,0.0139927087787553,0.1369458877248862,0.0248710323210486,0.132827591214585,0.0227954525404152,-1.6264338954115427,0.2480290541351422
21CMA-DDR1-J120047+880819,12:00:47.25,+88:08:19.5,P,,,0.0730429501957671,0.0087905511466816,0.060098974677618,0.0061372767106386,0.0588268436387084,0.0047583723157974,0.0614897795952114,0.0033782403152434,-0.4088921257628028,0.4621578067940454
21CMA-DDR1-J233408+894641,23:34:07.58,+89:46:40.6,P,,,0.0414123679256922,0.0113716063066003,0.0481370938040449,0.0109621396796506,0.0443213420173141,0.0101785987970078,0.0437344258099796,0.0053139455644047,-0.0465350261694083,1.0400868654009496
21CMA-DDR1-J120359+882220,12:03:59.38,+88:22:19.6,P,0.1283832074771225,0.0126045616951998,0.0823339940829413,0.0060705814373855,0.0782475686847859,0.0048250853076612,0.0784944800833193,0.0048458772619206,0.0773695961051569,0.0030663371778792,-0.7718795495324394,0.1824571437524515
21CMA-DDR1-J120127+870944,12:01:27.24,+87:09:43.5,P,,,0.0296387345942394,0.0082298426118809,0.0306381539629194,0.007757294447283,0.0225332012781703,0.0052757227991304,0.0174753739338601,0.0039402604279276,-2.339615179770707,1.3409492093853912
21CMA-DDR1-J121619+893524,12:16:18.61,+89:35:23.8,P,0.0329026418206849,0.0076625000125621,0.054176306040173,0.0039731193731249,0.0508250888075738,0.0029826495275554,0.0523092084726269,0.0027315040345268,0.0430158489004674,0.0020567640616808,-0.4182043492383007,0.2753979122687512
21CMA-DDR1-J120207+852235,12:02:07.02,+85:22:34.5,P,0.7606757764518175,0.0414069842121544,0.4450389309163129,0.0193949769235483,0.4242511006478792,0.0220391501977942,0.4053745397750205,0.0253798413297651,0.4126944738952684,0.0435530961110168,-1.3869278713693978,0.1554212917093605
21CMA-DDR1-J121427+885003,12:14:27.26,+88:50:03.1,P,0.2419493376111825,0.0105555746056345,0.1648884551857626,0.0056395614614665,0.152786061530571,0.004639692706239,0.1399297751932463,0.0042118765892917,0.1359641505047906,0.0029447986414395,-1.0481943359752173,0.0864029248688215
21CMA-DDR1-J120917+884747,12:09:16.52,+88:47:47.0,P,0.1848589358404716,0.0104925432153195,0.1364267672270682,0.0056959661060745,0.1304240433048952,0.0047410604066957,0.1278710107664075,0.0046434635293259,0.1194926044708507,0.0030672854831568,-0.7511944845818898,0.1086002768975599
21CMA-DDR1-J235639+870009,23:56:38.67,+87:00:08.9,P,,,,,0.0355083692379742,0.0097481983515189,0.0312104266769534,0.0078841770642113,0.0252362051341355,0.0058709575256067,-2.1551305369532927,2.2383941412468653
21CMA-DDR1-J235222+883656,23:52:22.33,+88:36:55.9,P,,,0.0381282331727868,0.0117660506848778,0.0281879412936841,0.0088265019617454,,,0.0213837976166538,0.0062579081830995,-2.2270297116657454,1.6640445928696637
21CMA-DDR1-J120332+853435,12:03:31.83,+85:34:35.3,P,1.0354991556901438,0.0325074841376637,0.7806112409835883,0.0210048008698145,0.6875671166355143,0.0219603616673304,0.6962506834222725,0.0226377863578968,0.8020289607244623,0.0270662013913636,-0.6582050503425423,0.0791172277709987
21CMA-DDR1-J235340+870759,23:53:40.02,+87:07:59.1,P,0.0491899867042704,0.0148738295903277,0.0659129546632166,0.0154099299716238,0.0723628856382349,0.0131916288355769,0.0723901340506818,0.010251640146696,0.0645509809717138,0.0039529033613678,0.1877135364558786,0.4844900027259487
21CMA-DDR1-J121053+881629,12:10:52.79,+88:16:29.1,P,,,0.0627970050771891,0.0121460591984432,0.0574394363017194,0.0053037448712319,0.0504071685859104,0.008549965638407,0.0629032970968079,0.003702341944611,0.3748307728345225,0.5582806152632395
21CMA-DDR1-J235407+864453,23:54:07.19,+86:44:52.9,P,,,,,0.04224887680711,0.0120286334613182,0.0421910979266671,0.0095640202890826,0.0333597883465492,0.0070157163533459,-1.6201901391499502,2.180169862539108
21CMA-DDR1-J234702+880342,23:47:01.70,+88:03:42.0,P,0.0423151893783497,0.0109382321762843,0.0454168057814348,0.01037680744269,0.0445718673904335,0.0053686349336386,0.0454845799203625,0.0052504011679194,0.046356788433715,0.003301239577794,0.1716329755429756,0.438137340268151
21CMA-DDR1-J121146+875058,12:11:46.15,+87:50:57.8,P,,,0.0562768148351743,0.0116426503883803,0.0518106074501467,0.0099773626078122,0.0458628959199861,0.005491495565741,0.0462187926946399,0.0034299189441761,-0.6969951382868186,0.749720026059255
21CMA-DDR1-J124732+892603,12:47:32.20,+89:26:02.9,P,0.0275469038933174,0.0071808277566646,0.0327783572927439,0.0073550955105277,0.0268223633063246,0.00543464313777,0.0287572982851403,0.004880053255686,0.0213749570948494,0.0019418980836855,-0.7408747823882788,0.4774411595886653
21CMA-DDR1-J233847+882836,23:38:47.42,+88:28:36.5,P,0.3714592217709145,0.0098263064122835,0.2822774909373079,0.0077185317526573,0.2506881140817252,0.0052470978958636,0.2328693359706375,0.0048276680473151,0.2267502246357445,0.0030545773732497,-0.9384541082977488,0.0540514051250305
21CMA-DDR1-J123131+890207,12:31:30.93,+89:02:07.0,P,0.0334400816278392,0.0102646889385127,0.0373268156731538,0.0088566085499302,0.0367770070497341,0.0040717483021735,0.0312336031383052,0.0064835610575092,0.0294598865413058,0.0029614896093352,-0.5803064353122844,0.5274270990912299
21CMA-DDR1-J235015+863017,23:50:14.78,+86:30:16.7,P,0.090770198610325,0.0192058702031427,0.0716508797889745,0.0068426681488168,0.0692753248095238,0.0085292258400237,0.0670771116547174,0.0081948170841523,0.0601059189877124,0.0050771287016221,-0.7291116886145573,0.3610208750589873
21CMA-DDR1-J213538+894254,21:35:37.70,+89:42:54.4,P,0.1753147573455289,0.0122312691928331,0.1714650593338726,0.010818053651115,0.0936629333072694,0.0055475893077676,0.088953374221182,0.0071103554146271,0.0729244856129848,0.0025821370012939,-1.917081875593652,0.1419715806002236
21CMA-DDR1-J212248+894107,21:22:48.07,+89:41:07.4,P,,,,,0.0683523294284158,0.0056831031458381,0.066918523332581,0.0067621097445703,0.0527448498749961,0.0025915187007276,-1.7339117624569684,0.5911817697154257
21CMA-DDR1-J122536+881140,12:25:35.74,+88:11:40.1,P,,,0.0797067021782591,0.0216182326461693,0.0758975124581242,0.0091305452780589,0.0620440982961027,0.0086476817708201,0.0779658863250385,0.0063101292465168,0.1543799301663806,0.7554445086008744
21CMA-DDR1-J122050+881121,12:20:49.73,+88:11:20.6,P,,,0.0563655049117965,0.0207089029016167,0.0606780621178897,0.0113732781855307,0.0540999190668778,0.0119357632757023,0.0574823653107229,0.0058194746880386,-0.1179818932958164,1.0511595281613642
21CMA-DDR1-J235039+854751,23:50:39.34,+85:47:51.3,P,,,0.0436154806464327,0.0120428781028058,0.0372093792747807,0.0106590437654325,,,0.0483864285521478,0.0110197254105992,0.607767283009595,1.3822160915185062
21CMA-DDR1-J120908+855010,12:09:07.85,+85:50:10.4,P,0.0562560717121177,0.0127736731178975,0.0474838180895815,0.0109301915134384,,,,,0.0491741088496858,0.0137836892739197,-0.2926652971129078,0.6814181587003203
21CMA-DDR1-J121328+865755,12:13:27.59,+86:57:54.6,P,0.0345008505988623,0.0099717673674632,0.0381669848794103,0.0089721427052801,0.0356470504390859,0.0075308908482752,0.0355962167826221,0.0070817889116299,0.0314906657787476,0.0041639495260256,-0.2730500857246158,0.562077683086997
21CMA-DDR1-J234747+863146,23:47:47.38,+86:31:46.2,P,,,0.0423020427940653,0.0089200579715029,0.0388926486212089,0.0100108296469029,0.0419996749291894,0.0113862087707299,0.0362578961684281,0.0058624986127743,-0.5521804332984508,1.0210063405316148
21CMA-DDR1-J234719+862244,23:47:18.74,+86:22:44.5,P,0.055142720704549,0.0143110737539408,0.0500698787827785,0.0104998266278761,0.0496092831181339,0.0101333931557134,0.0531641679949821,0.0094775525799184,0.0437235250879257,0.0054186660932725,-0.4103111350884124,0.5104809473394045
21CMA-DDR1-J234408+865639,23:44:08.13,+86:56:39.5,P,0.2405745102787291,0.0110527458489895,0.1901198838272585,0.0096066407954388,0.1855062464000944,0.0067541104020039,0.1843400767197238,0.0072089170150379,0.1559405639780158,0.0054461399797403,-0.7554560081638148,0.1047652882181577
21CMA-DDR1-J122905+882225,12:29:05.44,+88:22:24.8,P,,,0.0387154600229552,0.0096275232957792,0.0367459333999049,0.0052953885923815,0.0361763892632458,0.0049805036250151,0.0352309128265951,0.0030235572219335,-0.3203083753482869,0.795839874218971
21CMA-DDR1-J124225+884941,12:42:24.69,+88:49:40.5,P,0.0490727969551401,0.0109128985178784,0.0555308125662959,0.0088492851140691,0.0532883608432679,0.0028777232814354,0.0524550130184146,0.0042724331244684,0.0446053633410347,0.0019818312079302,-0.6571803166881028,0.3074314016752114
21CMA-DDR1-J121716+871059,12:17:15.87,+87:10:58.6,P,0.0874778637860437,0.0112367565919912,0.1018256844916733,0.006556102913651,0.0834368256772803,0.0046842873940637,0.0840741447163685,0.0048334827039968,0.0743881305801144,0.0033497669348923,-0.6378682563157109,0.2123092183720149
21CMA-DDR1-J231025+885721,23:10:24.61,+88:57:21.1,P,0.2119978531655199,0.0100150734363475,0.1670518207189184,0.0078831206416469,0.1562368786606979,0.0063872770859318,0.1502799936280144,0.0051430605104476,0.1489494672462721,0.003898417827317,-0.657344083816292,0.0983061886186041
21CMA-DDR1-J124509+885542,12:45:08.70,+88:55:42.1,P,,,,,0.0266207047741501,0.0065390127129203,0.0212990522171512,0.0064582104821527,0.0201354194746711,0.0034368632373608,-1.6823772634317664,1.8479239528575373
21CMA-DDR1-J233821+873042,23:38:20.99,+87:30:41.5,P,0.1652661130173467,0.0100141062905329,0.1341949401786007,0.0060111182658159,0.1276474828275742,0.0061213650694865,0.116736667760714,0.005368297109557,0.1060348996736542,0.0035322394169899,-0.8561219468097054,0.1232426785548677
21CMA-DDR1-J125555+885926,12:55:55.09,+88:59:26.0,P,0.311971522558448,0.0119833803126048,0.2362632622747849,0.0083693341325703,0.2261905628269723,0.0075044927601469,0.2167266942710161,0.0071562646629916,0.2036813798854302,0.0045028284550055,-0.7812587465083242,0.0807263475800748
21CMA-DDR1-J222419+892316,22:24:18.89,+89:23:16.2,P,,,0.0482375414111569,0.0110081239793817,0.0487513199830204,0.0106284472857202,0.051719477797879,0.0092985790651241,0.0476669123866339,0.0055487478077613,-0.0791129249513195,0.9265606726789718
21CMA-DDR1-J133050+892233,13:30:49.60,+89:22:32.8,P,,,0.0222570719338421,0.0060382311338169,0.0253418289797686,0.0060349474005743,0.0219465906344052,0.0038630791585992,0.0185159160027708,0.003165796718948,-1.009766908978064,1.1757926898310112
21CMA-DDR1-J174314+894511,17:43:14.14,+89:45:10.6,P,0.0249097922390613,0.0080185838800495,0.0252288455722344,0.0044934252111193,0.0309710184311502,0.006171367833745,0.0287489125623305,0.0063780169135962,0.022299042420657,0.003322615982736,-0.2397497632800034,0.5995564637627554
21CMA-DDR1-J232544+881428,23:25:44.34,+88:14:27.6,P,0.0548102726068534,0.0140539564913962,0.0469334055909457,0.0085971017367385,0.0442776338005358,0.0045009713081954,0.0380992268497131,0.0069375060803984,0.0409921359490631,0.0035084466068593,-0.5610153312945874,0.441887705831633
21CMA-DDR1-J231153+884639,23:11:53.22,+88:46:38.8,P,,,0.0397350561280893,0.0117731735980759,0.039455830934652,0.0093633772562874,0.0297968817282444,0.0096467208027284,0.0302414965094807,0.0056641432520543,-1.2862121752362297,1.2757125941632563
21CMA-DDR1-J234118+865217,23:41:18.11,+86:52:17.2,P,,,0.0452149603060726,0.0126962496905991,0.040361543307222,0.011471724260834,0.0355017749424192,0.0112099914370034,0.0336873348998586,0.0089396858930845,-1.1992776114641583,1.4714109192332276
21CMA-DDR1-J123341+881209,12:33:40.62,+88:12:09.1,P,0.5581646777332562,0.0202364942899339,0.4518220877581292,0.013034988073758,0.411444722092444,0.0079019845361875,0.3867247351992959,0.0090736939277322,0.391813680112668,0.0062873271868047,-0.6529374853245605,0.0693307171485354
21CMA-DDR1-J124323+881340,12:43:23.09,+88:13:40.5,P,0.0912118686683977,0.0258831920131023,,,0.1178788408299332,0.008854497623937,0.1058044595862431,0.0091554446811582,0.1088272764745032,0.0063928966343666,-0.0422111572571685,0.4297101147291647
21CMA-DDR1-J123845+881252,12:38:44.92,+88:12:51.7,P,,,,,0.0420259299577849,0.0104112438392782,0.0479932473958941,0.0102478310886873,0.0523122937958626,0.0067871493684306,1.3274817225256843,1.6680826823070902
21CMA-DDR1-J121700+862316,12:16:59.99,+86:23:16.5,P,0.0645957829198377,0.0163950811765103,0.0724056871281985,0.0163229256419963,0.0583213443135025,0.0063867464823722,0.0574789366297352,0.0139970777143264,0.0570611146247575,0.0052752681287905,-0.3298191966597564,0.4617890811624319
21CMA-DDR1-J221643+891858,22:16:43.15,+89:18:58.2,P,0.5844214051869588,0.0194116225074771,0.4283016761689331,0.0108482436754235,0.3993094092312559,0.0095572788982588,0.3947366806201687,0.0091653084749796,0.3427811768904562,0.0060474759768319,-0.9593508858918146,0.0668897542385687
21CMA-DDR1-J220625+891953,22:06:24.74,+89:19:52.8,P,,,0.1242169405290393,0.0138950641956688,0.1241194302509183,0.0119898249233945,0.116014573305537,0.0108744194985781,0.0992485954526952,0.0068067458762209,-1.0040431321486427,0.4793935950244991
21CMA-DDR1-J233552+870807,23:35:51.94,+87:08:07.5,P,0.3526157984433189,0.0131307666560759,0.2795585594040272,0.0092346239011918,0.2760699324032964,0.0089503578494284,0.2581374404294679,0.0074004217085675,0.2223031634934324,0.0055393231483368,-0.8346588339929624,0.0810077531911342
21CMA-DDR1-J234206+854916,23:42:06.24,+85:49:16.2,P,0.1839670564006322,0.0127246367509293,0.1281017929992174,0.0095556244478771,0.1197815395945165,0.0069703432094114,0.1287304826487016,0.0087899618857414,0.1602678514870394,0.0120795390422264,-0.5116442627648539,0.1739326467362493
21CMA-DDR1-J234048+860601,23:40:48.31,+86:06:01.3,P,,,,,0.0407857991060829,0.0090933508736702,0.0344008944335689,0.0106155924578669,0.0424211775342445,0.0095022183859265,0.223100639782982,1.970640103588729
21CMA-DDR1-J234245+851756,23:42:45.08,+85:17:56.3,P,0.6826473568364015,0.018618521260144,0.4311051321682276,0.0160526997773562,0.3868544783778962,0.0160120620818299,0.3671739773876038,0.0179325667078061,0.4104988833100949,0.0192980948752317,-1.2367242933756144,0.0841918082914685
21CMA-DDR1-J125217+882606,12:52:16.98,+88:26:06.2,P,0.0468847856130617,0.013665401803668,0.0658630553883131,0.0086678581677834,0.0592778757020464,0.00501724553565,0.0581812524427695,0.0037896485873908,0.0538044694298728,0.0030079837076064,-0.3322501586977748,0.3791003839075341
21CMA-DDR1-J222121+890843,22:21:21.49,+89:08:43.0,P,1.26876877967449,0.0335260610306218,0.9103917162224502,0.0149224965147967,0.8407096974551873,0.0106445388304998,0.6743002927576397,0.0102805294439542,0.5904631002811235,0.0071027573495757,-1.5685591846383653,0.0493485829478235
21CMA-DDR1-J225257+884541,22:52:56.53,+88:45:41.5,P,0.1604717759939079,0.0121912218272954,0.109907694118982,0.0070542056926126,0.0964089378681907,0.0069931726952249,0.0997770933780708,0.0060540169679515,0.0936193082364592,0.0038655364717281,-0.9571476536031146,0.1559676012086776
21CMA-DDR1-J123020+871759,12:30:19.51,+87:17:58.8,P,0.0863642697138056,0.0137033605022421,0.1073617535887699,0.0086134947333012,0.0970495095618247,0.0057304202945249,0.096313912273646,0.0059911218616047,0.086271066846494,0.0045726949017062,-0.3379893290045121,0.2566816227838875
21CMA-DDR1-J232227+874302,23:22:26.88,+87:43:01.5,P,,,,,0.0264763688340703,0.0072838430304919,0.021710085827216,0.0061832997999559,0.0184362843227948,0.0043777028322799,-2.2532994400318795,2.26275340231138
21CMA-DDR1-J223214+885928,22:32:13.59,+88:59:27.8,P,0.0581165378972554,0.0142657694377802,0.0542594770844278,0.0118646857652919,0.0565245833222112,0.0111271888140713,0.0484037420000669,0.0097044931968366,0.0505123386125525,0.0066792785634617,-0.3052526840554669,0.5046652529220951
21CMA-DDR1-J122448+862749,12:24:47.90,+86:27:48.7,P,0.2550341732277502,0.0211187468969167,0.2069035856309004,0.0138651391364323,0.1868943896784855,0.0089567370020362,0.1941626332366171,0.0111151309496093,0.1706752949980333,0.0064145422046492,-0.7284296025658229,0.1601462164368973
21CMA-DDR1-J122820+862752,12:28:19.69,+86:27:51.7,P,0.1467103827261489,0.0227669658395013,0.1296111512904896,0.0156961091103564,0.1284408882936756,0.0119740901160611,0.1309344464214007,0.0155343998867223,0.1225071780664972,0.01064070909489,-0.3012956331223219,0.3185686949324618
21CMA-DDR1-J232937+870835,23:29:37.46,+87:08:34.6,P,,,,,0.0382306590416476,0.0124060558767915,0.0320532454475928,0.0089815786286843,0.0307222488449385,0.0075179540220765,-1.300035009110294,2.5103603577650326
21CMA-DDR1-J125916+883010,12:59:15.60,+88:30:09.9,P,0.0468118906272885,0.0139099306470125,0.0532703780822717,0.0114198684131156,0.0473538974291126,0.0053364650522432,0.0478215527490678,0.0040867208481775,0.0489493147915417,0.0026563475347677,0.0385676720483229,0.4351685311732618
21CMA-DDR1-J122001+854334,12:20:00.79,+85:43:34.5,P,0.0699594003617415,0.0164248200152576,0.0725891893765523,0.0145139905384785,0.0596009357394221,0.0128221954371049,0.0673554835540839,0.0156198290057475,0.0568627156902415,0.0180555601993332,-0.3031825510126074,0.616624548121514
21CMA-DDR1-J231721+875254,23:17:20.58,+87:52:54.0,P,0.2222050927008583,0.0112890419781241,0.1558343789341732,0.0080644607113674,0.1632857468981943,0.0093637547374512,0.1571382783558609,0.0081385026561954,0.149764631708855,0.0046912756122433,-0.6894034937249137,0.1099317689938127
21CMA-DDR1-J124409+875513,12:44:08.91,+87:55:12.9,P,1.256841239420716,0.0238052982272013,1.0545518739790358,0.0127866662317672,1.002094549326804,0.0155396551888376,0.9556255288862728,0.0151984445414008,0.9745381255183264,0.0132711416128498,-0.496095444754792,0.0414765434361281
21CMA-DDR1-J124815+880745,12:48:15.11,+88:07:45.0,P,,,0.0725463272864309,0.0205718757312267,0.0567631429063554,0.0134024282568197,0.0525072752164423,0.0131976837202424,0.0498439997734454,0.005402927329719,-1.2509585455962369,1.0295514388097398
21CMA-DDR1-J122908+865705,12:29:08.41,+86:57:04.7,P,,,,,0.0201372189743496,0.0057536893055596,0.0194683752095833,0.0058544499265797,0.0183627783635536,0.0045953485377514,-0.5799351007981022,2.3659670219110853
21CMA-DDR1-J163123+893352,16:31:23.34,+89:33:51.9,P,0.1403987598318727,0.0062819501643177,0.117342813720233,0.0048876304497604,0.1224784147466086,0.0042240148095843,0.1282386081858293,0.0042194215782925,0.101267283176834,0.00241323517328,-0.5543324786454185,0.0917401447488297
21CMA-DDR1-J231618+874937,23:16:18.28,+87:49:37.3,P,0.2929019096814203,0.0105556493120248,0.2847000397081333,0.0082258527559487,0.2907877750345712,0.0072609040079752,0.281683900270325,0.0065139410865528,0.2873736229306525,0.0047030097941053,-0.0331849731590459,0.0697244582329942
21CMA-DDR1-J135927+891122,13:59:26.88,+89:11:22.0,P,0.1234713791037984,0.0105357194394332,0.0760504801775987,0.0072218038533669,0.0719655033016126,0.0049425215590305,0.0686111376063207,0.0041169317963799,0.0636080361912935,0.0030154875596187,-1.202853680135409,0.1785546617547374
21CMA-DDR1-J233450+861217,23:34:50.21,+86:12:16.6,P,0.0992026814785884,0.0161000644323229,0.1149006933741915,0.0131443251188913,0.1261241698783645,0.0155704822920828,0.113089267072522,0.0129411642796008,0.1426368371996951,0.0178107136985081,0.5559482831669391,0.3589689748169616
21CMA-DDR1-J233319+862302,23:33:18.58,+86:23:02.5,P,0.8417484808793192,0.0138140818191376,0.6538632579316461,0.0124080384809565,0.6595024779365827,0.0116066587472795,0.6819755993470339,0.0120851262854787,0.6822999173835047,0.0105663800625247,-0.4077187369760752,0.0403127028046823
21CMA-DDR1-J145250+892401,14:52:50.31,+89:24:00.9,P,0.0287623937267253,0.0065741111778517,0.0393372100604976,0.0063794869128887,0.0377819885669979,0.0027776137007488,0.0377468639344714,0.0028493198006236,0.0320656523239524,0.0018203327639802,-0.2939034951271754,0.3528802002087434
21CMA-DDR1-J125253+881307,12:52:52.82,+88:13:06.8,P,,,0.0799110443282497,0.0207521341641125,0.0658905604438193,0.0108950060486723,0.057511372778414,0.0080908265741339,0.0636980882411828,0.0055009853511371,-0.4823405466252268,0.843270328833934
21CMA-DDR1-J122119+853614,12:21:18.98,+85:36:14.3,P,0.2714080217889725,0.0198063628811851,0.1758368176306824,0.0120226573607877,0.1416349726816391,0.0124467862958515,0.1410565872340144,0.0125750753521612,0.1572454644541315,0.0162414369450331,-1.310554567401207,0.2014109789591754
21CMA-DDR1-J124853+880404,12:48:52.73,+88:04:03.6,P,,,,,0.0462647817098791,0.0133557233374372,0.0422343612367319,0.0119431454372482,0.0327289648003863,0.0061349249303539,-2.269420567623074,2.106913266172411
21CMA-DDR1-J122525+860845,12:25:24.97,+86:08:45.3,P,2.494780182320354,0.0362580525487957,1.8162630908861563,0.0391454702854308,1.7584059956323883,0.0581556103107039,1.8221739220517872,0.0457056792962663,1.9828279609136816,0.0380617600060085,-0.5517727480820636,0.041796800754874
21CMA-DDR1-J233732+854328,23:37:31.70,+85:43:27.7,P,,,0.0443608341741698,0.0118241018049377,0.0461669013240952,0.0128982978332595,,,0.0431545126151873,0.0117934982910393,-0.1408028740303295,1.5039884954516776
21CMA-DDR1-J184001+893343,18:40:00.69,+89:33:43.0,P,0.0239473997628465,0.0070298689983155,0.0324571975773474,0.0067668666027043,0.0328245405750099,0.0055633724776704,0.0303781923821525,0.0056372440412566,0.0279051424774637,0.0019869180952123,-0.0883715462609914,0.477343729552331
21CMA-DDR1-J132342+884859,13:23:42.25,+88:48:59.1,P,,,,,0.0158042540569738,0.0044599217458496,0.0147153868932848,0.0042291715021859,0.0119249951148203,0.0032512501218058,-1.7548343309268497,2.4471765883412404
21CMA-DDR1-J123659+871840,12:36:59.10,+87:18:40.3,P,0.0716446404482576,0.0139798214342525,0.0865938688533549,0.0144321736225971,0.0814777412422367,0.0090689976044629,0.0741559886930934,0.0078607579066465,0.0649274845046776,0.0054022788178082,-0.4042439090000492,0.3713908158237137
21CMA-DDR1-J125836+881508,12:58:35.92,+88:15:07.6,P,0.353273859182095,0.0173582013248061,0.2602886788054922,0.0110751586387346,0.2367273389662834,0.0078864547226257,0.2227718382835246,0.0061431131500971,0.2232713885034877,0.0046785300314772,-0.8247487243884852,0.0940548798896518
21CMA-DDR1-J141434+891214,14:14:33.56,+89:12:13.6,P,,,,,0.0206745744046347,0.0062563190165466,0.0190450559450599,0.0055651211401097,0.0188131035611393,0.00331333171272,-0.5385349176221413,2.1227591014789167
21CMA-DDR1-J233820+850800,23:38:19.84,+85:07:59.8,P,1.053036857084148,0.0285424318314044,0.4908265642784325,0.0201702526664512,0.4388613237003435,0.0257734750946288,0.4481853350552269,0.0310770028368627,0.3614258192334347,0.0557978610917123,-2.29478414558042,0.1142158869818531
21CMA-DDR1-J233607+853630,23:36:07.35,+85:36:29.9,P,,,0.0609841940114248,0.0167113404957007,0.0588469880516458,0.0151591545098575,0.057479870752266,0.011390130922241,0.0661637122030084,0.0170551348505535,0.2151197441531653,1.3951825101679325
21CMA-DDR1-J233339+855716,23:33:39.42,+85:57:16.4,P,0.0522955778656269,0.0139307348882366,0.056257352451306,0.0129899264542842,0.0506367576737068,0.0088801633633736,0.0538550115146502,0.0114569272733962,0.0572304530397006,0.0106418744393341,0.1231972386930153,0.5864754000222044
21CMA-DDR1-J225148+882010,22:51:47.78,+88:20:10.1,P,0.1045286194842921,0.0239525315263565,0.1181032268829143,0.0209849127769118,0.1295539494657332,0.0172464309311247,0.1008787273295295,0.0152124447106475,0.1523090222015633,0.013450281871174,0.71419805830325,0.4215649779060318
21CMA-DDR1-J131706+883609,13:17:05.60,+88:36:08.9,P,,,0.0438581549822234,0.0114313806745139,0.0463335219596577,0.0113003368319933,0.0422530825355127,0.0049256903718588,0.0408029222298896,0.0038495177723824,-0.431845379407609,0.9410733379367456
21CMA-DDR1-J222753+884734,22:27:53.33,+88:47:33.6,P,0.0581390029746083,0.0144815255052581,0.0595758541053002,0.011143467214852,0.0646898979346968,0.0137537236399339,0.0614532930911722,0.0106899337429552,0.0602672640445897,0.0061563316286292,0.0502046962501758,0.4675317586982405
21CMA-DDR1-J224751+882648,22:47:51.17,+88:26:48.0,P,0.0624958265951802,0.0179784473820324,0.0923092335983105,0.0194912616532275,0.0783258441225299,0.0092771924715835,0.074427356479571,0.0091160722021261,0.0735089009911407,0.0051061763059694,-0.0848759900904219,0.4559438085963955
21CMA-DDR1-J232202+865750,23:22:01.94,+86:57:49.7,P,0.1157498420499491,0.0168611685274556,0.1305425877308129,0.0082002715544952,0.1288880444069877,0.0067126604322674,0.1296894596949936,0.0064143199724893,0.1126209269661055,0.0043245736105687,-0.3368914628748465,0.210446074867766
21CMA-DDR1-J233632+850838,23:36:32.27,+85:08:38.3,P,,,0.2555481348109499,0.0206634489826668,0.2494037383624161,0.0311056544984481,0.2025048060327133,0.0401226194955603,0.1885491282545222,0.0605839711984945,-1.088450458576895,0.8850247286277415
21CMA-DDR1-J231511+872257,23:15:10.74,+87:22:57.5,P,0.1499020875324835,0.0108909698555606,0.1103510758722603,0.0066582306115451,0.1020103467801847,0.0047923619316104,0.0970233843306775,0.0048391936445847,0.0843336528643367,0.0031424161016244,-1.0711337148255475,0.1458067303252292
21CMA-DDR1-J122740+854916,12:27:40.49,+85:49:16.2,P,0.0719761396188266,0.0172805264076936,0.1164507440628711,0.018134960974609,0.1072903135134419,0.0126845928865135,0.0963301971538291,0.0118887158471982,0.1148975320618917,0.0127692539109513,0.5418416576517435,0.4513608432990549
21CMA-DDR1-J123902+870123,12:39:01.96,+87:01:23.0,P,0.0386781502380618,0.0126831856042037,,,0.0416426825687457,0.0075858471106988,0.038556883520447,0.0085369233358267,0.0326098676748646,0.0059847783083406,-0.3546302369942399,0.7029864044769691
21CMA-DDR1-J201252+892251,20:12:52.48,+89:22:50.6,P,,,0.0296679065810959,0.0083825748701266,0.0376413728338437,0.0036245797354263,0.035459260634858,0.0040710483932087,0.0306987745603749,0.0023781615643141,-0.9034596746990472,0.6884143623755687
21CMA-DDR1-J160210+892424,16:02:10.36,+89:24:23.9,P,0.0395681155116479,0.0070392968520634,0.046906815214392,0.0068068693434721,0.0503599073400457,0.0033360617425563,0.0516427686912594,0.0040877364298389,0.0444149378041817,0.0021924213085033,-0.0543436635603395,0.2930759149955027
21CMA-DDR1-J123149+862053,12:31:48.82,+86:20:53.5,P,,,,,0.0440503895230982,0.0133466677237717,0.0456786180240029,0.0133546399427932,0.0459070050585978,0.0130194121971442,0.2558596662321247,2.587966416490851
21CMA-DDR1-J125600+874805,12:56:00.40,+87:48:05.5,P,0.1687032840117072,0.0143335479261935,0.145435426908799,0.0120556757251528,0.1268173175662545,0.0087526182884731,0.1290845705605486,0.009471258785983,0.1233755849347879,0.0063852829711647,-0.6000174904980959,0.1819523880174094
21CMA-DDR1-J124353+871215,12:43:52.77,+87:12:15.3,P,0.0514041902851833,0.0119621338867408,0.0518414159499812,0.0137630112432916,0.0381294943777888,0.0049978689210946,0.0468077478693861,0.00774301576462,0.0331904142190473,0.0034490195864212,-0.8519598201919196,0.459384425455445
21CMA-DDR1-J141445+890114,14:14:44.78,+89:01:13.5,P,0.1356657222921493,0.0100240074543815,0.1029819468471156,0.0053011785036207,0.0948514673919428,0.0035333191147649,0.0887359303128382,0.0028173929647881,0.083624324686784,0.0022073701245331,-0.8914123905170863,0.1302782475050897
21CMA-DDR1-J134931+884945,13:49:31.28,+88:49:45.1,P,0.0268855167345347,0.0111001641963065,,,0.036147372442686,0.0106567024172077,,,0.026196719962401,0.0066777364925008,-0.0816655851184345,0.9265663770885716
21CMA-DDR1-J222440+883654,22:24:40.36,+88:36:54.2,P,0.2314135989043277,0.0137092180817822,0.1738862872853828,0.0102901121289511,0.15952411464819,0.0089052595100141,0.1476310962654039,0.0073646554720487,0.1400865466464519,0.0058900909052065,-0.9616184509710588,0.1322076651989611
21CMA-DDR1-J134923+884638,13:49:22.61,+88:46:37.8,P,0.5168163084577062,0.0133947579591063,0.3985495535586759,0.0088250132336882,0.3738290815395527,0.0072172629030934,0.3536433152445911,0.0070916960101395,0.3384799194255399,0.0050514274873932,-0.7890717302301815,0.0540276353708978
21CMA-DDR1-J195843+892056,19:58:43.14,+89:20:55.6,P,,,0.0329382409947734,0.010051332198661,0.0342396641787356,0.0066759301602252,0.0278431700730043,0.0051567540725193,0.0245350407874116,0.003392260717135,-1.559192811778842,1.104882219547246
21CMA-DDR1-J123838+863519,12:38:38.38,+86:35:19.0,P,0.2151039975001652,0.0137565941104322,0.1734788983001156,0.0091468523931706,0.1742969148147639,0.0082249261089782,0.1649097249342722,0.0076895297679805,0.1607011788064409,0.0053439424791087,-0.5188492213197061,0.1290566770108239
21CMA-DDR1-J232451+861352,23:24:51.16,+86:13:52.2,P,,,,,0.0498762876770348,0.0122478133460449,0.0500206171219483,0.0093711485016647,0.0367675648837412,0.0092605639501259,-1.84015382188086,2.1916417448950574
21CMA-DDR1-J131430+881236,13:14:29.74,+88:12:35.7,P,,,,,0.0378956839970275,0.0109100283421209,0.0338744857640332,0.0100937082412784,0.0391265618814019,0.0069512911958395,0.3605903097610549,2.066176184689566
21CMA-DDR1-J130020+874513,13:00:20.13,+87:45:13.4,P,0.0454200971723369,0.0141496757344372,0.0683210171580812,0.0145314607509638,0.0690017890588708,0.0070729103206968,0.0804261874330016,0.0089001855693269,0.072770360447254,0.0045044529250678,0.5828231990804382,0.4516292328349615
21CMA-DDR1-J124435+865338,12:44:35.38,+86:53:37.6,P,0.0772615450393149,0.0144991967845906,0.0828766815989431,0.0091072491765682,0.0712629589541868,0.0083289685893721,0.0785979772054141,0.0063431488776439,0.0739600446832562,0.0053972372370821,-0.1483140105713022,0.3310532396427045
21CMA-DDR1-J123313+855803,12:33:13.39,+85:58:03.4,P,0.0582477989851117,0.0177712002263486,,,0.0765006126209419,0.0194813249133298,0.0741094529698057,0.0240873046392235,0.0856430841464299,0.017563097619778,0.707666792379564,0.6927625132344768
21CMA-DDR1-J232431+860838,23:24:30.89,+86:08:38.0,P,,,,,0.0547197711678432,0.0112588460835056,0.0494737768740126,0.0142257158881624,0.0553861803734932,0.0121616727968628,0.045400177070397,1.8744767591845424
21CMA-DDR1-J232823+853306,23:28:23.25,+85:33:05.8,P,0.3671378809663648,0.0174819386694403,0.2276926595089304,0.0141194746684029,0.2238201253504351,0.0115294034758373,0.2080000823133034,0.012048980830101,0.2427335545644311,0.0134635598176175,-0.9840845963639862,0.1250320885732428
21CMA-DDR1-J212134+890212,21:21:33.89,+89:02:11.6,P,0.3838524282873498,0.011348194782632,0.3027653653137235,0.0076444777656867,0.2849295511693077,0.006570687943869,0.263453369172854,0.0065542681988194,0.2417870115639858,0.0045906875630462,-0.8759942218567207,0.0637363530936571
21CMA-DDR1-J223614+881501,22:36:13.99,+88:15:01.0,P,3.060666279442355,0.0367438408876754,2.158139352537596,0.0273413178234058,2.0083184459499632,0.0309305652143932,1.911346198249985,0.0166520029041908,1.9119394297441867,0.0158790268300433,-0.9007188447853155,0.0264706773561319
21CMA-DDR1-J143903+890216,14:39:02.92,+89:02:15.5,P,,,0.0284482318560783,0.0078352848763527,0.0261029534752707,0.0042548393936892,0.0298184167057832,0.0063026269807438,0.0256960707851003,0.0018523384492169,-0.3186475904247198,0.8243771643885595
21CMA-DDR1-J210000+890659,20:59:59.63,+89:06:59.0,P,0.1463890394797424,0.0108659760816586,0.128874314566782,0.0072358867428296,0.1228879514350579,0.0048676659917051,0.122083294227855,0.0055510274762076,0.113082199335574,0.0042219249805155,-0.4771947035549323,0.1462340400761414
21CMA-DDR1-J232431+855556,23:24:30.89,+85:55:56.0,P,0.055208461670451,0.0152992013329186,0.0502416355048804,0.0124908794059952,0.0488202547176682,0.0119166730076853,,,0.0507786085337114,0.0131201998323812,-0.1820195942384548,0.7075226614425549
21CMA-DDR1-J231547+863132,23:15:47.14,+86:31:32.1,P,0.3529855313126681,0.0133976376388196,0.2189114376263111,0.0101951169871105,0.2072297376023666,0.0126273657563721,0.1805871772009289,0.010811148779597,0.186082138534117,0.0092387248886405,-1.3265913548833077,0.1068580201047674
21CMA-DDR1-J231752+863225,23:17:51.77,+86:32:25.5,P,,,0.0749550361612056,0.0128483984284391,0.0852824294555508,0.0162639537683076,,,0.0638154123777962,0.0118456539326123,-0.7287058573201668,0.9994876838999046
21CMA-DDR1-J135223+883907,13:52:22.53,+88:39:06.9,P,0.1328031930069041,0.0118589910367434,0.0945938090698013,0.0061404552516181,0.0919309747022031,0.0054087503336578,0.0833238669661842,0.0042581951584807,0.0878351640460746,0.0033174381852122,-0.6962396600701806,0.1672985029344758
21CMA-DDR1-J194611+891646,19:46:11.17,+89:16:46.4,P,0.1336749309786925,0.0081320042898218,0.1225762353904267,0.0062365825506007,0.1197546000799472,0.0046561048517479,0.1119095779127786,0.0036901433143218,0.1054452063615256,0.0028544288624368,-0.490123395241162,0.1170804023664209
21CMA-DDR1-J231931+861846,23:19:31.07,+86:18:46.0,P,0.0492063287432323,0.013586064011296,0.0629004563117825,0.0155303662334832,0.0594526380404082,0.0128019853141714,0.0604489375133072,0.0113697234537431,0.0564680038709374,0.0071224354282417,0.1539194698207458,0.5417613107086952
21CMA-DDR1-J141116+884754,14:11:16.08,+88:47:54.0,P,0.2973047926345324,0.0124012416478742,0.2293889469627348,0.0069049488009216,0.216727985481486,0.0056418366371784,0.2112825860733987,0.005145287522824,0.2086004603841646,0.0033447421629101,-0.5891122263313447,0.0760711512830808
21CMA-DDR1-J132554+881354,13:25:54.39,+88:13:53.9,P,0.0547099994731511,0.0143038289786474,0.0673879144140169,0.015440365524151,0.062504876072122,0.0056855904250166,0.06253417990647,0.0058573367101246,0.0643422477999039,0.0044456234221765,0.2041192684254364,0.4247254980644586
21CMA-DDR1-J125143+865955,12:51:43.29,+86:59:55.2,P,0.3402937977403082,0.0142811854797337,0.2480600881203137,0.0110559515129611,0.2404071020328371,0.0102462254218902,0.2287478318487426,0.0071066973424147,0.1553339059478326,0.0047669485930906,-1.3337356734044576,0.0938898849922139
21CMA-DDR1-J231944+861108,23:19:44.48,+86:11:07.7,P,,,,,0.0470525825759268,0.0121349130035674,0.0487193052727538,0.0155979077665791,0.0439887591976598,0.0103578936811053,-0.4300623846505352,2.177344105162601
21CMA-DDR1-J124131+861234,12:41:30.83,+86:12:34.3,P,1.940992547880762,0.0386818578009818,1.2809563534497357,0.0277216318685975,1.2626825188736674,0.0258844582801822,1.31093822049936,0.0331315637863064,1.3487210166759454,0.0216084707970281,-0.6866782029654088,0.0471217006007792
21CMA-DDR1-J232423+854141,23:24:23.14,+85:41:41.5,P,,,0.0472328674808362,0.0113371417162531,0.0423766011154284,0.0120746606330488,,,0.0410807213598438,0.0129477728626849,-0.5537176028164801,1.5763634716047568
21CMA-DDR1-J213631+885022,21:36:30.70,+88:50:22.2,P,0.0393837222797123,0.0101879598088522,0.0444246227361404,0.0097334129130362,0.0456984693400468,0.0083743301568864,0.0389356352666048,0.0077592597137894,0.0386560630641685,0.0032840023760561,-0.2096177902243743,0.4653568349339051
21CMA-DDR1-J130905+874209,13:09:04.73,+87:42:09.1,P,0.0600578997544184,0.0154927831710561,0.0485044015157079,0.0149300667152768,0.0415209569725951,0.0092491111901036,0.0295306192459377,0.0075900969260547,0.0343726565156814,0.0057499813893821,-1.1812969034331235,0.5691593737780634
21CMA-DDR1-J123243+851009,12:32:43.10,+85:10:09.3,P,0.4202304992111742,0.0179200935742011,0.2932872933919328,0.0161252484634637,0.2389553686321313,0.0121346500682312,0.2056999979578668,0.0196878650493184,0.2364147589624231,0.0285195499650987,-1.4365220078439338,0.145354868934482
21CMA-DDR1-J232646+850953,23:26:46.17,+85:09:52.6,P,0.1622183930893307,0.0270830018935739,0.2374755607943302,0.0228601505900334,0.204229607342126,0.0193622932184719,0.1338905097865606,0.0291631005715742,0.1711957946527941,0.031132815330876,-0.0720318033498088,0.4195152357111474
21CMA-DDR1-J225804+872257,22:58:03.79,+87:22:56.6,P,0.0599908306220581,0.0092013196356772,0.0605319951066754,0.0077785861140883,0.0667838466426425,0.0069597189463912,0.0598440849357229,0.0054743914234435,0.0492699597044496,0.0042566709771704,-0.3872728018840218,0.3142151726680374
21CMA-DDR1-J133914+881848,13:39:14.36,+88:18:48.0,P,0.5080939422672572,0.0114443487066511,0.3716174666137589,0.0070688474867932,0.3397692004738933,0.0062462567901557,0.3216761083980868,0.0051449154260967,0.327599714388652,0.0043497787353416,-0.8221322172929105,0.0470727633796172
21CMA-DDR1-J135045+882822,13:50:45.46,+88:28:21.9,P,0.2162100763742,0.0104471751214574,0.1577182410866106,0.0057841578278215,0.1446657061872973,0.0039481747020081,0.1352819866738246,0.0041552957626162,0.136489839650026,0.0029927776592077,-0.8176350210677018,0.0926820848279511
21CMA-DDR1-J231832+860238,23:18:31.75,+86:02:38.4,P,0.0805376513006483,0.0138838185631443,0.0923891076287501,0.0178835793718887,0.0891297792694448,0.0095703502798978,0.1017092374269175,0.0108893789910719,0.1226735395363035,0.0113454807784499,0.8352600489955543,0.355872313276957
21CMA-DDR1-J184232+891451,18:42:31.79,+89:14:51.2,P,0.0330251194688705,0.006911459119029,0.0397767883233948,0.0040132489281926,0.0388946660729503,0.003782677535338,0.0356576354360414,0.0029329434603267,0.0338385425556842,0.0027297441332136,-0.2493778140303883,0.3522208435984336
21CMA-DDR1-J225807+871122,22:58:07.43,+87:11:21.8,P,0.0713183283140414,0.0112804839580103,0.0832228985208447,0.0069861438232227,0.0770020547945702,0.004759368523591,0.0748638967098212,0.0046958766326303,0.0718800636926392,0.0038036717008365,-0.2197700041275246,0.2589089945477171
21CMA-DDR1-J202005+890527,20:20:04.69,+89:05:27.0,P,,,,,0.030900141945778,0.0087009896051712,0.0240822123850473,0.0069758181899032,0.0251024302193794,0.0070559636498397,-1.317549494037805,2.480782722209064
21CMA-DDR1-J230125+865921,23:01:25.48,+86:59:21.3,P,0.0761137712098692,0.0145182001171949,0.092275271562957,0.0073542023623532,0.0876395054863102,0.0055732566842761,0.0902786139379963,0.0063810725561551,0.0834227024885071,0.0034976558971136,-0.1382520249614791,0.2571664749577437
21CMA-DDR1-J124020+854449,12:40:20.33,+85:44:49.1,P,,,0.044978911084462,0.0125470877987962,0.0497930747227348,0.0134033790944979,0.0550363759075058,0.0162613100158723,0.05637489528677,0.0164519942828203,0.9369909567551542,1.5214421602313724
21CMA-DDR1-J140817+883244,14:08:17.18,+88:32:43.6,P,,,0.0273740428852125,0.0077102552767545,0.0277257195482639,0.0058146175523619,0.0303433141427277,0.0054854575256419,0.0268768337466315,0.0024056313536873,-0.208356715510581,0.9443806996586508
21CMA-DDR1-J155930+890243,15:59:30.02,+89:02:43.3,P,0.061438566366917,0.0130884699558538,0.1031064313919259,0.0040164197908619,0.1090702461724766,0.0037639568776474,0.1090525874295857,0.0035885591495554,0.10682133571156,0.0016748420808408,0.1537813884763916,0.1384032389245927
21CMA-DDR1-J231750+852919,23:17:49.54,+85:29:18.8,P,0.0918791423568481,0.0242089903145747,0.1012813531044317,0.0228820474008532,0.0811208212072456,0.0131209335382595,0.0917797573883865,0.0185591683496173,0.1162905699427866,0.0250729632654316,0.240729936623268,0.6016403724174286
21CMA-DDR1-J202914+885658,20:29:14.18,+88:56:57.7,P,0.0350449451402219,0.009281873239713,0.043269229648456,0.0098391355810715,0.0379708551644851,0.0085617923631224,0.0370128473155442,0.004486402734161,0.0376101794706491,0.0042458527018193,-0.0044873557568653,0.5072647127193891
21CMA-DDR1-J132633+874450,13:26:33.30,+87:44:50.3,P,0.0382578308881346,0.0086085880469014,0.0405134804224651,0.0111522812909849,0.0330672199019043,0.0055937601789613,0.028128528703319,0.0057537279285285,0.0261148617728293,0.0040574571114987,-0.802550125329538,0.503727227940139
21CMA-DDR1-J231521+854039,23:15:21.27,+85:40:38.9,P,0.0629787789551763,0.0178589150605178,0.0628316203262738,0.0166801763146635,0.0651044151965943,0.0117206440544089,0.064773795502842,0.0150982933414717,0.0662180698129937,0.0149269803745768,0.0982642441068237,0.6487253274463892
21CMA-DDR1-J225754+865047,22:57:53.82,+86:50:47.0,P,0.1094430526065317,0.0160489504782185,0.1246864957240751,0.0063359106019392,0.1255679478519161,0.0059069951012649,0.1178509450391707,0.0047554582243757,0.102059560049198,0.0041149119079182,-0.5226138771569702,0.2004079447786695
21CMA-DDR1-J223953+872952,22:39:52.82,+87:29:51.8,P,0.0606586674349637,0.0164662264461636,0.0610928453230821,0.018710048850695,0.0548728304489805,0.0127397299856067,0.0522666428825952,0.0118813027666009,0.0474099438460916,0.0063745915877568,-0.5281752943887342,0.5544520568981101
21CMA-DDR1-J212236+883554,21:22:36.11,+88:35:53.8,P,0.5700557017321752,0.013538736321219,0.4497129920075772,0.0101917372134174,0.314106911879539,0.0062163640662117,0.3389780014766159,0.0053243014455692,0.2729669520350142,0.0062428022967069,-1.351644625386207,0.0555207277330805
21CMA-DDR1-J230221+862731,23:02:20.84,+86:27:30.7,P,0.3229289443577259,0.0116167664626409,0.2250946540842941,0.0089289462344342,0.2239751889361905,0.0090643678980083,0.2102712052354607,0.0078119745670744,0.1866771864624023,0.0068027652501167,-0.997658846486789,0.0896688316875748
21CMA-DDR1-J175754+890654,17:57:53.82,+89:06:53.8,P,0.2375106333901621,0.0084849876049417,0.1766353106572937,0.005310545515374,0.174279828514075,0.0047182665128864,0.1733859525558566,0.0040039375870641,0.1549127107713619,0.0026159631545401,-0.7403052791800087,0.070245974971112
21CMA-DDR1-J131152+870931,13:11:52.40,+87:09:31.1,P,0.0711406560932753,0.0139019033526715,0.069838584487703,0.0074252481731655,0.0699661651008594,0.0084642770508642,0.0694200415250385,0.0165941339468026,0.0618424386893575,0.005835828263338,-0.3194891073837007,0.3732470630487635
21CMA-DDR1-J214853+882228,21:48:52.53,+88:22:27.9,P,0.0529194226558712,0.0107574304189792,0.060075770145471,0.012487329583673,0.056826244013037,0.0077846753911483,0.0564012834894084,0.0072065833766189,0.0551884398318563,0.0079363500093297,0.0527018008373327,0.4459111274732901
21CMA-DDR1-J193116+890241,19:31:16.20,+89:02:40.9,P,,,0.0325541902918793,0.0080871129013214,0.0317614693457943,0.0069356587650809,0.0299081032771357,0.0074185387884201,0.027323126534119,0.0033003022208059,-0.7699621982976763,0.9804223900744574
21CMA-DDR1-J131435+871254,13:14:34.80,+87:12:54.1,P,0.3340833212508737,0.0127268212216675,0.2832926229125663,0.008372118465448,0.2718696404761385,0.0086108504865625,0.2685813241782845,0.0121384694597581,0.2582877803502004,0.0063606254842304,-0.4733479677469859,0.0828905825583394
21CMA-DDR1-J223434+873346,22:34:34.27,+87:33:46.5,P,0.0560262074737351,0.0153362039212533,0.069055049593608,0.0194348491678538,0.06291597673013,0.0092240395773746,0.0611706471556755,0.0087059010222538,0.0569861608778072,0.0057805873742001,-0.1277464585329173,0.5099000193581705
21CMA-DDR1-J132125+872732,13:21:24.85,+87:27:32.0,P,,,0.0295795695294299,0.0089188507407856,0.0288803403553763,0.0074556960314492,0.0242316930039065,0.0077535895856204,0.0227677607967424,0.0036950653794499,-1.1706864316248418,1.2283713271985113
21CMA-DDR1-J224859+870345,22:48:58.81,+87:03:44.5,P,0.0821653259619823,0.0161458869275067,0.1331210001564144,0.0168430555710359,,,0.1288264606898057,0.0141665023599695,0.0695994877290889,0.0052795203779812,-0.8235126382035283,0.3569710815752182
21CMA-DDR1-J130336+864023,13:03:36.12,+86:40:23.1,P,0.4552787099762931,0.0143931424565845,0.3291670798237034,0.0102512767241601,0.3020459900040955,0.0083706164854455,0.2801618657291764,0.0088601522367434,0.2497390393799018,0.0062166585351123,-1.127282772615472,0.0732183297886877
21CMA-DDR1-J160456+885731,16:04:56.20,+88:57:30.8,P,0.0796867425185993,0.0199023895340881,0.0990370016883225,0.0070758471080536,0.0970501437337828,0.0044586488564646,0.0978726559734162,0.0064138026546484,0.0857943794193379,0.002477797920134,-0.5067356645204445,0.2265635998392749
21CMA-DDR1-J161222+885537,16:12:22.20,+88:55:36.7,P,,,0.0410361389811705,0.0091953705577244,0.0403256423101804,0.0044986873625681,0.0411605531463317,0.0094249350933533,0.038432492219069,0.0024722024508108,-0.2922182709932844,0.6456632168982639
21CMA-DDR1-J131720+871522,13:17:19.85,+87:15:21.7,P,0.0902619976853389,0.0187198732393985,0.0734667999288526,0.0098471120113334,0.0715573478235923,0.0073211669096047,0.0622869657044123,0.0114848988766953,0.0644582171272967,0.0059039456382734,-0.6355408988099972,0.3895351247969836
21CMA-DDR1-J125027+855232,12:50:26.97,+85:52:32.3,P,0.0772029723661729,0.017934783239685,0.0721989746359302,0.018280082726071,0.0656041457305149,0.0127883150219515,0.0621028125878228,0.0145668951095107,0.0749574273709399,0.0149374558833198,-0.1842909915208589,0.5522736052958803
21CMA-DDR1-J162632+885939,16:26:31.55,+88:59:38.9,P,0.1957368948220577,0.013246344561817,0.1342330668696519,0.0055524969423992,0.1158740987132934,0.0044015481393105,0.1157699921918602,0.0048373456720438,0.1104226478161968,0.0030637169007346,-0.9706511100884438,0.1226886379156702
21CMA-DDR1-J142149+882457,14:21:48.94,+88:24:56.8,P,,,0.0276880286850412,0.0069870409109802,0.0334241096797424,0.0074242997067206,0.027482338570196,0.0062992586018421,0.0281223008814041,0.0025413143735831,-0.2731798913959981,0.9117616643883704
21CMA-DDR1-J231254+852921,23:12:53.57,+85:29:20.5,P,,,0.1003945407487717,0.0266791624261628,0.0860585955024393,0.014889081386835,0.1011388503514216,0.0258881000285352,0.1020851986638434,0.0217339124148069,0.4066817368971981,1.2457205618130405
21CMA-DDR1-J222356+874205,22:23:55.78,+87:42:04.5,P,0.2246344838447696,0.012490788618289,0.1648443041872165,0.00932333031548,0.1581226852972442,0.0084489801911402,0.109999224860967,0.0059257226918157,0.1065343915597607,0.0043856628588685,-1.4865972395107496,0.1265052163460346
21CMA-DDR1-J130826+864519,13:08:25.55,+86:45:18.7,P,0.6190941660944549,0.0219646933567341,0.4587714288400059,0.0210056700400577,0.4199393169059184,0.0173847052131042,0.3945326458959962,0.016084926825537,0.2300884342657916,0.0090707166188978,-1.5558897204093158,0.0916548955109915
21CMA-DDR1-J230310+860540,23:03:10.23,+86:05:40.0,P,0.3859026037496505,0.0127010196744688,0.2830115853947405,0.0105099499800799,0.282165714806139,0.0089231268971408,0.3056045356270389,0.0095497785609115,0.3201675914794724,0.0088213220932177,-0.3624397367511739,0.0775249672643132
21CMA-DDR1-J225721+862906,22:57:20.95,+86:29:05.7,P,0.0528122384717234,0.0140072296446813,0.0510778934882049,0.0130182515340645,0.0488418939436156,0.0119615103661198,0.0465353009546107,0.0096214755072704,0.0454933685417464,0.0083235410342589,-0.306418940707764,0.5842124116030227
21CMA-DDR1-J222058+874446,22:20:57.79,+87:44:46.1,P,,,,,0.0309555622362125,0.009293687559298,0.0256190397053449,0.0075893122076987,0.0253551944370814,0.0058597863644122,-1.1775255235772195,2.3468024967658403
21CMA-DDR1-J195521+885500,19:55:21.30,+88:54:59.7,P,0.0451099513936881,0.0108788701085269,0.0509867969332458,0.0103080532302327,0.0533867153199538,0.0086201171898295,0.0484336019626952,0.0074767302413553,0.0476981052658533,0.004008240966497,-0.0242119747965786,0.4382939898172802
21CMA-DDR1-J143529+882906,14:35:28.84,+88:29:05.9,P,0.0434553558119669,0.01038109379583,0.0650210284445121,0.0062153445283691,0.0634278962297601,0.0046478924770687,0.0579734922826512,0.0039655871474438,0.0577609998466298,0.0029863832289162,-0.1077578502503263,0.3143323220329015
21CMA-DDR1-J223720+871358,22:37:20.38,+87:13:58.3,P,0.2373934597782414,0.0108192667462769,0.1706278918268076,0.007513422863265,0.1601716598374593,0.0061648252355704,0.1487280281656628,0.0059061643419042,0.1391951865179972,0.0039474961930226,-0.9984232442838424,0.0981591799786955
21CMA-DDR1-J230729+854200,23:07:29.31,+85:42:00.0,P,,,,,0.0375417785064877,0.0108389404232138,0.0434315409285132,0.0133736160225018,0.0466033811514858,0.0142257214884849,1.3610740386860252,2.616591010406259
21CMA-DDR1-J150029+883645,15:00:28.92,+88:36:44.9,P,0.0304228584260478,0.0071999837946317,0.050062703958511,0.0050638810210601,0.0469647054839033,0.0028652107907081,0.0462562707975396,0.0038756167690213,0.0481471157271236,0.0025128972919762,0.3140688615638176,0.3137457019448685
21CMA-DDR1-J203952+884215,20:39:52.15,+88:42:14.8,P,0.0632598278900166,0.0119294718220681,0.0722821206951394,0.0142807594630909,0.0826511105402333,0.009318419772425,0.0749592491551271,0.0070463923091769,0.0707813453072378,0.0049286498697541,0.0714867933778797,0.3531849174907255
21CMA-DDR1-J131325+865034,13:13:24.75,+86:50:33.9,P,0.0650067523260582,0.0190020160416665,0.0661635394022649,0.0185436662865696,0.0435731266130609,0.0087087321416221,0.0493727826669944,0.0121936032984375,0.0380369923075788,0.0077592797208541,-1.0586036043020308,0.6484556986551498
21CMA-DDR1-J205321+883555,20:53:20.59,+88:35:55.1,P,0.0580072042921369,0.0132199903578528,0.0621886952797172,0.0144022014388884,0.057464296919007,0.0053882727471708,0.0555601471469749,0.0042021540015032,0.0576335624037584,0.0037859799452468,-0.0469863480792691,0.3909421270530764
21CMA-DDR1-J130245+861511,13:02:44.58,+86:15:10.6,P,0.0568917022709686,0.0178576628470721,0.0427586981375627,0.0115480855118825,0.0333806740831344,0.0079214402137028,0.0357591927642778,0.0108327791668234,0.0327733987704372,0.0085677912399573,-1.0866079633565913,0.733179150368823
21CMA-DDR1-J154145+884418,15:41:45.10,+88:44:17.6,P,0.084746360018569,0.0096678991124246,0.0632746544330235,0.0049679676652606,0.0639373177722618,0.0052979179380526,0.055613924921226,0.0052669549949939,0.0382047368694069,0.0027319515217616,-1.4730308218212589,0.2407055876604519
21CMA-DDR1-J211328+882717,21:13:27.79,+88:27:17.3,P,,,0.0338719978977229,0.0105349156078488,0.0291897880331469,0.0078543054783538,0.0282743654612271,0.0071557802320344,0.0264958353181661,0.0065244410379753,-0.8911677905764702,1.4784428155262073
21CMA-DDR1-J140947+880339,14:09:47.25,+88:03:38.7,P,0.0557526487480186,0.0105378061417904,0.0634483630911029,0.0068574964132425,0.0649161260536139,0.0057205180889253,0.0525455726228985,0.004007182115203,0.0501154364316312,0.0028718775770519,-0.5964397019246892,0.3075088071534506
21CMA-DDR1-J133747+873029,13:37:46.98,+87:30:28.7,P,,,0.0329212297670504,0.0089429189840796,0.0273548851718258,0.0054754515704162,0.0277664349822383,0.0054911966284034,0.0229060840974981,0.0039958247071045,-1.272552438818246,1.160671423379114
21CMA-DDR1-J143846+882220,14:38:46.09,+88:22:20.0,P,0.0421251459884167,0.0130744737937658,0.052565045555714,0.0081586290370961,0.0540648354731904,0.0093559358591339,0.0499919955635689,0.0082766085056483,0.051372432599037,0.0050029842430636,0.1500056749405724,0.5001313227112246
21CMA-DDR1-J142035+881053,14:20:34.73,+88:10:53.1,P,0.1347109705963605,0.0084877426941176,0.1057256587962186,0.0063829569408703,0.0957712477213492,0.0045883625642891,0.0926152658838375,0.004259635861467,0.0982309186632288,0.0030825597693767,-0.5686144762492281,0.1271741083789562
21CMA-DDR1-J140304+875706,14:03:03.81,+87:57:05.6,P,0.1289414813331632,0.0102854295473791,0.0959038123361802,0.0060123196069775,0.0931121600788026,0.0050116852292929,0.0898297141914847,0.0049116365016209,0.0916998099735859,0.0035868760260386,-0.5689367506426842,0.157421296334225
21CMA-DDR1-J184149+885525,18:41:48.98,+88:55:24.8,P,0.0294620714304029,0.00790172444545,0.0390433382840558,0.0088962257696699,0.0337597779510253,0.0040568162366405,0.0321640839884571,0.0060311603439375,0.0314627613283786,0.0023265082955144,-0.1402092135584697,0.4511056048274544
21CMA-DDR1-J144638+882432,14:46:38.06,+88:24:31.7,P,0.3369055836404488,0.0100142480954994,0.265342278195576,0.0070207161011836,0.2523892801566921,0.0058641593511713,0.2430594275676214,0.0056482599873978,0.2442364833152183,0.0038671179398391,-0.5807739902599196,0.0608521499691009
21CMA-DDR1-J224308+864436,22:43:08.18,+86:44:35.6,P,0.0410403619508893,0.0096820601687037,0.0446691615111241,0.0113440715846339,0.037031747287511,0.0068862897667254,0.0385776759706423,0.0053685397020784,0.0395897172887438,0.0049792597317543,-0.1153008463416743,0.485655954524152
21CMA-DDR1-J140114+875055,14:01:13.82,+87:50:54.9,P,0.1387979143784456,0.0115212131436519,0.1154655781889792,0.0062633501804486,0.1101514540556005,0.0055938146309227,0.1119253199313502,0.0056128543717385,0.1181337574081643,0.0047344089731309,-0.2211122302185358,0.1592942168865908
21CMA-DDR1-J203856+883541,20:38:56.13,+88:35:40.8,P,,,,,0.0283978020562984,0.009344753546269,0.0274663499315722,0.0067341479377709,0.0288718278328701,0.0050782353412066,0.2037622480484116,2.2088348809305365
21CMA-DDR1-J224707+862749,22:47:06.51,+86:27:49.0,P,0.3301326532764346,0.0116492465122627,0.247944266719633,0.0086876983767431,0.2420870939461857,0.0064584279233144,0.2384941420747818,0.0060000913344678,0.2068405447622011,0.0049765923839366,-0.8206360136648831,0.077240260374474
21CMA-DDR1-J205635+882724,20:56:35.03,+88:27:24.0,P,0.0526754608546739,0.0148935519625967,0.0574716673194648,0.0122057781587154,0.0609212975935576,0.0058304089505979,0.0571271828930877,0.0039479952437304,0.0584031520779825,0.0034423170529832,0.0469665402528272,0.4222312792074392
21CMA-DDR1-J140702+875237,14:07:02.32,+87:52:37.0,P,0.0587607748439291,0.0162470808767369,0.0713558447898196,0.0075296162509803,0.0618119988545238,0.0065514304283965,0.0564058960810146,0.0058822407158782,0.0633202794585806,0.0045344382605857,-0.2003655963573676,0.3861859413549919
21CMA-DDR1-J151335+883024,15:13:34.92,+88:30:24.3,P,,,,,0.0162587716256493,0.0052476218371991,0.016421756327071,0.0051685285270671,0.01506537973174,0.0037892064729546,-0.5131980163861349,2.535990071112568
21CMA-DDR1-J214043+875800,21:40:43.42,+87:57:59.8,P,0.5599905826071266,0.0131668654852808,0.4199699133795767,0.0105421445049596,0.4120188940342891,0.0089319515912743,0.3859638404450117,0.0071893677369029,0.3997003736889983,0.007079262356048,-0.6629671607765423,0.0532138737449223
21CMA-DDR1-J221136+872956,22:11:36.40,+87:29:55.7,P,,,0.0308543331925705,0.0096639826633132,,,0.0345743952040545,0.0081196339923738,0.0348126589725979,0.0073114477017968,0.4810730172919043,1.5005314325285912
21CMA-DDR1-J213023+880709,21:30:23.20,+88:07:08.8,P,,,0.0371775179478769,0.0115804926600287,0.0380091840444024,0.0090761259001518,0.0317030000528153,0.0071580176141103,0.0327870166384449,0.0059193737672966,-0.6673803124123039,1.2839202078850334
21CMA-DDR1-J135016+873036,13:50:16.43,+87:30:35.5,P,,,0.0285460966605572,0.008821432525166,0.0236304262903402,0.0061403556171507,0.0233089987929485,0.00542130930314,0.0244867557961333,0.0048125791388228,-0.4183043284941007,1.338398665570158
21CMA-DDR1-J173747+885011,17:37:47.38,+88:50:10.9,P,0.0251804902369383,0.0068169808876087,,,0.0169391249125141,0.0049257165770652,0.0182822564242126,0.0044181566918655,0.0174745060668378,0.0032408362868762,-0.6917682319152149,0.6148314184518611
21CMA-DDR1-J192444+884417,19:24:44.42,+88:44:16.9,P,0.031874087647835,0.0081424760434284,0.0300647852322582,0.009318767631692,0.0314698139781325,0.0082039235325829,0.0316099249084433,0.0058785650003759,0.0299964437867329,0.0048609720087662,-0.0840315590664303,0.5549769367916231
21CMA-DDR1-J162204+884238,16:22:04.08,+88:42:37.6,P,,,0.0226352786673814,0.0074000140234742,0.0211514316735255,0.0055461517699371,,,0.0175037700967753,0.0034878397883757,-1.069048631718128,1.3894178156358532
21CMA-DDR1-J164255+884403,16:42:55.10,+88:44:03.3,P,0.0435803653019869,0.008532590721912,0.0589451740662066,0.0041550821440569,0.0547702851237255,0.0035165751665158,0.0520363203629487,0.0033321231873147,0.0509225132338748,0.0020753857276067,-0.2485276392572159,0.2481251241532358
21CMA-DDR1-J185022+884612,18:50:22.45,+88:46:12.1,P,,,0.023759157840878,0.007565537403272,0.0243349552014962,0.005792328374659,0.0227175286022319,0.0066052311356078,0.0213192348649766,0.0041696446610691,-0.5506074737495578,1.3409533985878048
21CMA-DDR1-J202327+882957,20:23:26.84,+88:29:56.9,P,0.0710489443897755,0.0141424286552134,0.0904129996962508,0.0086806414076348,0.0841606801712783,0.0055360085794864,0.0805297749585436,0.0056471284388191,0.0787509043221214,0.0032833676129979,-0.1942840149179295,0.2740464118168741
21CMA-DDR1-J225711+853015,22:57:10.91,+85:30:14.8,P,0.0541670812164262,0.0167187565470836,0.0597927715496395,0.0157327783590661,0.0471897350619581,0.0134034581153643,0.0662262265880511,0.0183440180906329,0.0834408886912322,0.0242431693004926,0.6390196407540509,0.7404856498456188
21CMA-DDR1-J161016+883708,16:10:16.44,+88:37:07.7,P,0.0389546668074517,0.0103044574978086,0.0444364462265575,0.0046100463243582,0.0435025395616789,0.0035429675086449,0.0416838122000194,0.0037539031570384,0.0413794852407072,0.0023849926132292,-0.138571001116926,0.3472817386439719
21CMA-DDR1-J130257+853032,13:02:57.36,+85:30:31.7,P,0.0972604474738549,0.0283647339865656,0.09500968317167,0.0268407772920452,0.0922182845381635,0.0223731255799809,0.102058898490205,0.0234504360178811,0.1052305716151843,0.0302916974785194,0.1333064993986927,0.6993563517373066
21CMA-DDR1-J133223+865009,13:32:23.32,+86:50:09.0,P,3.261851177848738,0.0397065073251307,2.3862547874103,0.0407709936763516,2.174494140500903,0.0452038229222211,1.9458147699167407,0.0449941025272408,1.717949038806273,0.030229631893528,-1.1938120149140798,0.0361423061751668
21CMA-DDR1-J221828+870641,22:18:28.40,+87:06:41.1,P,0.0499684675436693,0.0152518527868964,0.0656356134304803,0.0087025122624055,0.0639769331724865,0.007188921441186,0.0567647697877746,0.0056842833381641,0.052003537129381,0.0043038576771548,-0.4999575596573823,0.4461519711326849
21CMA-DDR1-J171656+884411,17:16:55.81,+88:44:10.9,P,0.076284143581274,0.0135503544893756,0.0418855344060396,0.0079195715488649,0.0316292547749623,0.0049292843957876,0.0307607371967975,0.0044706140695996,0.0331425522670387,0.0035954865126311,-1.5867645823421423,0.3816383498043925
21CMA-DDR1-J134604+871224,13:46:03.57,+87:12:24.2,P,0.1965444549806136,0.0115750801261894,0.1400093172093419,0.0079941776688061,0.1334600331841517,0.0051585045173425,0.1251555237105007,0.0062198956788967,0.1244071183224975,0.005358172963634,-0.8706925209871426,0.1323186074465107
21CMA-DDR1-J130209+852341,13:02:08.68,+85:23:40.6,P,0.0701237164536654,0.0175536488202151,0.0777205274759464,0.0200309144478713,0.0813430323833603,0.0178375075689516,0.0744799507960893,0.0197052879533384,0.0940631003142959,0.0250556941206341,0.413463476503307,0.6303950369773865
21CMA-DDR1-J135238+872145,13:52:38.29,+87:21:44.7,P,0.0449937114869733,0.0107485015712709,0.0500123833979172,0.0082364765567945,0.0392703995121818,0.0078902626628814,0.0435421637029476,0.0064669196148343,0.0464512412848469,0.0033600892862355,0.0162952776519438,0.4114516407528246
21CMA-DDR1-J130820+854431,13:08:19.79,+85:44:30.9,P,3.3420366160020656,0.0521385771066679,2.1501060399509453,0.0412442660158453,2.0215508130843074,0.0603624923589831,2.2294873629257173,0.0609633210449088,2.599267283370024,0.0753513353830982,-0.8382678262301791,0.0495894779441634
21CMA-DDR1-J223118+864119,22:31:17.64,+86:41:19.1,P,0.0344805922289032,0.0102630771830971,0.0432836751309415,0.0118753302574768,0.0301115810121729,0.0067518257024166,0.0338271785364893,0.0076517482711853,0.0264610212495099,0.0051951843035259,-0.5715651600227191,0.6459355453582344
21CMA-DDR1-J224719+855540,22:47:19.38,+85:55:39.6,P,2.615217669290669,0.0447736470567452,1.787259108904216,0.037845648926857,1.8244074966672297,0.0469245730076551,1.959353591099324,0.0368418665707524,2.12522388990767,0.0384442127015003,-0.4717773483075956,0.0435697012588026
21CMA-DDR1-J162429+883651,16:24:29.12,+88:36:51.2,P,0.1525902768498273,0.0103809233089599,0.1336615721385155,0.005550553772546,0.134121499756949,0.0049787173582542,0.1308606185597712,0.0043270141902234,0.1307110947552223,0.0030181194062978,-0.2302330273759019,0.1163899054422837
21CMA-DDR1-J180202+884310,18:02:01.89,+88:43:09.7,P,0.2045237306276384,0.0091328678945461,0.138534758026977,0.0067726830302512,0.1267002631266745,0.0038115066874446,0.1170149481291602,0.0040833286344598,0.1084372549068444,0.002860377674207,-1.1890815554092544,0.0950365981824274
21CMA-DDR1-J221652+870401,22:16:52.13,+87:04:01.1,P,,,0.036976681592883,0.0118442206154308,0.0334868800288249,0.0092157357994421,0.0320070491396936,0.0099142707362122,0.0257783010405519,0.0052173612430518,-1.4555427019884233,1.389454736901051
21CMA-DDR1-J140916+873552,14:09:15.57,+87:35:51.6,P,0.04600799601114,0.0092804496012768,0.0527881181002121,0.0089708196974606,0.0521700529877389,0.0080108954910437,0.0486557783919915,0.0068382906370634,0.0477371473838404,0.0045367773036551,-0.0287488384051067,0.3968756961986203
21CMA-DDR1-J223238+863157,22:32:37.88,+86:31:56.8,P,0.0603507044993265,0.0113810708918009,0.075069827045172,0.0099458170627382,0.0673156353313559,0.0066680778145772,0.0611917635562247,0.007856826924625,0.0480818016285704,0.0046874299547646,-0.6830393810239831,0.3731875134586055
21CMA-DDR1-J223123+863609,22:31:23.32,+86:36:09.5,P,,,,,0.0358086986083397,0.0102662218303133,0.0267822058252162,0.0084972009944269,0.0215980946086847,0.0070266392348926,-3.171221568785413,2.6926034075948784
21CMA-DDR1-J175113+884300,17:51:12.59,+88:42:59.6,P,,,,,0.0221278395437703,0.0049477930774622,0.0166935313901588,0.0054902409876487,0.0183139113068143,0.0043407577883993,-1.224067607477772,2.0302522040679296
21CMA-DDR1-J171251+884125,17:12:51.04,+88:41:24.9,P,,,0.0222828847725692,0.0066205056183332,,,0.0216204805677301,0.0057718937202479,0.0219705567861306,0.0047613529510017,-0.0605743290548762,1.4616779524063657
21CMA-DDR1-J204219+881648,20:42:18.65,+88:16:47.8,P,0.5830890347782455,0.0114445813815115,0.4769978308741734,0.0083606899266203,0.4599551452549359,0.0073915453253483,0.452182035069993,0.0060889265255889,0.4630398461992255,0.0051659143301892,-0.4126984603737396,0.0407389829745419
21CMA-DDR1-J143336+875115,14:33:35.73,+87:51:14.6,P,0.2233094745653547,0.0137363019769047,0.1915969602239414,0.0181350522700526,0.1835206601026915,0.0157456864143574,0.1093390496342771,0.0109255572013569,0.1128479703830721,0.0047758267346071,-1.3599837177272056,0.1404086477723771
21CMA-DDR1-J205450+881056,20:54:50.47,+88:10:55.6,P,0.5930862243016927,0.0100162657734155,0.4756698740107158,0.0082583225269305,0.4452399398728323,0.0070368472113542,0.4280195428289242,0.0062806524406966,0.4543613831483005,0.0054034033658136,-0.532259866816347,0.0377113471895289
21CMA-DDR1-J132409+862232,13:24:08.81,+86:22:32.3,P,0.0820598621501297,0.0163318123146069,0.0861926261128116,0.0148823637480576,0.0807660271401365,0.0132480774133754,0.0782082330481836,0.0135339950297158,0.055190603413184,0.0057843253171223,-0.8612795303190188,0.4064221229209904
21CMA-DDR1-J142745+874747,14:27:45.10,+87:47:47.0,P,0.4558806383830169,0.0102831942986296,0.3327703586953761,0.0136319748807748,0.2950432067264545,0.0117571169274145,0.241975039983684,0.0128537883839243,0.3012756624088258,0.0075260632278325,-0.8921579780335459,0.0617213015679092
21CMA-DDR1-J225024+853445,22:50:23.57,+85:34:44.9,P,0.1067144786715966,0.0184291251018828,0.1002847142529106,0.0123825843490025,0.1062113739564,0.0135897009092804,0.1142077595481486,0.0130661864122105,0.1605457781567682,0.024697012194163,0.6002566189549132,0.3926211816971443
21CMA-DDR1-J164630+883627,16:46:29.98,+88:36:27.2,P,,,0.0199836903776749,0.0062855033083454,0.0183979819169608,0.0050312403128063,0.0170704981591264,0.0049117873767331,0.0163216026995906,0.0033407301786425,-0.79657177227585,1.3822221916845423
21CMA-DDR1-J183611+883927,18:36:11.40,+88:39:27.0,P,,,0.0233061612342543,0.0069517140670147,0.0222159299113216,0.0054731564467396,0.0180863785712795,0.0044227601238027,0.018099411299596,0.0039189106052453,-1.1452943243371585,1.362031822403752
21CMA-DDR1-J130923+853325,13:09:23.37,+85:33:24.9,P,0.1231625320545362,0.0340683638802336,0.1208413918135775,0.033138658183958,0.1155541722422982,0.0266759250988079,0.1599840087685307,0.0362528923050133,0.1301897313717707,0.0264430365803802,0.2659708740919501,0.6216475074294934
21CMA-DDR1-J224502+855024,22:45:01.88,+85:50:23.7,P,0.105513171512024,0.030802411422073,0.0935417424961342,0.0285773044806297,0.1098106481593353,0.0297474374496244,0.1004564233692735,0.0262837357346914,0.1194770466112558,0.0342959786086231,0.1520076649482806,0.7107649373428107
21CMA-DDR1-J162607+883148,16:26:07.36,+88:31:48.5,P,,,,,0.0183941936082252,0.0056729934346516,0.0148857740466279,0.0043682466219149,0.0152008676904612,0.0034005994153492,-1.07595272513676,2.3501055730044533
21CMA-DDR1-J153039+881634,15:30:39.14,+88:16:34.0,P,0.1622389622060643,0.0092231333582699,0.1134887235212001,0.005176029310081,0.1080704029826813,0.0034981750796088,0.1034842906035297,0.0040463121883638,0.1064934558204838,0.0024558365211445,-0.6674486697733962,0.1064360812252536
21CMA-DDR1-J130636+851337,13:06:35.78,+85:13:36.7,P,0.2020945133384296,0.0174632659184874,0.1726170455180674,0.0235212042503696,0.1461148498905617,0.0126102892456333,0.1231100278828856,0.0217130989823993,0.1517794362745718,0.0230109635203015,-0.7826515458303432,0.2617853884017285
21CMA-DDR1-J134631+865420,13:46:31.49,+86:54:19.9,P,,,0.0482980045115005,0.0142846071484535,0.0549094265648664,0.0135779385720955,0.0477985372475482,0.0121662320471625,0.0408084520239349,0.007925049858605,-0.9547012687809424,1.2981185531320418
21CMA-DDR1-J132356+860321,13:23:56.15,+86:03:21.3,P,0.2824860239010739,0.0101112423361314,0.2022432227126856,0.0079197223099381,0.1993478957977318,0.0074714383752045,0.1871832160875621,0.0119700167159397,0.1774205876014596,0.0084165169708178,-0.9102566530613078,0.1004568092514504
21CMA-DDR1-J224818+852514,22:48:17.87,+85:25:13.6,P,,,0.0958969130587155,0.0283136116373279,0.0844985317588749,0.0272464535662274,,,0.1047219327727208,0.0343457132352636,0.4187705949259158,1.74774183355314
21CMA-DDR1-J185237+883210,18:52:37.46,+88:32:10.3,P,0.1389509573037151,0.0106074551586723,0.1069274643841932,0.0076341541470717,0.0985613077277026,0.0075171124258845,0.0667429223751732,0.0044922975813864,0.0747014357056435,0.0037583146250519,-1.3199986651256286,0.1668708577965318
21CMA-DDR1-J181201+883349,18:12:00.62,+88:33:49.0,P,0.0563039176088933,0.0104835650801073,,,0.072039364811,0.0062923897389432,0.0669588578818402,0.006327799503046,0.0402487530483467,0.00320751361478,-0.9342078356157985,0.370855505102734
21CMA-DDR1-J215052+871842,21:50:51.84,+87:18:42.2,P,0.030374217402971,0.0091449757354202,0.0353109383515449,0.0090294841953769,0.039010865580987,0.0110167324599724,0.0383110312710596,0.0075991957232155,0.0313424645682522,0.005094942615695,0.0491126403272852,0.6139773240480147
21CMA-DDR1-J211433+874729,21:14:32.61,+87:47:29.4,P,0.3054598469506644,0.0114245353751312,0.2522919493337861,0.0072232721535386,0.2330834954656476,0.0051051334469231,0.2404078960021213,0.0056255880715187,0.2404074348325117,0.0051191707615159,-0.4100683294170092,0.0763906462180497
21CMA-DDR1-J221833+863420,22:18:32.92,+86:34:19.9,P,0.0749183745737658,0.0143595395175508,0.0613302466535423,0.0164412683110063,0.0537146197196279,0.0078709359260943,0.0503051430756067,0.0074626700580597,0.0404176019982813,0.0043208786593867,-1.1841244806065492,0.4060986057189899
21CMA-DDR1-J134143+863431,13:41:43.00,+86:34:30.7,P,0.0873640177256045,0.0179756979481151,0.096902900972546,0.0165123169799756,0.0881737778612957,0.0085539193426405,0.0905269043503727,0.0094943135027555,0.0809925673979,0.0060644754482324,-0.2623927141647979,0.3718494217241374
21CMA-DDR1-J143112+873535,14:31:12.34,+87:35:35.0,P,0.2285173303067758,0.0117975741635402,0.1796089875698422,0.0081869680779296,0.1656631435802518,0.0058557203182636,0.1666427977714903,0.0060824333218317,0.1731767194100515,0.0050233555435396,-0.4895740147649617,0.1067948817816432
21CMA-DDR1-J224525+852159,22:45:24.70,+85:21:58.9,P,0.2706857264824487,0.0212659305460381,0.2177119020250684,0.023679300693876,0.1904290565538255,0.0179107346794723,0.2210546416422353,0.031473388697913,0.2677504571099747,0.0331328824084296,-0.3705357591034387,0.2332615679257484
21CMA-DDR1-J144041+874113,14:40:40.91,+87:41:13.4,P,0.242192094863081,0.0106055689140373,0.1901787806540025,0.0075322727521067,0.1842750800127839,0.0055065327078464,0.1871388418645955,0.0049091755471442,0.191370486162157,0.0042085952998083,-0.3730939673665113,0.0877257520148329
21CMA-DDR1-J191846+882535,19:18:45.51,+88:25:34.9,P,,,,,0.0204769672237104,0.0061332027121783,0.0201620773883824,0.0064448952079523,0.0202288966700819,0.0054449221213291,-0.0738571212045137,2.509867234394904
21CMA-DDR1-J215608+870132,21:56:07.65,+87:01:31.8,P,0.4954643583433009,0.0258873623388985,0.3931965036930763,0.0126942334655038,0.2476097154785911,0.0106525293741485,0.3604660931820482,0.0134977419391357,0.2307013602402012,0.0074546692031122,-1.3910008579110271,0.1079897705228458
21CMA-DDR1-J201159+881146,20:11:58.66,+88:11:46.3,P,0.8183236471560505,0.0135192984845899,0.7305974361738717,0.0110959918787302,0.7211087094645923,0.0117701457347248,0.7020288305545447,0.00763426956062,0.7579639091300485,0.0086570890132476,-0.1760644397929742,0.0359743752013855
21CMA-DDR1-J164707+882446,16:47:06.95,+88:24:46.2,P,,,0.0382549216937336,0.0093070460171987,0.0302349963419875,0.0076359685839756,0.0350390977816336,0.0090283795087495,0.0456733950461191,0.0069585191996666,1.062527784477595,1.0733011107409571
21CMA-DDR1-J150020+875042,15:00:19.57,+87:50:42.0,P,0.4539909982221136,0.0139050005683175,0.4065803501231913,0.0096760554176941,0.3941562993788555,0.0079541040452688,0.3879555136381269,0.0081341325454667,0.3865374478723027,0.0067630356661125,-0.2953664147563752,0.0629617753182567
21CMA-DDR1-J150317+874910,15:03:17.21,+87:49:10.4,P,,,0.0796046066726987,0.0102368735810656,0.0764752313702805,0.0074254859797844,0.0858178368788509,0.0081492292842911,0.0902822760831956,0.0072605586527185,0.6724223591259282,0.5454037109078391
21CMA-DDR1-J141425+871717,14:14:25.04,+87:17:17.0,P,,,0.0445042242998735,0.0118490517596237,0.037957743020309,0.0079716998397042,0.0375400308042968,0.0067467170867092,0.034248788961327,0.0062310576288104,-0.9057022331406078,1.175618475518604
21CMA-DDR1-J180336+882925,18:03:35.98,+88:29:24.5,P,0.0520973957615764,0.0135163067199578,0.0524416894778953,0.0117193596080316,0.0428500680294903,0.0043125347376556,0.0397225219828202,0.0046708788029179,0.0445872243111958,0.0034259456535051,-0.2637246142464711,0.4392905692470944
21CMA-DDR1-J131145+850624,13:11:44.58,+85:06:24.3,P,0.2291700447170269,0.0209259495024133,0.1573807461772474,0.0145280006927787,0.1354380806787835,0.0125704161481077,0.1479246642091418,0.0257164404553712,0.1779700783233175,0.0298995082613218,-0.9719455880532566,0.2779489803291299
21CMA-DDR1-J223040+855914,22:30:40.49,+85:59:14.1,P,0.1131684049649402,0.018286845686455,0.127271609891621,0.0104874983484288,0.1343545741447664,0.0094813713622343,0.1521138824504507,0.0107617414975054,0.1979405301970838,0.0105848147852845,1.3735541965210096,0.2631883766001755
21CMA-DDR1-J165404+882434,16:54:04.28,+88:24:33.9,P,0.1909700994015413,0.008761218635879,0.1454614634969341,0.0058137870562752,0.1372538376470563,0.00541271095611,0.1353280180531572,0.0042264581975437,0.1322257510750442,0.0031294612105485,-0.6503345872212913,0.0927159349491709
21CMA-DDR1-J221941+862408,22:19:41.48,+86:24:07.9,P,0.0453897913142229,0.014134749318853,0.0543502802854587,0.0118163523083137,0.0548376526008009,0.0057197160956655,0.0484373795877745,0.0096505969838697,0.0429837623176362,0.0044635256442182,-0.5200181113979553,0.5297676997939075
21CMA-DDR1-J133325+860841,13:33:24.63,+86:08:40.6,P,0.1075185665280364,0.0235752940823965,0.1025283283318438,0.0188290829221195,0.0948130016642568,0.0108574606516423,0.0945772641436263,0.0116554098451769,0.0846202472342145,0.0072449311459504,-0.5120710553886593,0.4062555486839063
21CMA-DDR1-J194246+881735,19:42:45.67,+88:17:35.4,P,,,,,0.0341135483880867,0.0095404247231635,0.0320909237636955,0.0099171721340207,0.0316409120138557,0.0054177756123381,-0.4440887362076692,2.005830686126276
21CMA-DDR1-J151254+875529,15:12:53.58,+87:55:29.2,P,,,,,0.03257515374347,0.0101704697505496,0.0312177552334711,0.0071186009991043,0.0294924909141486,0.0061719633076988,-0.6358630525994038,2.2880204156692505
21CMA-DDR1-J210527+873946,21:05:27.17,+87:39:45.9,P,0.7140984781482655,0.0151368785086826,0.5871739005736836,0.0092846410737304,0.5418553201140677,0.007728759967998,0.5052988993672328,0.0068281424479278,0.5094011721763654,0.0067813880136561,-0.6729507952844538,0.0443794030204538
21CMA-DDR1-J210707+874216,21:07:07.28,+87:42:16.3,P,,,0.1851428414584251,0.0091879658711099,0.1912675354603751,0.0086475977696994,0.1852963387322873,0.0080951266314617,0.1939860093290819,0.0084491183046173,0.1265407007729465,0.2478749195628705
21CMA-DDR1-J131938+852402,13:19:37.54,+85:24:02.3,P,0.1353680833886245,0.0183886227135973,0.1117878313558215,0.0121889520570155,0.110916830108051,0.012362587503909,0.1381959073492427,0.021342958235998,0.147120379242446,0.0175664418100925,0.1594311959359906,0.3252995872716112
21CMA-DDR1-J203226+875926,20:32:26.31,+87:59:26.4,P,1.4695472424658087,0.0321315900819498,1.091104324262817,0.0151461228183987,1.0558781413952152,0.0140098598421081,1.00687830263768,0.0111795281079412,1.0408479655745368,0.0108735730049671,-0.5664059576974093,0.0414247454261287
21CMA-DDR1-J192708+881750,19:27:07.67,+88:17:49.8,P,,,,,0.0231477049097526,0.0074880292427269,0.025430586941108,0.0071752920008143,0.0231582466949145,0.0052499460104406,-0.1140819479340579,2.4262138015026027
21CMA-DDR1-J170935+882245,17:09:35.12,+88:22:45.3,P,,,,,0.0222773039825657,0.005972110111672,0.0194429142699142,0.0059155202280445,0.0203822376508216,0.0041262459393347,-0.4930121902072403,2.081627429920421
21CMA-DDR1-J133814+861033,13:38:13.88,+86:10:32.9,P,0.2787782392764252,0.0281201280121451,0.1598749454479006,0.0147192060303921,0.1728635117965231,0.0089184607087452,0.1543302672656778,0.0105177767667259,0.1432220080602168,0.0079447455194431,-1.1619090053670575,0.2072652266130933
21CMA-DDR1-J143429+872655,14:34:29.33,+87:26:54.7,P,0.1259619791497748,0.0212059455829852,0.1500815327650995,0.0136595366338559,0.1392978969679831,0.0116429978463948,0.1425129081838544,0.0146335770628162,0.0777056357811529,0.0050572153847115,-1.4562299708795703,0.2935021009452062
21CMA-DDR1-J181755+882349,18:17:54.58,+88:23:48.9,P,0.0494720164038802,0.0127824122331996,0.0530872918330415,0.0069124198570836,0.0508700097626293,0.0073988203517754,0.048611778003405,0.0060179293660465,0.0464464610065194,0.00446996841123,-0.2815741641215459,0.4383028291232946
21CMA-DDR1-J152242+875628,15:22:42.04,+87:56:28.2,P,,,,,0.0339006367887122,0.0077948142492668,0.0365873077240364,0.0071927790162191,0.030727028132293,0.0053792903155856,-0.7398363210153774,1.7860130777250802
21CMA-DDR1-J181103+882325,18:11:03.32,+88:23:24.6,P,0.0545262395695054,0.0145481911055921,0.0634003792402257,0.0090250764197956,0.0550685692167697,0.0065207119628537,0.0458033558459782,0.0058013214227136,0.0467464168789566,0.0031544275615943,-0.710113259010759,0.4062968594778881
21CMA-DDR1-J223357+853557,22:33:57.15,+85:35:57.2,P,0.1052642968047592,0.0165123864518429,0.1018820568325462,0.0122841356115615,0.1170080649738557,0.0228249868896599,0.1269182403399577,0.0291549664247478,0.1323845390578198,0.0351442587636491,0.3777088603366547,0.4624509382645584
21CMA-DDR1-J191120+881800,19:11:19.84,+88:17:59.8,P,0.0473449687756683,0.0125782667041017,0.0594921431221831,0.0122402763518209,0.0548879141413748,0.0113616303730389,0.054011360200013,0.0062092398431539,0.0495672393931091,0.0038945706364368,-0.1423153487944617,0.4631595464914511
21CMA-DDR1-J151752+875205,15:17:51.87,+87:52:05.3,P,,,0.0629187290681313,0.017214122989355,0.0558144802092878,0.0098324615797782,0.0629773807974786,0.010891150184946,0.0585244096097435,0.00659484239329,-0.0493546465166544,0.9579671613999864
21CMA-DDR1-J135853+864314,13:58:53.03,+86:43:13.9,P,0.0515559448150633,0.0132138741241669,0.0525074395422669,0.0130149653362433,0.0500376845823109,0.0110984665670988,0.0480065537490206,0.0114058958365853,0.0431692704014202,0.0079405006436241,-0.3408522155741638,0.5757846684858497
21CMA-DDR1-J221433+861715,22:14:32.51,+86:17:15.4,P,0.0722046413147435,0.0171788131330116,0.068675672203529,0.0140531546075622,0.0677372552673237,0.0120667372665534,0.0631185416036767,0.0139709705213684,0.0518739668186978,0.0084738514459937,-0.6151959106927459,0.52531000587404
21CMA-DDR1-J214110+870601,21:41:10.32,+87:06:00.9,P,,,,,0.0390462117053162,0.0112487018684863,0.0328276786442651,0.0082394418062559,0.0388203304282821,0.0086542391125765,0.1194723483387321,2.254212409162273
21CMA-DDR1-J152357+875124,15:23:57.09,+87:51:24.1,P,0.1123552580075333,0.0206474476173802,0.1170360694394478,0.0102731030924901,0.1135417192506651,0.0066186205368695,0.1189511617179716,0.0078130918133215,0.1165221662545033,0.0052849309656438,0.0664740021313297,0.2642759950618707
21CMA-DDR1-J144414+872820,14:44:14.03,+87:28:20.3,P,,,0.0539905839491551,0.0159087260692671,0.0523723242791496,0.0126397881738594,0.0472098072347053,0.0127134953980822,0.0456363375952085,0.0055796599228444,-0.7260168454744607,1.0917254595777064
21CMA-DDR1-J195234+880619,19:52:33.56,+88:06:19.2,P,,,0.0538753023687501,0.0125767320697646,0.0491165171462782,0.012327244817761,0.0566631839414056,0.0111407135845768,0.0472700928009995,0.008170365305643,-0.374139760321258,1.1003312001223535
21CMA-DDR1-J163626+881254,16:36:26.12,+88:12:53.6,P,,,0.0345702581267559,0.0087404233103859,0.0329589839014837,0.0086271019474878,0.0270237746076277,0.0084604284033883,0.0302018201694453,0.0064454099129284,-0.6287294828393694,1.2642982021971274
21CMA-DDR1-J215539+864353,21:55:39.28,+86:43:52.6,P,0.0533868288362407,0.0094279130110486,0.0581255263334034,0.0102610375205014,0.0544771958688154,0.0068647376572178,0.0498437632716224,0.0088758568615577,0.0397712315127777,0.0037959775207619,-0.6702412084684731,0.3673569921887235
21CMA-DDR1-J222705+854225,22:27:05.37,+85:42:25.5,P,,,0.0761415143071996,0.0179144771050711,0.0868317720570032,0.016041515941867,0.0905768362120751,0.0206300338233954,0.0963585769897041,0.0186614203184862,0.8675442546564813,1.1348919879260153
21CMA-DDR1-J222542+854509,22:25:42.02,+85:45:08.5,P,0.0950496017392245,0.0205931501810447,0.1023054050923389,0.0140758935071887,0.1098915430690934,0.0148802443709796,0.1232516820985917,0.0212487575147214,0.1146887157902142,0.0191130088124106,0.4636758266293276,0.4809289884166935
21CMA-DDR1-J213008+871210,21:30:08.07,+87:12:10.0,P,0.0937963624143769,0.0206567713564779,0.0939360100547805,0.0101331255286956,0.0874881872313341,0.0092483046702933,0.0877625732479094,0.0103523956202238,0.0771379898403726,0.0070402273032747,-0.4873557116180466,0.3846728484668886
21CMA-DDR1-J175333+881805,17:53:33.16,+88:18:04.7,P,,,0.0276432107726541,0.0074809369581705,0.0232920982630627,0.0055910680431738,0.020168261211433,0.0057179284302616,0.0209492763763615,0.0030076451545939,-0.982068211429362,1.1023006481863111
21CMA-DDR1-J200133+880123,20:01:32.60,+88:01:23.5,P,0.0695767691738024,0.0154580123910963,0.0738728661102177,0.0133992981161483,0.0780917345104449,0.0080277391143609,0.0773470379056544,0.0065682015989712,0.0840111622075167,0.0056808930671879,0.3913012989078428,0.3819612217893103
21CMA-DDR1-J193108+880802,19:31:07.65,+88:08:01.7,P,1.3453959110437033,0.0242869573073504,0.9698687692097124,0.0145771615738412,0.8959120226121882,0.0119759507605141,0.8427515080185378,0.0094135988350367,0.8580279579062837,0.0091084127620744,-0.8421852519493416,0.0374336918957709
21CMA-DDR1-J134115+855838,13:41:15.08,+85:58:38.3,P,0.9711970157478232,0.0198315828218566,0.7218475259766034,0.0136365780043774,0.7068894712956602,0.0186432308963022,0.6928313027646881,0.0196197642728865,0.6014590160100404,0.012560645319465,-0.8664346889706238,0.0523647798082284
21CMA-DDR1-J223436+851831,22:34:36.26,+85:18:30.7,P,0.070736563342225,0.0155466698257321,0.0680687920929938,0.016267211747859,0.0552590270531197,0.0169664961691664,0.0849224964695246,0.024964923427989,0.0942036112713469,0.030879055125768,0.3156785078873949,0.6253817741070816
21CMA-DDR1-J220637+862107,22:06:37.33,+86:21:06.5,P,0.5298563605004762,0.0149970112617817,0.383421499116935,0.0114827631232989,0.3834183272199429,0.0096355202645243,0.3484063526984384,0.0094263681825287,0.2962171477517261,0.0063347398497561,-1.0551666280730128,0.0647850015185933
21CMA-DDR1-J182723+881544,18:27:22.59,+88:15:44.2,P,0.1281055938164592,0.0106342933085753,0.1224572946473944,0.0066366743661141,0.1265223878117918,0.0052150305219101,0.1264626906764883,0.0044220170143995,0.1360532607778659,0.0032952819794279,0.2265106623852134,0.137423923106591
21CMA-DDR1-J202657+875042,20:26:56.92,+87:50:41.5,P,,,,,0.0359375832960822,0.0092973632657812,0.0334799613780013,0.0080704386815703,0.0320067831720497,0.0071664289285333,-0.7178301767266635,2.1299931504154666
21CMA-DDR1-J213919+865813,21:39:18.64,+86:58:12.9,P,1.352433375768456,0.0226344835949334,1.051201522999433,0.0159466294983727,1.0130935875541236,0.0154300619816005,0.9351050765864168,0.011360406126194,0.8585806551316844,0.0112687841831019,-0.842601034391811,0.0377701863542127
21CMA-DDR1-J173129+881503,17:31:29.32,+88:15:03.4,P,0.0484094198250511,0.0106266820718213,0.0532549341472204,0.0096743473049338,0.0421693999798725,0.0083175874965264,0.0413997321998203,0.0072642025808536,0.0418056022731333,0.0046421961873829,-0.4068607972088409,0.4410744346965349
21CMA-DDR1-J141529+865042,14:15:28.75,+86:50:41.8,P,0.1932836058780358,0.0113235760066045,0.1476480480110347,0.0076323440616346,0.1339432778715701,0.0053996238642988,0.1202699910747944,0.0062209857764188,0.110230407578997,0.0044184170203713,-1.0821178588461282,0.1290619315287699
21CMA-DDR1-J205100+873650,20:50:59.74,+87:36:49.8,P,0.2596578798591475,0.0095433735544804,0.1745985507204349,0.0070203471207622,0.1798950584889126,0.0065619687778914,0.1767162553717674,0.0048449518512021,0.1779287670819846,0.0052165589046659,-0.7036725981834009,0.0840333454250021
21CMA-DDR1-J144316+871402,14:43:15.98,+87:14:01.6,P,1.9552786960947728,0.0283061722327584,1.4932995558004234,0.0197197197495365,1.4184503440800775,0.0177613314424749,1.3245850330939426,0.0203586762244364,0.5713088143975437,0.0089498844542606,-1.748286497660127,0.0365553738028308
21CMA-DDR1-J221325+860431,22:13:24.85,+86:04:31.2,P,,,0.0438108763199018,0.0125981323904604,0.0384448999411975,0.0093427509498742,0.0453974764794441,0.0104211035050412,0.0422847840952106,0.0090492083639662,0.1130230588102913,1.328964072169742
21CMA-DDR1-J165325+880914,16:53:24.63,+88:09:14.5,P,0.2084317376651728,0.0182241639735141,0.1599372624114334,0.008595895890513,0.1474582356425638,0.0053611278148777,0.1443866737832867,0.0051763562122668,0.1376617266261003,0.0036756845508071,-0.6875812667872946,0.1435226637263099
21CMA-DDR1-J150638+873241,15:06:37.60,+87:32:40.9,P,0.0970444037391956,0.0182979146249628,0.1030881170084443,0.0218699415797578,0.1332752580313674,0.0103063604772423,0.1007716441227618,0.0149331387574669,0.1121052244790847,0.0078768773370335,0.0367374048640279,0.3498371628785046
21CMA-DDR1-J181243+881241,18:12:43.04,+88:12:40.8,P,0.0471125230294548,0.0143295132192229,0.0503074155317454,0.0067200380468845,0.0469406602945839,0.0037950951116973,0.0426069937775593,0.0036567699105686,0.0438966450724765,0.0027421431072457,-0.3698728186860012,0.3970580170952815
21CMA-DDR1-J212357+870910,21:23:57.21,+87:09:10.4,P,0.0797163474816197,0.0231793285182982,0.0996349047856321,0.0108015682294295,0.0991353837177292,0.0099552432867482,0.092641197404971,0.0078430177722064,0.0847257303265918,0.0057003057812857,-0.3788420879010795,0.3861189869953379
21CMA-DDR1-J163941+880508,16:39:41.13,+88:05:08.4,P,0.9938971881936716,0.0338762383772212,0.8146203107902281,0.0142049089258791,0.7653244870512514,0.0116632153302927,0.7355373983462752,0.0129895104394699,0.7419084780713655,0.0091942102411955,-0.4854215262501428,0.0574171998481283
21CMA-DDR1-J152712+874323,15:27:11.97,+87:43:23.0,P,0.0562443981425895,0.0148704752071382,0.0698699024898335,0.0134601390995488,0.0659756070885872,0.0066625667149617,0.0581870131170395,0.005105174169126,0.0643504927029092,0.0041470868112965,0.0440335996715547,0.4161161934018496
21CMA-DDR1-J220619+861338,22:06:19.45,+86:13:38.1,P,,,0.0678014941094854,0.0145518977415171,0.055992166817749,0.0072994252324962,0.0512271291311488,0.010283591466113,0.0527292768896265,0.008061200773665,-0.8391889128183938,0.9425005689776804
21CMA-DDR1-J215050+863728,21:50:49.98,+86:37:28.4,P,0.0369506105902312,0.0100385333836723,0.041260464807037,0.0095832177034007,0.0369462571778848,0.0074521900206909,0.0337818662450815,0.0073201752670044,0.0267470113320547,0.0042707305193877,-0.7220996296781061,0.570167132661373
21CMA-DDR1-J135933+862157,13:59:32.98,+86:21:57.3,P,0.5634308247224165,0.0139384273269738,0.3886919511925689,0.0143563910221744,0.372766207022381,0.0109741869185489,0.3141818532954729,0.010766927373676,0.272388374587628,0.0084555095556644,-1.3299226803789632,0.0672816401149727
21CMA-DDR1-J180114+881123,18:01:14.21,+88:11:23.2,P,0.0677977923625993,0.0124274873486976,0.0784588701037716,0.0058704078911286,0.0702167905730656,0.0038926846937761,0.0694943021586956,0.0032453719182026,0.069286092564314,0.0028725084010547,-0.2096051626717878,0.2453635967756348
21CMA-DDR1-J171142+880750,17:11:41.63,+88:07:50.3,P,0.050456740829114,0.0156898130880007,0.0615597157784081,0.0123400992244863,0.0544452828562224,0.0087298173824357,0.0559070646721243,0.0094074147229383,0.0494172795432824,0.006052151284717,-0.2531236605184911,0.5591816740326138
21CMA-DDR1-J201058+874720,20:10:58.00,+87:47:20.2,P,0.0915014975425666,0.0140730783847694,0.1148878270943681,0.0065445397358602,0.1086489545687538,0.0048355432588458,0.1076421917460109,0.003990909477279,0.107168012485802,0.0037429140946903,-0.0318920228042039,0.1998178446637127
21CMA-DDR1-J181935+880753,18:19:34.63,+88:07:53.5,P,,,0.0448997504040354,0.0104355481594115,0.0375113815859297,0.0040554295058767,0.0366505294911841,0.0075232926297116,0.0350950860593127,0.0030153146884864,-0.6494838540230481,0.7142987302847321
21CMA-DDR1-J133738+852951,13:37:37.71,+85:29:50.7,P,0.112080832148082,0.0169155778845909,0.1130379542925447,0.0129804795465266,0.0911831959703111,0.0128246259678327,0.1125918251924617,0.0199908935531332,0.1099444989504221,0.0179336536615427,-0.1146829002042245,0.3846278797019542
21CMA-DDR1-J205309+872547,20:53:08.91,+87:25:46.5,P,0.0546805548680811,0.010763336816103,0.0566518698398201,0.010901153904649,0.0579925254900358,0.0072325410407243,0.0577930916494387,0.0073419490309577,0.0543014382174876,0.0051909156715194,-0.0313862536458777,0.3935741802734563
21CMA-DDR1-J134555+854914,13:45:54.59,+85:49:14.2,P,,,0.0726358422254172,0.023164634541414,,,0.0857000579270198,0.0248370301451112,0.0506709861356605,0.0137004217689134,-1.181659301452327,1.6494512908642107
21CMA-DDR1-J195721+875115,19:57:21.41,+87:51:15.4,P,,,,,0.0343193661740989,0.0097321462040405,0.0337888300623627,0.0070655632737486,0.0300890599031714,0.0063328047434838,-0.8894905880191496,2.173449019180648
21CMA-DDR1-J221752+853826,22:17:52.02,+85:38:26.5,P,0.202022662305347,0.0132923133284608,0.1359458577924183,0.0126945508785428,0.1487712482993773,0.0128769548934485,0.1692794880098149,0.0159429556351754,0.1563593912725032,0.0182782266036631,-0.5491443089327087,0.196133367800051
21CMA-DDR1-J212437+865957,21:24:36.80,+86:59:57.4,P,0.2413262581690397,0.013438691527647,0.1671101015936179,0.0099944215675781,0.1717994541623528,0.008648590470027,0.1628079972505446,0.0066695597418665,0.1454401085393014,0.0070182349883693,-0.8917754371347789,0.1294400069418479
21CMA-DDR1-J172650+880553,17:26:50.22,+88:05:53.0,P,0.3377628695523335,0.012672370372856,0.2751981648678642,0.0077077653231255,0.2646578938362112,0.0073263147363262,0.2394881548939616,0.0064062270709915,0.2411790526261595,0.0056600271471795,-0.6589918598299892,0.0789750951471777
21CMA-DDR1-J170310+880347,17:03:10.43,+88:03:47.1,P,,,,,0.0408092976621085,0.0126827277076258,0.0370388301717466,0.0106635915301024,0.0369970827089219,0.0069526476566769,-0.5416944573746034,2.2055789176820007
21CMA-DDR1-J215626+861950,21:56:26.19,+86:19:49.5,P,0.0468482054899069,0.010631246718233,0.0562439434520359,0.0137650923314731,0.0550005051661494,0.0086799260319208,0.0484480556825121,0.0099367069665472,0.0377734335164832,0.0050157557729616,-0.4997372512784607,0.4834349050263304
21CMA-DDR1-J141202+863320,14:12:02.31,+86:33:19.9,P,0.0444490548718804,0.0133402340021926,0.0510129015191447,0.0135244055992951,0.0527725095856005,0.0093794469762884,0.0446643769438326,0.0087884601216126,0.0371953796780939,0.0066856550533189,-0.428833817389241,0.6290744556659548
21CMA-DDR1-J221125+855154,22:11:24.63,+85:51:54.3,P,,,,,0.0496362038892148,0.0119146625740502,0.0528549077541191,0.01575700318723,0.0454729948394907,0.0120737658770347,-0.4961259207493682,2.2264766218523944
21CMA-DDR1-J203703+873351,20:37:03.13,+87:33:50.6,P,,,,,0.0262954471633259,0.0068240685294723,0.0240494840693763,0.0055376358264134,0.0288289916157312,0.0055803930409297,0.7132695933386459,1.998850810754872
21CMA-DDR1-J171742+880430,17:17:41.98,+88:04:29.7,P,,,0.0758695573149542,0.0218229394152186,,,0.0554757428597021,0.0170403263833798,0.053212457071992,0.0092075777880558,-1.401031377001464,1.3346085186225642
21CMA-DDR1-J162750+875635,16:27:50.40,+87:56:35.0,P,0.0672918025532024,0.0180384603360602,0.0659297552541526,0.0143291065848355,0.0653284349445389,0.0069685124517216,0.0625418844328087,0.0075598605975818,0.0653057725884154,0.006119482133367,-0.0644349017593539,0.4731861568588382
21CMA-DDR1-J190116+880137,19:01:16.12,+88:01:36.7,P,0.0585705721218489,0.0112178543753809,0.0641358048107203,0.0111367234205935,0.0693363859338027,0.0109203138895549,0.0703909491414937,0.006459140575976,0.0668502625151188,0.004627227393405,0.2227781622387879,0.3560083160464214
21CMA-DDR1-J220603+855847,22:06:03.38,+85:58:47.0,P,0.3814611638470894,0.0128514325021539,0.2736193021125678,0.0127558362028813,0.2666623517688755,0.0096813022595768,0.2787970702393328,0.011179767484878,0.2401688862549892,0.007406945167797,-0.834188804552602,0.082784774820093
21CMA-DDR1-J133258+851019,13:32:58.08,+85:10:18.6,P,0.2013512136785689,0.0173871329949208,0.1276720427539295,0.0173427264996791,0.1294094287178466,0.0140564699634389,0.1438075862490332,0.0293502755541623,0.1569305274917466,0.026122378700351,-0.8340835265543299,0.2783550940880482
21CMA-DDR1-J160036+874707,16:00:36.02,+87:47:07.4,P,1.2810889754140218,0.0204311385755134,0.951065335422214,0.0113862986749595,0.9219261003815424,0.0136263547106591,0.9060311544911486,0.0153939453821139,0.9244318288842838,0.0127260919593036,-0.6228244054529847,0.0378006589574533
21CMA-DDR1-J140050+860944,14:00:50.43,+86:09:43.7,P,1.4920196565945731,0.0215180650959416,1.1519209534698345,0.0265005060919808,1.1070553627918158,0.0254155839137439,0.972789611254426,0.0290400243370297,0.8326980058978314,0.0156141251315426,-1.0484404733243011,0.0414885162516254
21CMA-DDR1-J152144+872859,15:21:43.87,+87:28:59.2,P,1.5330062374854512,0.0281745961023985,1.1299400618963955,0.0184007198005733,1.0864517732826802,0.01820562977775,1.05156463436037,0.0197437224032258,1.042213656215394,0.0152160266176961,-0.7279867831130151,0.0425959854359628
21CMA-DDR1-J153902+873749,15:39:02.14,+87:37:49.3,P,0.4140797692162845,0.0210754761894054,0.3066349496421531,0.0087988714513699,0.2907309490407954,0.0075514000637209,0.2828812698044435,0.0080091268760875,0.2883425896336476,0.006325488723758,-0.5562680598598835,0.0922329947638114
21CMA-DDR1-J202046+873744,20:20:46.49,+87:37:43.8,P,,,0.0336310160282343,0.0097779855925455,0.031157301251411,0.0068163573594988,0.0294141265716361,0.0075813244096739,0.0293730368960955,0.0055437773431348,-0.5036419490722268,1.2544036012287862
21CMA-DDR1-J182356+880255,18:23:56.23,+88:02:54.6,P,0.0511410968429747,0.0106107854440586,0.0495149958401024,0.0072445735511694,0.0488850658176895,0.0042287695729349,0.0486562594651325,0.0057265016045946,0.0446354245560121,0.0026192592241904,-0.3404529715326989,0.3409633391659105
21CMA-DDR1-J143903+865819,14:39:02.56,+86:58:18.9,P,,,0.0480020568820756,0.010150902491312,0.0403587941280019,0.0096020149525785,0.035193749411294,0.010756711201137,0.033845353336316,0.0072127648090982,-1.4032172478057283,1.1569001280324305
21CMA-DDR1-J164405+875409,16:44:04.90,+87:54:08.8,P,0.2629093886784359,0.0128077477920253,0.2147591265809457,0.0102257813934442,0.1984417984102978,0.0083342440343732,0.1964963524124415,0.0092587441163729,0.1903064888773594,0.0080153361525972,-0.6264068410754772,0.1154427904941535
21CMA-DDR1-J214550+862316,21:45:49.85,+86:23:16.5,P,0.0414924463260934,0.0112849506510076,0.0602401859241841,0.012544692935333,0.0493002477023804,0.0108320030596659,0.0369444949104835,0.0083109541788449,0.0345436040965665,0.0061581931244236,-0.6467364155553257,0.5855341367017681
21CMA-DDR1-J174933+875824,17:49:32.96,+87:58:23.9,P,0.140425162088842,0.0081969634403816,0.1120135302366914,0.0051344075464846,0.1006919796422751,0.0041801648152866,0.090487840449596,0.0038178015762484,0.095956398986315,0.0029807645516466,-0.7504527522384101,0.1180276318083518
21CMA-DDR1-J133603+850057,13:36:02.73,+85:00:57.4,P,0.4214228055607106,0.0243648624573505,0.2638596339378179,0.0258118162099473,0.2558146241327333,0.0175851174074339,0.2547999915974744,0.036880516174824,0.1857581990997549,0.0311346874227242,-1.3952727472750002,0.2012273569441321
21CMA-DDR1-J141652+862347,14:16:51.79,+86:23:47.1,P,,,,,0.032015245659541,0.0062872871315968,0.0233959820527757,0.0071429126297819,0.0159689626689101,0.0044313524295962,-4.285484451357146,2.0853123990021154
21CMA-DDR1-J145535+870257,14:55:35.17,+87:02:57.1,P,0.2362134262362667,0.0208110392439172,0.1879771685482548,0.0099875571389845,0.1595608435735179,0.0080823329494333,0.1466444914371246,0.0063694590829561,0.1610698213437111,0.0065801747175264,-0.7700330025454507,0.1641502376153585
21CMA-DDR1-J214135+862028,21:41:35.08,+86:20:28.2,P,0.2592515133396002,0.0155202556575754,0.2018067639801585,0.0113083933836934,0.1930609058985739,0.0099783378720951,0.1659242161753698,0.0123344954211166,0.1535731510926839,0.0080553852985299,-0.9882006647469556,0.1445584316858041
21CMA-DDR1-J171825+875400,17:18:24.84,+87:54:00.4,P,0.0610096619330035,0.0118964748432841,0.0670718086103006,0.0077413500836051,0.0665293344547715,0.00618561058462,0.0621078855037394,0.0075377100102345,0.0623433026360366,0.0066586977395747,-0.062464612276022,0.3840267109361615
21CMA-DDR1-J212813+863801,21:28:12.92,+86:38:00.7,P,0.0414330282417472,0.0113935805957414,0.0461306859512673,0.0108048455799862,0.0463925138634828,0.0111135909037847,0.0370239934232106,0.0107986607026292,0.0290105860143529,0.0072967096937696,-0.577037247431612,0.6641112823950788
21CMA-DDR1-J185513+875210,18:55:13.20,+87:52:10.0,P,,,0.0263937424659849,0.0064896447127516,0.0271160179473211,0.0074123868924363,0.0215685698494166,0.0059881630835276,0.0183879447166032,0.0037792637013152,-1.5679343132790018,1.2264336848282005
21CMA-DDR1-J173107+875414,17:31:06.97,+87:54:14.1,P,0.4269406864206734,0.0118451244817865,0.351717059166356,0.0085608873785618,0.3293903407974348,0.0089565005129184,0.3088504675618031,0.0102520649665627,0.3094589727495045,0.0099137937100404,-0.6589158800084789,0.0722463381633977
21CMA-DDR1-J155123+873245,15:51:23.20,+87:32:44.9,P,0.0385927784715785,0.0113251762020382,0.0560982392406288,0.013830505140671,0.0449798225517372,0.0090866332230087,0.0380854641928065,0.0092255800800713,0.041954423403201,0.0070050683190793,-0.1019836295208953,0.610169805384933
21CMA-DDR1-J184334+875037,18:43:34.38,+87:50:37.3,P,0.1238927543256162,0.0122608669380472,0.1062070789736408,0.0098493040159687,0.1037208884260536,0.0084862421160572,,,0.090002655251345,0.0060562195288297,-0.6088507046484776,0.2245401497445235
21CMA-DDR1-J150740+870611,15:07:39.95,+87:06:10.7,P,1.380878829210788,0.0252464602666429,1.063904964413598,0.0180562403386717,0.9898192874586316,0.0183547796140229,0.9152199820673964,0.0200459809988668,0.9347147665817338,0.0174539364889605,-0.7981556755621929,0.0461365066554342
21CMA-DDR1-J212743+863503,21:27:43.31,+86:35:02.9,P,,,0.0366402326932039,0.0100703371560789,0.0360705861916831,0.0116215877385508,,,0.0223567440556993,0.0072161411430507,-2.011660307337232,1.6833886759489782
21CMA-DDR1-J161515+873756,16:15:14.70,+87:37:56.0,P,0.0745790370802963,0.0147797172057334,0.0743279236550283,0.0137576048013091,0.0726215407365848,0.0068706560528066,0.0727217845490126,0.005908843063829,0.0723764716214849,0.0056896663895986,-0.059296677229111,0.3695017591601251
21CMA-DDR1-J164025+874352,16:40:25.02,+87:43:51.9,P,0.4836528771852184,0.0135753606185048,0.3826369264791089,0.0098995042939111,0.354841671635261,0.0089460953714063,0.3547005132562607,0.0157199570770247,0.3346452717018935,0.0120908403128454,-0.7352692941395749,0.0767816764118854
21CMA-DDR1-J163324+874242,16:33:23.89,+87:42:41.7,P,0.180196543025852,0.0161910414391556,0.1248295148036535,0.0110434215717465,0.1088051273147003,0.010724570952987,0.1236831153979874,0.0177987617706712,0.1073513779362975,0.0131044309944516,-1.0381757715471631,0.2522508957647938
21CMA-DDR1-J213052+862856,21:30:51.77,+86:28:55.6,P,,,0.0334297879600531,0.0104422136560755,0.0370416891902894,0.0121752982016423,,,0.0306949361453847,0.0092731515068986,-0.4367710768360365,1.7044928063679812
21CMA-DDR1-J161016+873405,16:10:16.05,+87:34:05.0,P,0.1459622677360264,0.0212657910486121,0.0793976238425894,0.0096539742107993,0.0997514617889624,0.0069870853812607,0.0765331244322584,0.0085119786808145,0.09697196970284,0.0056785985502772,-0.5201800531886993,0.2721701238631777
21CMA-DDR1-J160712+873323,16:07:11.99,+87:33:23.1,P,,,0.0980993250759506,0.0133344873418971,0.0685272063856932,0.0068273084514057,0.0806701279041057,0.0121111201207006,0.0644797780364608,0.0053112428138251,-1.2091042113174515,0.5682351543820618
21CMA-DDR1-J214904+855959,21:49:04.10,+85:59:59.4,P,0.1172803090896959,0.0134798467123838,0.1004195434532801,0.0097402460123098,0.0999515769911891,0.0087726027997595,0.0850645431428251,0.0080071695669278,0.0876289598328581,0.0082273797019133,-0.605807607494355,0.2636964920819933
21CMA-DDR1-J190314+874446,19:03:14.16,+87:44:45.7,P,0.0324007272331194,0.0085194056289443,0.036351518253578,0.006864108732722,0.0379428251365228,0.004218256274049,0.0339911144253641,0.0055664107063445,0.0347552302000987,0.0029782797779591,-0.039067900403344,0.4514124682430619
21CMA-DDR1-J162611+873825,16:26:11.23,+87:38:24.8,P,,,0.0423673892963895,0.0119713188958479,0.0371504288702221,0.0079931305544572,0.03984565200294,0.0101863785633823,0.037820738814251,0.0085936317030511,-0.2687496907611958,1.3420400663701468
21CMA-DDR1-J211347+864309,21:13:47.42,+86:43:09.5,P,,,0.0504683786054602,0.0120597075318716,0.0501351062926617,0.0110563739125014,0.0335431253694606,0.0088266831047013,0.03371774573158,0.0064785266837985,-1.8799011315898968,1.1583130914112707
21CMA-DDR1-J135351+852558,13:53:50.84,+85:25:58.0,P,0.2747498875676309,0.0175097485637502,0.2087373413107217,0.0154828347582282,0.2334277248943959,0.0167365933722597,0.2693550466335169,0.0216779443912025,0.1931107476554405,0.0148417216799938,-0.4410528576170705,0.169586025923112
21CMA-DDR1-J213904+861348,21:39:04.16,+86:13:48.3,P,,,,,0.0393952891137133,0.011200918552142,0.0325494795269202,0.0094938237062228,0.0329383272692676,0.0071979654695508,-1.043362924054047,2.221859574925283
21CMA-DDR1-J181654+874847,18:16:54.08,+87:48:47.2,P,,,0.0411888304221685,0.0084148094852721,0.0364690094945306,0.005061349051777,0.0349084446722904,0.0065320689629684,0.0343742052071685,0.0028069457885001,-0.5693011450389229,0.7177110443050555
21CMA-DDR1-J171650+874708,17:16:50.10,+87:47:07.6,P,,,0.0291351014250591,0.0085156058975887,0.034033803313493,0.0092885505323553,0.0259593514462389,0.0084353320989615,0.023407186040551,0.0066293620155764,-1.1072076399363455,1.542826611408653
21CMA-DDR1-J211046+864438,21:10:46.20,+86:44:37.8,P,0.0677060639672571,0.0142255586940731,0.0667258086451566,0.0109954917963493,0.0628856061680095,0.0086700802403714,0.0620276633055021,0.0090904428987013,0.0473773219627841,0.0051303807664497,-0.7454828650180002,0.4204256596850934
21CMA-DDR1-J200334+872622,20:03:34.21,+87:26:22.3,P,0.1633046648349167,0.0121503627310044,0.1346262526132172,0.0097723815050824,0.1321477563945934,0.0075327641327876,0.1187864057712569,0.0063784572924953,0.1205087631261539,0.0038841719207221,-0.5747580249337081,0.1451797982083269
21CMA-DDR1-J142755+862043,14:27:55.43,+86:20:42.7,P,0.0621046837730681,0.0130713695207131,0.0810594918831097,0.0134798114869554,0.0639165979702196,0.0065891367121069,0.061591446879828,0.010976436376528,0.0615627802257761,0.0046376646919901,-0.2453929403612135,0.3785635267412923
21CMA-DDR1-J151312+870306,15:13:12.31,+87:03:06.4,P,,,0.1065895622162341,0.0229237960300413,0.106935461433881,0.0149931514424927,0.1008078147912528,0.0144501329735277,0.1041547738184023,0.0142673111882034,-0.1559808943653181,0.8984108632096283
21CMA-DDR1-J141227+855732,14:12:26.64,+85:57:32.0,P,0.0979578885638054,0.0211975649647077,0.1047144194951133,0.0167047413264602,0.1013031003514561,0.0163529344083393,0.0789977147288586,0.0173384139884594,0.0613536593099973,0.0093910800146207,-0.9601834534712952,0.4804114559449019
21CMA-DDR1-J140729+854901,14:07:29.40,+85:49:00.6,P,0.0440566214683966,0.014169898563581,0.0531628199242065,0.0102435459477587,0.0534274224056582,0.0106802520047449,0.0519711934826034,0.0140860628307357,0.0291009796282466,0.0074000061772208,-0.5982847728623643,0.7202387847153997
21CMA-DDR1-J144853+864227,14:48:52.79,+86:42:26.6,P,,,0.0448574717945504,0.0122037230827541,0.0314656143599207,0.0074898061146723,0.0317532512782524,0.0083390064338706,0.0233062079352993,0.0046968141108133,-2.350911375344469,1.263757554921862
21CMA-DDR1-J141619+860221,14:16:18.70,+86:02:20.9,P,0.0887640795558492,0.016442907998372,0.0902276747932261,0.0147963199853024,0.0822699881060047,0.0126468780697357,0.06425908263123,0.0112610332180439,0.0479453435720636,0.0057407070550122,-1.2710937249357777,0.4027337960568199
21CMA-DDR1-J141034+855351,14:10:34.41,+85:53:51.5,P,0.0657870454870381,0.0206116416125455,0.0601859310399113,0.0164490216931546,,,,,0.0380141226858078,0.0097870777675239,-1.089479708049844,0.7717030553624968
21CMA-DDR1-J201327+872011,20:13:27.06,+87:20:11.2,P,0.0357877955368168,0.0110034042893006,0.0416168259208846,0.0098264680205034,0.0377507320378732,0.0100332968485787,0.0367224939311554,0.0074739752494808,0.0357284246735529,0.0057495428769395,-0.1173833559998003,0.6164684150216246
21CMA-DDR1-J213033+861946,21:30:33.29,+86:19:45.5,P,0.0533494941486539,0.0132907768898164,0.0607168335802725,0.0125909318327066,0.053624834493447,0.0117323492491535,0.0453632503666646,0.0092207342620128,0.0406761471564944,0.0085187529062884,-0.5766982551444529,0.575429567504492
21CMA-DDR1-J195706+872632,19:57:05.54,+87:26:31.9,P,0.0682342697319992,0.0239661807788627,,,,,0.0459653856821092,0.0137602671338624,0.0451681907061228,0.0057362118469006,-0.7849654621752412,0.7133137322503711
21CMA-DDR1-J135127+851313,13:51:26.65,+85:13:12.6,P,0.1813792795937999,0.0139675785758827,0.1201234279562128,0.0145602580959726,0.1526435932528994,0.0139394014786887,0.2247354304117557,0.0386641753579819,0.1315586851174838,0.0212930704143425,-0.3834120180231422,0.2498726625468381
21CMA-DDR1-J195312+872610,19:53:12.26,+87:26:10.3,P,0.1437577358049325,0.0198211455035294,0.1671655366762655,0.0254795141672958,0.1504448207701244,0.0179742971867872,0.136759816474555,0.0146595287621901,0.1427202740150675,0.0086716400816892,-0.1079803943620835,0.2732865032758265
21CMA-DDR1-J200917+872007,20:09:17.39,+87:20:07.1,P,0.2281840170438211,0.01300509230224,0.1599653756212606,0.0076037339607946,0.1525062247637179,0.0081497771972636,0.1419737099903345,0.0047841499041276,0.1398476980491634,0.0042027886279965,-0.8877771274845313,0.114992524642407
21CMA-DDR1-J182626+874337,18:26:25.57,+87:43:36.6,P,0.0902835781009024,0.0118065530749207,0.1127779551004431,0.0078023642868339,0.1121314414378069,0.0050403355446923,0.1022830104223216,0.0058680874626019,0.1036182490625828,0.0051843638464361,-0.0256466709384372,0.2226954606809995
21CMA-DDR1-J214139+860030,21:41:39.46,+86:00:29.8,P,0.2329275614933212,0.0114590656188869,0.1613384202109268,0.0090564077861159,0.1460914956035352,0.0081737558427127,0.1256559112893873,0.0070111017443931,0.1086264712870341,0.0068877458418293,-1.409119716390596,0.1314129202219136
21CMA-DDR1-J215332+853926,21:53:31.99,+85:39:26.3,P,2.4354547828794555,0.0423324356647067,1.7556317639299774,0.0341224440512735,2.008622560786744,0.0441778005744003,2.2707395780063315,0.0439269354924195,3.506453386715918,0.6021279902430644,-0.287157528265632,0.0542339926925486
21CMA-DDR1-J135701+852149,13:57:00.74,+85:21:48.6,P,0.1027168540165489,0.0202915956024696,0.1137718026666738,0.0208910570664291,0.1368431659254601,0.0276686082252235,0.173635720728991,0.034283073160595,0.0979825019924175,0.016655479673727,0.2763029238999768,0.4685157785902115
21CMA-DDR1-J140632+853741,14:06:31.65,+85:37:41.3,P,0.0732869829477742,0.0172088626807107,0.0831139344374111,0.018665788050226,0.0752619371281952,0.0117179123339679,0.0872091055959818,0.0152084622875687,0.0664516940890796,0.0124418025936408,-0.0423060863182714,0.5340252485020849
21CMA-DDR1-J211019+863447,21:10:18.94,+86:34:46.7,P,0.118916332458142,0.0176124157447695,0.1306585807047835,0.0094574704442657,0.128838534682087,0.0088216906027701,0.1003954771621123,0.007927273417724,0.0900993495071033,0.0050928602906206,-0.9681672566457112,0.2516339476067334
21CMA-DDR1-J144051+862512,14:40:51.32,+86:25:11.8,P,0.1044339295458274,0.0146756368674227,0.1070482651676297,0.0086144599316252,0.093158470379916,0.0066213103483777,0.0705858759379159,0.0056855214252533,0.0769862913010017,0.0046727829001207,-0.9129048342523224,0.2556114715218631
21CMA-DDR1-J214509+854915,21:45:09.25,+85:49:15.3,P,0.0673283028087614,0.0177981422999247,0.0755407313155175,0.0172448439418478,0.0749308322337535,0.016403307178034,0.0750969420818806,0.0137171630945683,0.0576303551063386,0.0149777605125363,-0.0712364845122578,0.6214385665513558
21CMA-DDR1-J194729+872335,19:47:28.51,+87:23:35.1,P,0.0708474896169611,0.0224927804375683,0.0934309949211938,0.0289309718097229,0.0778308993559323,0.018101016315791,0.0588861254345684,0.0102241200877064,0.0597010131757183,0.0080719829254666,-0.6336557583198931,0.614923811481037
21CMA-DDR1-J160019+871831,16:00:18.97,+87:18:30.6,P,0.0803126235065928,0.0152878625043325,0.0672172414768908,0.0129952797168727,0.0592608335127053,0.0063995310410228,0.0587123790459746,0.0077475350083536,0.0673462204516802,0.0060997879882114,-0.2725593583469639,0.3794004129635074
21CMA-DDR1-J163252+872857,16:32:52.12,+87:28:57.3,P,0.0599093346256836,0.0108798099656861,0.0727462686956291,0.0059963085576848,0.0724616367391714,0.006636151854712,0.0739618465352024,0.0076064928378337,0.0670415935978455,0.0048773041651205,0.0262774414979005,0.3101037997798532
21CMA-DDR1-J173714+873822,17:37:14.30,+87:38:22.5,P,0.3628489401293618,0.0089077319464827,0.2829162238091922,0.0089328511388005,0.274481628755737,0.0078735817022845,0.2573732977541604,0.0079917246312622,0.2548596193150855,0.009098097902262,-0.72385370300143,0.0684223487042335
21CMA-DDR1-J200410+871524,20:04:09.84,+87:15:24.2,P,,,0.0554746603161442,0.0136620879789241,0.0502570301629537,0.0102029657740071,0.0440118188156327,0.0079386166799762,0.0441869902450545,0.004793081561255,-0.8522993914369805,0.9300715130955606
21CMA-DDR1-J195227+872022,19:52:26.97,+87:20:22.0,P,0.0685763206200763,0.0165831667121997,0.0701869278602067,0.0202905569876537,0.0542128553623432,0.0154071900469154,0.0432309745791471,0.0108136054881714,0.038153986501903,0.0080829899107869,-1.1561534950559744,0.5808910233937996
21CMA-DDR1-J211957+861909,21:19:56.71,+86:19:09.5,P,0.2193464512037261,0.0162575147493902,0.1559142513645239,0.0121733580024836,0.1593985330341502,0.0113651882012285,0.128232386225447,0.0100963696814523,0.1155536917492532,0.0078709150532986,-1.1876395805488944,0.1801522101577755
21CMA-DDR1-J193218+872518,19:32:18.40,+87:25:18.3,P,0.1183690325484765,0.0090083897350552,0.0939763369643101,0.0051446797069163,0.0854789302263549,0.004937157660485,0.0827485460109025,0.0047891323431854,0.0796510808989705,0.0035408653686979,-0.7449168449102102,0.1571730822160466
21CMA-DDR1-J202527+870254,20:25:27.00,+87:02:53.5,P,0.0522848271393893,0.0101019280047344,0.0597925397279531,0.0105579479489729,0.0542424044690278,0.0061063583395368,0.0537260445867468,0.0052413942136207,0.0497103662523428,0.0045828638040464,-0.1843986200670351,0.3799834038947129
21CMA-DDR1-J155729+871436,15:57:28.77,+87:14:36.0,P,0.0487109306198513,0.0143978637657293,0.060644514563759,0.0150426900651403,0.049528606872393,0.0071387639697232,0.0432753216892625,0.0092353893236461,0.0376317825876993,0.0049385032317667,-0.800567614942997,0.5686262482447455
21CMA-DDR1-J204027+865242,20:40:26.91,+86:52:42.2,P,0.2433029251271626,0.0118635457570755,0.193583164749598,0.0087929377355799,0.1929585049438465,0.0068231647282617,0.1748571076973735,0.0057061702117824,0.1655836759715707,0.0041328110031605,-0.7286764741311654,0.098696354720275
21CMA-DDR1-J181332+873714,18:13:31.70,+87:37:14.3,P,,,0.0365845759336219,0.0109436897874299,0.0321082298798126,0.0067432301700862,0.0268911352804894,0.0069530573719167,0.0280115118586418,0.0051481591303744,-1.043380168822995,1.2483902242178235
21CMA-DDR1-J151307+864933,15:13:06.77,+86:49:33.1,P,,,0.0375391636761289,0.0117411648987531,0.0318573717675435,0.0069531517364217,0.0313106984025346,0.0085703275905095,0.0304561299147447,0.007262831992187,-0.6820130193938145,1.4367636523728953
21CMA-DDR1-J150034+863829,15:00:33.59,+86:38:29.3,P,,,,,0.022775037995826,0.0064973423564118,0.0259553719140251,0.0066097711198285,0.0183392986303191,0.0058828025845421,-1.1542210706375349,2.6636475135886606
21CMA-DDR1-J200449+871134,20:04:49.02,+87:11:34.3,P,0.1944577475836895,0.0154160531313977,0.158330417185246,0.0091381111742872,0.1525507266311161,0.0071183970852238,0.1440863532219623,0.0075395927977013,0.1405034674952663,0.0046671242862589,-0.589475561777697,0.1482141631136752
21CMA-DDR1-J211523+862003,21:15:23.18,+86:20:03.3,P,0.7119394398986693,0.0131305179385642,0.5687581717848103,0.0127740273710552,0.5654142996167494,0.0131674369827708,0.5053076455554392,0.0104281117002959,0.4465234987901976,0.0079485572293574,-0.8443417419863408,0.0457965902514801
21CMA-DDR1-J151249+864627,15:12:49.32,+86:46:26.8,P,0.1740470572061046,0.0115449084602838,0.1300810397466123,0.0083607576924035,0.1148883920034661,0.0067150482545456,0.1069255245278751,0.0076206673146362,0.1125136744127753,0.004886624934995,-0.8469010036808475,0.1459772104136649
21CMA-DDR1-J183224+873407,18:32:23.92,+87:34:06.9,P,0.3318697264463574,0.0154046453181489,0.237618032809536,0.013927678284811,0.2316613070014506,0.0097573783669354,0.2059625299632698,0.0179341606012815,0.1924175385753878,0.0139062411901024,-1.0297377924505242,0.1347438082969635
21CMA-DDR1-J174722+873536,17:47:22.01,+87:35:35.5,P,,,0.0355209245216384,0.0114658798675189,0.0371151169091498,0.0086997793051795,0.033709527358627,0.0074512231030739,0.0299588145054012,0.0051647940352538,-0.8997302920844681,1.2770594383051517
21CMA-DDR1-J152551+865456,15:25:51.39,+86:54:55.7,P,0.0739201283858926,0.0179610288409228,0.1019417915465906,0.009914483334741,0.0859443915761871,0.0067183023121207,0.10013029513826,0.0089120965809032,0.0810834038413671,0.0052832734724713,-0.2811519346449295,0.3449027487111898
21CMA-DDR1-J171219+873137,17:12:18.73,+87:31:37.2,P,0.2800672383026402,0.0116760402281158,0.2212380214017561,0.0083341465364769,0.2278836193072037,0.0089575042093066,0.2216291159844628,0.0102338980348475,0.2034532042992746,0.007266675536773,-0.5588717257444876,0.0993340317535487
21CMA-DDR1-J195803+871301,19:58:03.19,+87:13:00.7,P,0.0538932924816706,0.0168418620556637,,,0.0502738552852083,0.01234919297506,0.0423966325412389,0.0128486921734117,0.0516973623249751,0.003796112652957,-0.0236571255564169,0.5829259719721487
21CMA-DDR1-J194242+871832,19:42:42.10,+87:18:32.3,P,0.0727385275355225,0.0154021370231974,0.0817439551725108,0.0116621844360952,0.0716100761347408,0.0098710579439808,0.066887079934326,0.0077361598393788,0.0618388811018334,0.0060694108828236,-0.505724883281917,0.402226971096786
21CMA-DDR1-J183924+873212,18:39:23.73,+87:32:11.6,P,0.7067342910136927,0.0156693006309727,0.5004726158567412,0.0184065217816605,0.4674785776267914,0.0147471823687062,0.4221673212950739,0.0206229228470734,0.345318369876546,0.0154071244214461,-1.2486223338217193,0.0728249641201894
21CMA-DDR1-J142323+855145,14:23:22.59,+85:51:45.1,P,,,,,0.0447849013004024,0.0119395763497973,0.0363607800309664,0.0074966787548692,0.0331375271926371,0.0081353574483681,-1.8666079346739437,2.2593880728247693
21CMA-DDR1-J144521+861904,14:45:21.39,+86:19:04.0,P,,,,,0.0373017686714696,0.008401785765758,0.0309258529701723,0.008172409991825,0.0345143358282973,0.0068093849234824,-0.4434308928769093,1.8655039685694368
21CMA-DDR1-J144139+861440,14:41:38.75,+86:14:39.6,P,,,0.0495503663621106,0.0126928207127596,0.0412434095269217,0.0082878188073607,0.0324085271026718,0.0078363500901612,0.0360347112830218,0.0072807092996381,-1.324459702828121,1.210965004971204
21CMA-DDR1-J140952+852555,14:09:52.40,+85:25:54.6,P,0.5485785001258069,0.0150530799523464,0.4217762685237758,0.0177412705253857,0.4965052732073099,0.0183668584078093,0.5122551119048893,0.0221586558042265,0.3370655216809957,0.0114323947725464,-0.6647037745192901,0.0755209160959931
21CMA-DDR1-J191015+872553,19:10:15.26,+87:25:52.8,P,0.0362355102176438,0.0091778115479055,0.0372743158432209,0.0091063070711702,0.0355736234070716,0.0041309724287317,0.0345658828176371,0.0078591320322848,0.0324736117066774,0.0042103654276693,-0.2615899537281296,0.5149957787554754
21CMA-DDR1-J161605+871607,16:16:05.03,+87:16:07.0,P,,,0.0288369111369899,0.0094398001677894,0.0313554193846942,0.0084338018370592,0.0359967957111856,0.0077842402736475,0.028203046484924,0.0054517420226994,-0.167062969423733,1.372280366493451
21CMA-DDR1-J200244+870754,20:02:44.12,+87:07:54.4,P,,,0.0504687775198776,0.011700806992805,0.0529969213735977,0.0111787540349828,0.0388082813185848,0.0080150351471509,0.0406845085401536,0.0056577867072328,-1.0894532549512357,0.9916345560915608
21CMA-DDR1-J170825+872821,17:08:24.75,+87:28:20.9,P,0.0865814274039507,0.0164682209380893,0.0838144766687997,0.0096325072316668,0.0808221675069491,0.017068991959218,0.0682691107917692,0.0112229152850751,0.0654584317787952,0.0079833180110366,-0.6348465952352963,0.4012175683411813
21CMA-DDR1-J212342+860129,21:23:41.53,+86:01:29.1,P,0.223332975661722,0.0144638354932711,0.1342362311904671,0.0103641900148276,0.1892687825283964,0.0158235400130437,0.1347662189633823,0.0160473990931718,0.1080683880243054,0.010837980648067,-1.146300826952796,0.1926485604305713
21CMA-DDR1-J205704+863330,20:57:03.87,+86:33:30.0,P,,,0.0449227094072907,0.0146768156950336,0.0439177515545042,0.0129558621695477,0.0416252264654569,0.0120554966333618,0.0260967298593904,0.0071176283131282,-2.1067171738317243,1.5974673300272562
21CMA-DDR1-J140459+851406,14:04:59.29,+85:14:05.5,P,0.3566665027414295,0.0156294212508991,0.2560367129194848,0.0147700135823237,0.3255070451917354,0.0172588508202274,0.3416202046306276,0.020758595725193,0.1913020469625956,0.0166929395097982,-0.5170246152342781,0.1319366838849666
21CMA-DDR1-J214036+853822,21:40:36.22,+85:38:21.9,P,0.140490267330255,0.0271024888317034,0.1548807546951794,0.0175163101984116,0.1581128385622944,0.0182389846085014,0.1236698509052053,0.0157700840193819,0.1196966461381257,0.0198611727208008,-0.4094500254772304,0.4294772822240681
21CMA-DDR1-J203315+864856,20:33:15.17,+86:48:56.3,P,0.3031027166442919,0.0130674719224206,0.2115699325164256,0.0088037152581597,0.1929346075814083,0.0059867257121528,0.1898103012573286,0.0080490972817074,0.1705270663103511,0.0068277312226485,-1.0789401507933956,0.1039996934664245
21CMA-DDR1-J153158+865151,15:31:58.44,+86:51:50.6,P,0.0757061551447152,0.0200968405333247,0.0624731825416339,0.0092070756634377,0.0650368788601294,0.00638062546447,0.0573201323808807,0.0099193535667668,0.0581848420537609,0.0051286847204255,-0.4776075482241885,0.439239107980869
21CMA-DDR1-J155155+870201,15:51:54.70,+87:02:01.0,P,0.0706535119423512,0.012796124164979,0.0868561199487801,0.0068664751338392,0.0793875633647943,0.004670468027752,0.0751605354756197,0.0059593738563899,0.0676987676221607,0.0038985747777408,-0.5217309893294396,0.2792947259994863
21CMA-DDR1-J151326+863751,15:13:25.83,+86:37:51.4,P,,,,,0.0295444455308248,0.0081517664101611,0.0268752550093508,0.0084117886155756,0.0230937362073499,0.0048785884962444,-1.5580767275317626,2.154694754715094
21CMA-DDR1-J141737+852943,14:17:37.16,+85:29:43.5,P,1.639358520672042,0.0341704699267327,1.1682124207504585,0.0263643902375887,1.2225665679332445,0.0248887694472977,1.1074412505048885,0.0272855902503559,0.8261791422823976,0.0177166805211295,-1.1346969098876745,0.052689572096426
21CMA-DDR1-J144326+860507,14:43:25.85,+86:05:07.2,P,0.3713290614419353,0.0124595073506985,0.2608633569559968,0.0079267796633028,0.2120266360245372,0.0077977856333327,0.1603119381511373,0.0078559524290776,0.1699093674243859,0.0068575546354085,-1.6035542636407685,0.0903537040391532
21CMA-DDR1-J153116+864701,15:31:15.81,+86:47:00.7,P,0.0610283091923275,0.0151326616275896,0.0576885855015878,0.0089079965514089,0.0550290574257712,0.0062715248999355,0.0462511830131934,0.0123846954684157,0.0479367276446804,0.0045479101286229,-0.5768758854687601,0.4422462597769684
21CMA-DDR1-J200953+865758,20:09:53.11,+86:57:58.0,P,,,0.0429433857571888,0.0103936818538443,0.040450902180642,0.0103823303216685,,,0.0274457048046312,0.0084497368147222,-1.7935325972513567,1.5578092451551455
21CMA-DDR1-J161902+870953,16:19:02.13,+87:09:52.9,P,,,,,0.033472381119575,0.0079922406289313,0.0390355800006863,0.0081842197971557,0.0275770215530477,0.0048042386363687,-1.4897955994314047,1.8215608442001692
21CMA-DDR1-J204342+863523,20:43:42.38,+86:35:23.2,P,1.6332944840339227,0.0421400071089994,1.1570999173627374,0.0382243287936228,1.0872156469627654,0.0274992303426597,0.9497842519026138,0.0357049767175467,0.7240293506482501,0.0238932613166499,-1.3844419454762984,0.0703328714354868
21CMA-DDR1-J201845+865159,20:18:44.58,+86:51:58.9,P,0.6255617327389509,0.0142088154761026,0.4663541128127959,0.011270150357706,0.4357682950243823,0.0106379268232976,0.3926961875802174,0.0157894637898088,0.3368434334156723,0.0142916895507172,-1.0824595473625174,0.0692326861592233
21CMA-DDR1-J172842+872310,17:28:41.62,+87:23:10.2,P,0.0847063914325422,0.0153108126337888,0.0925854258975774,0.0102161962567673,0.0896049126519342,0.0074403259922028,0.0857220837512906,0.0074363529390532,0.0812452764930928,0.0058345495178916,-0.2266137305463386,0.3216156875308275
21CMA-DDR1-J171743+872156,17:17:42.92,+87:21:55.8,P,0.2522252087179255,0.0153201092472241,0.2176079215604645,0.0094263056642907,0.2175374287124913,0.0111325592517201,0.2187290915723811,0.0109415011599379,0.1878348505712584,0.009151178687002,-0.4699271350568277,0.1377966347254939
21CMA-DDR1-J205914+862014,20:59:14.12,+86:20:14.5,P,0.0764326192863741,0.015031469093598,0.0921727199336702,0.0122018355687594,0.0910852171724197,0.0095516720894547,0.0694477872185609,0.0118814455461254,0.0601360738128267,0.010743167028744,-0.423874782240031,0.4596592003444932
21CMA-DDR1-J200406+865711,20:04:05.71,+86:57:11.4,P,0.2382963929265512,0.0109065110325671,0.1862490914844451,0.0068845724204595,0.176314129528628,0.0078338010584884,0.1638637022671281,0.0102944253412943,0.1506185634025076,0.0085598416579932,-0.855498417943475,0.1229903053892585
21CMA-DDR1-J192151+871301,19:21:51.22,+87:13:00.6,P,0.0412770260304988,0.010080388328131,0.0448484603957671,0.0126746755279429,0.050352727594567,0.0101492413104982,0.035364424829076,0.0089028434702949,0.0357466773387465,0.0047628099992128,-0.3910122450694103,0.5135043122353985
21CMA-DDR1-J185423+871846,18:54:23.34,+87:18:46.1,P,0.199868853993716,0.0123060251949794,0.1419218375786269,0.0095464077512545,0.1312576598360718,0.0067441770560119,0.1208400710183411,0.0077066742570008,0.121993728328926,0.0070890932549421,-0.9954316892459264,0.1503056118118183
21CMA-DDR1-J210116+861658,21:01:15.67,+86:16:58.2,P,0.0746521224684665,0.0131014037943444,0.0804606723122343,0.0113399981279545,0.0813655027578883,0.0081327513282149,0.0603852132910672,0.0080732136219725,0.0546133101489375,0.0081948824602558,-0.6137380652797423,0.4032553862105136
21CMA-DDR1-J180402+872245,18:04:02.07,+87:22:44.9,P,0.0822309476894808,0.0129907148885346,0.0916492389917928,0.0056089577794211,0.0911570772747,0.00650623184821,0.0882983349190281,0.0072155328912775,0.0782769422772536,0.0047832528592854,-0.3110784804248893,0.2572244744309597
21CMA-DDR1-J194644+870334,19:46:44.18,+87:03:34.4,P,0.1715101411002985,0.0132831366146346,0.1371403860158594,0.0073298959124592,0.1280801320116315,0.0072854355501478,0.1211842215609458,0.0085932588498464,0.1133743382756343,0.0061775207391741,-0.7820667728788244,0.170132479078566
21CMA-DDR1-J175113+872202,17:51:12.70,+87:22:02.4,P,,,0.041620739338014,0.0082980368268134,0.0348458078598842,0.0081132883325388,0.0304760572188716,0.0069443244506861,0.0337880803921289,0.0048569430654945,-0.7800389536458281,0.9381659754806546
21CMA-DDR1-J141426+851424,14:14:25.86,+85:14:23.6,P,0.2259988145578415,0.0335305559801491,0.2211613322074555,0.0202186193708971,0.2436161278219258,0.0193339793939021,0.2702119604168048,0.0432745158099164,0.1472363102066779,0.021557789007779,-0.3268229899188516,0.3588103805497734
21CMA-DDR1-J141918+852103,14:19:18.03,+85:21:03.0,P,0.2250811535631882,0.0406831138589586,0.2277478451723566,0.0202203445478249,0.2389065602144672,0.0186572157885867,0.2210812956794274,0.0406230773553557,0.1549487876286522,0.0111987269613105,-1.0458366145450702,0.3161471246072648
21CMA-DDR1-J142430+853032,14:24:29.85,+85:30:31.8,P,,,0.0953604284050903,0.0225621732227314,0.0774098459928417,0.0186422546543218,0.0699240841116616,0.017683641759817,0.0584864450133588,0.0140242362154005,-1.8784413342661543,1.2758347650217332
21CMA-DDR1-J143112+854011,14:31:11.90,+85:40:10.9,P,0.1356097342421937,0.0227723274280052,0.1480326281765586,0.0128093545713954,0.1103144712206997,0.0139124771752436,0.0895723896187164,0.0122193582410559,0.092339420669621,0.0126688411807531,-1.0943340320098924,0.3755960974226628
21CMA-DDR1-J210621+860535,21:06:20.86,+86:05:34.8,P,0.4260059945943354,0.0141869493361069,0.4127057889823067,0.0194317769965021,0.4020114247546282,0.0169827792741876,0.355975245221964,0.0198687971334604,0.3095745392504394,0.0128903790466717,-0.4987443784895441,0.0922591000623878
21CMA-DDR1-J210824+860231,21:08:24.19,+86:02:31.0,P,0.3275092487816792,0.0151869151070955,0.2815056943820214,0.013434221108001,0.2849731992516381,0.01368673157194,0.2462624351760077,0.0167361439946775,0.2478185585879554,0.0133598282056297,-0.5305855047577741,0.1235011060132789
21CMA-DDR1-J170113+871337,17:01:12.73,+87:13:36.7,P,0.4019262308976724,0.0103310557476805,0.3218496108112361,0.0087362031733049,0.3132957234088565,0.008135840362104,0.2931475805949486,0.0116160692243832,0.2778335692322931,0.009247310806273,-0.6997198223094708,0.0707221177271343
21CMA-DDR1-J173728+871746,17:37:28.32,+87:17:45.9,P,0.0510492823042199,0.0126296214481273,0.0605404143993835,0.0118255190054148,0.0695806290607434,0.0075458215047527,0.0656573672444596,0.0060694732582915,0.0754703879709656,0.0045758579496085,0.7316913611029758,0.4001427435119454
21CMA-DDR1-J203044+863534,20:30:44.18,+86:35:34.3,P,0.0816911970239637,0.0171725305909932,0.0810108609961133,0.0166111919512732,0.0779700026103745,0.0158010216984457,0.0725213472722201,0.0200803436931506,0.0593782898461671,0.0091680634871271,-0.6028308171526497,0.4825740275266615
21CMA-DDR1-J141848+851450,14:18:48.25,+85:14:49.7,P,0.7191658666611528,0.0327007432663792,0.5007330410574471,0.0215298240601619,0.5626077577657252,0.0230242629527389,0.5224625960872479,0.0334008090640986,0.3599403263842522,0.0179210666832163,-1.0680437548552135,0.1181340684320174
21CMA-DDR1-J175801+871541,17:58:00.69,+87:15:40.9,P,0.1625916658728514,0.0139317939181066,0.1159092909858842,0.0063927304680585,0.1239264986890024,0.0057793439365777,0.1131645405317861,0.0072498019123091,0.1069500129199082,0.0046731827230442,-0.6882088609282461,0.1679543660546353
21CMA-DDR1-J214623+850136,21:46:22.77,+85:01:36.0,P,0.2590541324408463,0.0357218775931817,0.2413496657794625,0.0172485903126102,0.3116601390731426,0.0274155326585358,0.3447759335229134,0.0704930987393317,0.1712291172308859,0.0419365742341311,0.2241615895564268,0.3875573351458601
21CMA-DDR1-J150217+860815,15:02:16.61,+86:08:15.3,P,0.9729799343886156,0.0335808449388444,0.8664550445720306,0.0240463982749296,0.7440231449255095,0.0176796566160244,0.6208455351111666,0.0258700497207416,0.6786944923738871,0.0205979938177135,-0.798182152746364,0.0827617848803063
21CMA-DDR1-J203957+862335,20:39:57.15,+86:23:35.0,P,0.1811013848449252,0.0135527166327802,0.1425454680569194,0.0112903386496333,0.1420408190132595,0.0110753747048179,0.1330681223544609,0.0119663029799345,0.099337735052664,0.0099574139609847,-0.9087002314543172,0.2025333165977815
21CMA-DDR1-J162610+865853,16:26:10.27,+86:58:52.5,P,0.2257889842699196,0.0114982330024384,0.1697404310394283,0.0099960772508487,0.1640856267625051,0.00801555702174,0.173230683472098,0.0087326420113474,0.1441353089820095,0.0068188109800037,-0.7641445560384965,0.1236322115616887
21CMA-DDR1-J150135+860515,15:01:35.44,+86:05:14.9,P,0.3761885707055456,0.0350372624711373,0.2843800167237424,0.0237886356365648,0.2300310021834574,0.0161112978154494,0.1753964010152771,0.0264872010562439,0.2145003129039651,0.022775163540515,-1.2632352945487142,0.2450473759060303
21CMA-DDR1-J185216+870800,18:52:15.77,+87:07:59.7,P,0.0641574012711161,0.0141831059798617,0.0583289493134006,0.0078931019259621,0.0489327397811223,0.0052707629241501,0.0498432247250895,0.0064533477242499,0.0478296703870157,0.0058753461121728,-0.6117516969425512,0.4372865219178961
21CMA-DDR1-J193904+865500,19:39:04.32,+86:55:00.0,P,0.3022841448931258,0.0130434309808403,0.2478734947654144,0.0087544061100481,0.2365907249529193,0.0084679313311281,0.2262728009188339,0.0113934082635371,0.2050523783400297,0.0083502796032249,-0.7104254089473514,0.1057142700678553
21CMA-DDR1-J190532+870510,19:05:31.75,+87:05:10.3,P,0.0515418008660084,0.0118277043399697,0.0486514432179493,0.0106347639991161,0.0438197195202196,0.009688535689667,0.0413917217056278,0.0100069611660333,0.0403616258020401,0.0055438324589859,-0.5058133369324697,0.4911138574154846
21CMA-DDR1-J161942+865514,16:19:41.83,+86:55:14.3,P,0.0688965963014246,0.0170904338625536,0.0705413810449514,0.0160119808866421,0.0575265362284751,0.012488641842527,0.072503140811635,0.0167386224857872,0.049148857823888,0.010961517598819,-0.4636641434371853,0.5911169238493369
21CMA-DDR1-J212812+852527,21:28:11.95,+85:25:26.7,P,0.1689840876959644,0.0190862394219853,0.1612929942676804,0.0147641604974612,0.1541772902595061,0.0155732445157467,0.1233297841336813,0.0182040295424916,0.0990417871270845,0.0236790413549035,-0.6244024494906896,0.3313507406523549
21CMA-DDR1-J190032+870338,19:00:32.32,+87:03:37.7,P,0.0887870123703193,0.0150735549801446,0.0927254669850386,0.008651355735473,0.0852107774473077,0.0080978761082083,0.0682053317681606,0.01050661006009,0.0729593549100855,0.0057002548740692,-0.5961505569112348,0.317381255964594
21CMA-DDR1-J145409+855247,14:54:09.26,+85:52:46.6,P,0.1273416133728187,0.0257596819112178,0.1607384378034407,0.0338268717742833,0.0996383318657762,0.0178108063185438,0.071460618315241,0.0164876161977768,0.0594348252563847,0.0099736207520455,-1.5722947445667186,0.4795851104955924
21CMA-DDR1-J195538+864209,19:55:37.89,+86:42:09.2,P,0.4237337680855358,0.0103271615657562,0.3212415984096267,0.0118828142970266,0.2996800022270125,0.0096189702456272,0.2705927629389575,0.0122603146784374,0.2320322578946272,0.0095355295815187,-1.0640065587134262,0.0744110076801466
21CMA-DDR1-J154420+863119,15:44:19.92,+86:31:18.8,P,0.0896974693252985,0.0137949885737962,0.1234316823862839,0.0158685244474017,0.1136343672490091,0.0125402828471491,0.0933308590004378,0.0137955069981146,0.1134413659641404,0.0145707346951129,0.2643981783016795,0.3589360211267879
21CMA-DDR1-J210405+855107,21:04:04.58,+85:51:07.1,P,0.0601414950098614,0.0136585102406473,0.0625771415086319,0.0168444430626262,0.0552550759364404,0.0143423712080478,0.0425228112899626,0.0129573154138508,0.0363419929127103,0.011681836866559,-0.7772791633772962,0.6333390092921538
21CMA-DDR1-J183633+870339,18:36:32.82,+87:03:38.9,P,0.0921428490322476,0.0181624677897498,0.058456801204022,0.0123128427945949,0.0552946186115572,0.0121865798775886,0.0601077949890992,0.0121624847583556,0.0409858415480288,0.0076609511422875,-1.3457219745896738,0.4824863430678
21CMA-DDR1-J183325+870225,18:33:24.68,+87:02:24.6,P,0.2822720721672764,0.015575219944524,0.2384374121923008,0.016399315996101,0.237061317371704,0.0176107309611409,0.2391236920814519,0.0159982069545034,0.2079658001724561,0.0145266572043497,-0.4975038531979768,0.148653256569187
21CMA-DDR1-J201041+863150,20:10:41.43,+86:31:50.1,P,,,0.0551114139405897,0.0179505336205835,0.0555499994422049,0.0149124832318285,0.0535505892078567,0.0139719420434181,0.0379314197766567,0.0063083784167093,-1.7616811097610028,1.2940657383641052
21CMA-DDR1-J182749+870347,18:27:48.75,+87:03:46.6,P,0.055542720710541,0.0131299960150267,0.0493852056303058,0.0119356816876906,0.0460088910581141,0.0118303052099924,0.0376365898804681,0.0102334830058136,0.0298966748633896,0.006287772326386,-1.1234406341427392,0.5728268953087957
21CMA-DDR1-J212505+851835,21:25:05.00,+85:18:34.9,P,0.7741382480485195,0.0212702827417626,0.6425880836446657,0.020240655905181,0.6093361824123327,0.0203588238023834,0.4732881856368394,0.0304809983515738,0.4005990285786461,0.0231040901926077,-0.967072904409378,0.0895154239540735
21CMA-DDR1-J143152+851410,14:31:52.02,+85:14:10.5,P,0.1266114571276612,0.0191050222207514,0.1309662892489589,0.0127730911839998,0.1357378392978261,0.0115988402643742,0.1121380876156364,0.0228053340736244,0.0858597286965231,0.0162698528581246,-0.3617736703511313,0.3932020327865987
21CMA-DDR1-J200125+863507,20:01:25.19,+86:35:07.4,P,0.0544179517018287,0.0139662003313051,0.055022941746993,0.0137062182956152,0.0522609691194155,0.0136227785997972,0.0433892238173848,0.0098068734470955,0.0396987958985134,0.0073922528007957,-0.6490902710415836,0.5768754648124959
21CMA-DDR1-J154309+862427,15:43:08.80,+86:24:27.3,P,0.2614873095283572,0.0143836997259322,0.2164958346448697,0.015838774249391,0.1978821926866176,0.0152397847691041,0.1572592134209004,0.0117810042680455,0.1391013919717519,0.0091859308133904,-1.1488916135802762,0.1481677611590192
21CMA-DDR1-J171339+865752,17:13:39.11,+86:57:51.7,P,2.024810533684624,0.0553917859646934,1.442536966831786,0.0377868908938581,1.4558268900249878,0.0366496572734496,1.4327435199274725,0.0463381745525698,1.256027718408956,0.0400653307225822,-0.8485469583464701,0.0712384282226496
21CMA-DDR1-J200639+862950,20:06:39.17,+86:29:50.2,P,0.2162440594630474,0.0167593526903244,0.1708879664325485,0.0110132257041319,0.1648133863658026,0.0126415639216804,0.1513809208974884,0.0125471741243407,0.1218727941541085,0.007577456582702,-1.0351259026472484,0.1803582273708926
21CMA-DDR1-J144827+853339,14:48:27.19,+85:33:39.4,P,0.0815272608077076,0.0162782652491314,0.0818938825780515,0.0170991543406352,0.0707562936016766,0.0152502881403475,0.0470845011826882,0.0110047768264249,0.054765477899474,0.0124482228896494,-0.9009207351188996,0.5186944914899941
21CMA-DDR1-J165638+865349,16:56:38.27,+86:53:49.1,P,0.1769140452500874,0.0126305518141883,0.1306430740496934,0.0116829987384051,0.1278394267614581,0.0102681552491201,0.1291265251006797,0.0104700075356076,0.1120765163946082,0.0074839401839777,-0.8177979983012302,0.1758278503231698
21CMA-DDR1-J160747+863623,16:07:46.78,+86:36:22.6,P,0.0792917001692231,0.0180923046438218,0.0548445071709244,0.0128422431488005,0.05084225901167,0.0092120808667597,0.0406682799920769,0.0096580640834314,0.0312302701342366,0.0058572645087813,-1.713131422313184,0.536380386852156
21CMA-DDR1-J151236+855840,15:12:36.49,+85:58:39.7,P,0.0736982962058103,0.0155062717679793,0.0983891432150669,0.0178841917105527,0.0872139829976233,0.0117361690480137,0.0665336968631323,0.012747737361377,0.0687437493415416,0.0136099652893608,-0.2355089251668772,0.5038021738553013
21CMA-DDR1-J190025+865215,19:00:24.71,+86:52:15.1,P,0.1424031692992279,0.0172892129131482,0.0919611263553793,0.0098259428747568,0.0881218169488383,0.0088697082100489,0.0799799519538882,0.0088323326047141,0.0810498519951994,0.0074389044003165,-1.0725691665812696,0.2754242789768857
21CMA-DDR1-J163252+864449,16:32:52.11,+86:44:49.5,P,0.0670342419988569,0.0149980570175852,0.0687457865313454,0.0130537215992408,0.0673391963448815,0.0063211197872298,0.0768094108146272,0.0089191323724768,0.0547031008586282,0.0077117515753334,-0.1910845149728973,0.4662778017626973
21CMA-DDR1-J162149+864044,16:21:48.83,+86:40:44.0,P,0.081900773638297,0.0138049950183824,0.0915662729546157,0.0166598204480036,0.0978095037594505,0.0103127683165987,0.0948127904245573,0.0096365680764513,0.0908849253494547,0.0110687867489055,0.2169257744326933,0.3712254175825357
21CMA-DDR1-J203249+860753,20:32:49.31,+86:07:52.8,P,0.4854087102876479,0.0139427812653893,0.3808140876014211,0.0100568701829595,0.3478449094819631,0.012191914327892,0.2914475141886593,0.0131172432428773,0.2331474384658066,0.0118743941353719,-1.1816067197109534,0.0862242770847532
21CMA-DDR1-J191911+864518,19:19:11.16,+86:45:18.4,P,0.1490341909671119,0.010794011072694,0.1198337946677394,0.0070357209030973,0.1253829592542455,0.0071099342048646,0.1056810326306017,0.0071645367985952,0.0978068807993556,0.0056388610639127,-0.7726307739895716,0.1664243999837762
21CMA-DDR1-J154549+862014,15:45:49.06,+86:20:13.7,P,0.0660141320765558,0.0164835047986789,0.0755176388558266,0.0174867045883755,0.075083604403357,0.015052704020488,0.0519911622514596,0.0140190817064301,0.052254911735123,0.0067273556125971,-0.645816053979399,0.5108546995391645
21CMA-DDR1-J174939+865550,17:49:38.74,+86:55:50.0,P,0.0432827575110085,0.0103337963705696,0.0557623092264081,0.0107890527063195,0.0567548591560235,0.005015783753117,0.0452343834924432,0.00797238044725,0.0471834471176481,0.0036330978139109,-0.2341514362147884,0.4110842889500705
21CMA-DDR1-J150329+854244,15:03:29.38,+85:42:44.4,P,1.7727166844350872,0.0420106930983319,1.3792855058809057,0.0544710213889873,1.1999235562044115,0.0353647887050732,0.8809067026465243,0.0374352828196404,0.8689779509213469,0.0385590303852042,-1.3246707690584794,0.0735404466603073
21CMA-DDR1-J200731+861944,20:07:30.59,+86:19:44.3,P,,,0.0521964890951935,0.0123583535102716,0.0466931521636669,0.010550454230816,0.0529135923209362,0.007459593652767,0.0335197301488589,0.0079594211658405,-1.06922426975319,1.216902807572808
21CMA-DDR1-J184844+864755,18:48:43.80,+86:47:55.1,P,0.6910636199958025,0.0128472212269083,0.5446262850821225,0.0130170191374312,0.5365959735478262,0.0112191170895703,0.5210748795483435,0.0183983826616914,0.4534533194350047,0.0110174269607857,-0.7527932366799835,0.0523961183175029
21CMA-DDR1-J200436+862026,20:04:35.91,+86:20:25.8,P,,,,,0.0377096236513966,0.0117231547905873,0.0361376970722181,0.0112279695156492,0.022920044635793,0.0072519525423175,-3.0527884165612376,2.764852713221639
21CMA-DDR1-J161738+863119,16:17:38.27,+86:31:19.1,P,0.0565502099940175,0.0139255335284,0.0550801305146632,0.0114904024346463,0.0654342913536461,0.0100501945599927,0.0581757898261947,0.0112967774075833,0.0416842044612584,0.0056450512022762,-0.6073028230222084,0.5065396370528865
21CMA-DDR1-J165325+864332,16:53:25.42,+86:43:32.1,P,,,0.0371536761047164,0.0109796421521561,0.0504442585962102,0.0123973049952555,,,0.0306121201884888,0.0084122666102238,-1.1717290967623597,1.5677595467768786
21CMA-DDR1-J193854+863157,19:38:54.30,+86:31:57.3,P,0.2390762005759321,0.0103112585406045,0.1704452795780553,0.0104764576924602,0.1599125958303596,0.0101649123981089,0.1643097640998877,0.0127365162543346,0.1308859297504967,0.0094443865122344,-1.0634987274611971,0.1319182795277808
21CMA-DDR1-J192819+863533,19:28:19.10,+86:35:32.6,P,0.0534426277122429,0.0110879035090036,0.0589878017069602,0.0075362060391118,0.0569346528347538,0.0082539301418625,0.0478147779571587,0.0064878474054269,0.0457939429811647,0.0056423241715199,-0.4712702638004474,0.4213330569721602
21CMA-DDR1-J204846+854220,20:48:46.30,+85:42:20.4,P,0.3266166656986461,0.0208009972229187,0.2598942462635627,0.0214620601830142,0.2495424230441396,0.0179368582760725,0.1684459911909256,0.0163829111734162,0.2383821624577223,0.0227125337463666,-0.8819277367952489,0.1826009984507999
21CMA-DDR1-J210945+851806,21:09:45.31,+85:18:06.2,P,0.138120622711834,0.0193683680196252,0.1557984896250781,0.0151078800834524,0.1273715570391112,0.0163208747507942,0.1093567512806898,0.025483778354825,0.0646795685289875,0.0193855806317487,-0.6112769687309667,0.4261483327470487
21CMA-DDR1-J175438+864839,17:54:37.75,+86:48:39.4,P,0.0752932571142751,0.0206005610525098,0.0840616946003954,0.0197494790922191,0.0704948991896446,0.0185767235989777,0.0543731731167676,0.0149105225551504,0.0568911038904095,0.0102259057036199,-0.7117384158180601,0.5980997105061502
21CMA-DDR1-J180204+864828,18:02:03.84,+86:48:27.8,P,0.2428197551860131,0.0173625769161822,0.1762499502318333,0.0145786546228076,0.176254016603623,0.0134859183247426,0.1824523602440824,0.0129298042492672,0.1626553875403637,0.0123108736709274,-0.7059070534228757,0.1794200461643909
21CMA-DDR1-J181244+864743,18:12:44.33,+86:47:43.1,P,0.2268690625732132,0.0137208426707441,0.1459039887583212,0.0086319584415288,0.1352239813495842,0.0084908371952091,0.1281651247212988,0.0103803883891181,0.1112634712630193,0.0064007656988429,-1.332720138096926,0.1508203092743352
21CMA-DDR1-J194653+862455,19:46:53.47,+86:24:54.6,P,0.3865500156261268,0.0177121731899319,0.2728310397302407,0.0117853754036152,0.2545497169632048,0.0105694353900773,0.2266827104853725,0.0126166587115255,0.1967652868704401,0.0119729768320262,-1.228502451220865,0.1232192481643754
21CMA-DDR1-J171939+864420,17:19:39.08,+86:44:20.2,P,0.1872999626724212,0.0130848001829691,0.1555865888918566,0.0074637080380776,0.1610775578686383,0.0082055734338261,0.1562866081462157,0.0124732267331668,0.1439195871893545,0.0083900057230612,-0.4385698802254821,0.1637576503450933
21CMA-DDR1-J144752+851148,14:47:52.38,+85:11:47.8,P,0.7813477344254046,0.0210411549723873,0.621248603717204,0.0250340763772115,0.5736998606086569,0.0244206807156309,0.3811076504859497,0.0217224038231861,0.2923180870609084,0.0171737327620642,-1.4560698290904357,0.0906519091354415
21CMA-DDR1-J195706+861851,19:57:05.63,+86:18:50.8,P,0.0750999854785762,0.0214001580454982,0.068985808783909,0.0123888839087527,0.0652767057488896,0.0143054116168701,0.066020496720649,0.0137015214461887,0.0457529957804243,0.0093198611439925,-0.8329667001386709,0.6154973880248719
21CMA-DDR1-J195229+862008,19:52:28.86,+86:20:08.4,P,0.489727027329864,0.0326454003684969,0.3271875895644059,0.0172498157838713,0.3294458941007106,0.0187416066921959,0.3079750523379673,0.0210363695043101,0.2625849116644577,0.0148735876773951,-1.0997031369298411,0.1569553686379259
21CMA-DDR1-J194414+862400,19:44:13.79,+86:24:00.2,P,0.2700848335414189,0.0184204432045216,0.1939234495882478,0.0112395977867692,0.1967681034633653,0.0110357453888872,0.1662455270147607,0.0122712311689806,0.1535497571152475,0.0123438814473345,-1.0289482107205563,0.1756330517885596
21CMA-DDR1-J163932+863155,16:39:32.48,+86:31:54.7,P,0.8847202414083317,0.0314756816475813,1.166441923042305,0.0339077304744233,1.3244951129383469,0.0358255189521687,1.4684477591523597,0.0572571605379014,1.316783834221879,0.0487021856504146,0.9094443321036996,0.0888190947279378
21CMA-DDR1-J185225+863847,18:52:24.51,+86:38:46.9,P,0.4191461156020887,0.0172759917137847,0.2859946225835699,0.0136168233188758,0.2725306093201469,0.0111464334700231,0.2900862450975,0.0152001948092773,0.2406334825551,0.0085898161862625,-1.0018580477957135,0.0997730578287634
21CMA-DDR1-J150751+853156,15:07:51.47,+85:31:56.2,P,0.6780614496467695,0.0211381333403458,0.4902042502567628,0.0198187190261075,0.4245180598071654,0.0193164003972711,0.3211885862692695,0.0228109715725185,0.2742248687577928,0.0181425835591954,-1.5403283870004678,0.1040165728407177
21CMA-DDR1-J202225+855837,20:22:25.24,+85:58:36.5,P,0.1197832447267977,0.0187175205965936,0.1283502180822725,0.0097730651738671,0.1217029465604919,0.0094105422123913,0.0896198866231679,0.0099026484586049,0.0903886979533497,0.0076356065997091,-0.8637248226212492,0.3016393305323752
21CMA-DDR1-J202814+855326,20:28:14.36,+85:53:26.4,P,,,0.0535597064277087,0.0153312960253212,0.0540780635463396,0.0140867164180256,0.0398293455488792,0.0126530489500388,0.047229837613338,0.0138005589362668,-0.8141764928844154,1.5454337722621128
21CMA-DDR1-J201904+860034,20:19:04.26,+86:00:34.0,P,0.0619022368463876,0.0187720633834688,0.0635850964275692,0.013968146550774,0.0619859189986255,0.014740177907056,0.0577584160908892,0.0148460914725791,0.0402265790160394,0.0091698757889213,-0.7456233135182199,0.6777076443060123
21CMA-DDR1-J205854+852243,20:58:53.68,+85:22:42.9,P,0.137618417444014,0.0199816055246462,0.1456555508206221,0.0197928925137966,0.1469934132547384,0.0145591092432358,0.0911341644512181,0.0238884702235869,0.0793062431516833,0.0225364831743206,-0.3820415025175903,0.424168558462635
21CMA-DDR1-J172927+863938,17:29:26.71,+86:39:37.6,P,0.1543180060467524,0.0129259010579221,0.1117198677709454,0.0081760811884289,0.1159377590052847,0.0065856431638434,0.1216090611274404,0.0083037901671827,0.1005691173775131,0.0069265456129673,-0.6636648388041717,0.1926090712109993
21CMA-DDR1-J152409+854438,15:24:08.99,+85:44:37.6,P,0.0970425299076199,0.0208890171143828,0.1049390072060123,0.0151893275714105,0.1277592228229163,0.0132604358927538,0.0948555788453889,0.0169078696262239,0.0891466872141701,0.0148093367933822,-0.1105171695383976,0.480739542451043
21CMA-DDR1-J155122+860214,15:51:21.93,+86:02:13.8,P,0.5406733181268697,0.0114807874662206,0.4292656106506757,0.0151415392077561,0.397554145616678,0.0151137476408062,0.3462345163998775,0.0189804858437327,0.3007351002943114,0.0155111698051403,-0.9897806417275428,0.0767865414903993
21CMA-DDR1-J161125+861342,16:11:24.59,+86:13:41.7,P,0.08270522298367,0.0143848325515033,0.0811484445337289,0.0096487027136771,0.0720838939922555,0.0109875838662777,0.0773889867906025,0.0176349204036214,0.0545302233140134,0.0068230984114049,-0.805405457369529,0.3914366044810978
21CMA-DDR1-J174451+863739,17:44:51.47,+86:37:38.7,P,0.2992058587130799,0.012522387440298,0.2228056457428495,0.0079066111194354,0.2267370851505681,0.0071117695150957,0.2276894847933963,0.0093833787222062,0.2069392605639822,0.0070610270619253,-0.6331251349042537,0.0972677546259925
21CMA-DDR1-J152728+854354,15:27:28.13,+85:43:53.7,P,0.0954317767525331,0.0253460594873046,0.1120764268224196,0.0263539418714525,0.1105157820053219,0.0162221567079127,0.0715607584832761,0.0169526131647441,0.0752528366675205,0.0165936605122332,-0.561939481489169,0.6160456561835664
21CMA-DDR1-J162528+861940,16:25:27.53,+86:19:39.5,P,0.1615775706300123,0.0150368898948324,0.1254646571964389,0.0119445022589504,0.1220868857567288,0.0077406702023905,0.1062555457548626,0.017479434851597,0.0975606948576064,0.0085747694313223,-0.9228206559371126,0.2326669168624611
21CMA-DDR1-J191214+862708,19:12:13.51,+86:27:07.9,P,0.3727778168075567,0.0147464038852058,0.2647427504668835,0.0142085965675211,0.2494603740381603,0.0129025027693078,0.2252687600226481,0.0170354430053846,0.1845594209471691,0.0100619115073505,-1.2574061051432437,0.1142670290531269
21CMA-DDR1-J180233+863712,18:02:32.60,+86:37:12.4,P,0.0780468325005193,0.0121881969812736,0.0842564630325072,0.0073550504183647,0.0774243169975857,0.0064285735521304,0.0717594446366507,0.0087006878276265,0.0716727938878455,0.0060986162135825,-0.310298022426905,0.3084844261000049
21CMA-DDR1-J160212+860534,16:02:12.01,+86:05:34.2,P,0.0535839734560503,0.0127541975910948,0.0569985188117958,0.0157269693978719,0.0610811765753889,0.0139429198889098,0.0581725866651711,0.0153888351192284,0.0510763508318797,0.0092575260416462,-0.0488677021014073,0.551265213000194
21CMA-DDR1-J194921+860911,19:49:21.32,+86:09:11.4,P,0.0832765535451621,0.0189111481878944,0.0953994454168126,0.0109580075975653,0.0921473521147452,0.0118437656197945,0.084110744160652,0.0115560824260776,0.065073592583862,0.009299735573909,-0.5832051906311121,0.4565540648029528
21CMA-DDR1-J171553+863039,17:15:52.54,+86:30:39.3,P,0.0751894735227725,0.0143299644795236,0.0748568842685021,0.0145714529198087,0.0790871883818143,0.011325427455504,0.0658990594497794,0.0117903714576041,0.0720922780861131,0.0079376777929537,-0.1315280282819623,0.4039768675030831
21CMA-DDR1-J151615+852811,15:16:15.49,+85:28:11.5,P,0.1780357572197251,0.0198638141563514,0.1929821489928912,0.0157790229578177,0.1877681993787875,0.0152229906528434,0.1368522389781568,0.0163975473011387,0.096874814429414,0.0146141964326587,-0.7238003974139283,0.2932678098950817
21CMA-DDR1-J165255+862430,16:52:55.49,+86:24:30.0,P,0.5199179696164087,0.0192808582414245,0.383701289745038,0.0138175511838438,0.3773064530655296,0.0133296956568644,0.3786767976373076,0.0187074053512899,0.3456816826057241,0.0132541785852737,-0.7572988179709753,0.0945999825807724
21CMA-DDR1-J190116+862352,19:01:15.73,+86:23:52.5,P,0.4744681191168625,0.0198685565941191,0.4440224194662815,0.0149914481954618,0.4632436153404844,0.0165693539409256,0.4948440660697838,0.0243166026940543,0.447471353496411,0.0159459068974605,-0.0449104321818257,0.0995703826496121
21CMA-DDR1-J194913+860536,19:49:13.48,+86:05:35.9,P,0.0637680423738327,0.016131045538778,0.0672083442887289,0.0128946041440962,0.068470760296156,0.0182840672144542,0.0577742428023797,0.0155378024978753,0.0399525390191471,0.0083047033315321,-0.8113380711229589,0.5913680332404876
21CMA-DDR1-J191947+861814,19:19:47.49,+86:18:14.2,P,0.038065137057988,0.0103360396071653,0.0407158105928718,0.0126578000925348,0.0430344348067071,0.0131402674631197,,,0.0336184604544727,0.0077875420207218,-0.2053408955019562,0.6748439359071242
21CMA-DDR1-J153101+853622,15:31:00.98,+85:36:21.5,P,0.8970844133707666,0.1055588043765009,0.7077761552316061,0.0272004702496162,0.6347990400118112,0.0239219342636201,0.5123297142940326,0.0256558851354744,0.4311036124802514,0.0230792274618478,-1.6556379853604146,0.1929603798072484
21CMA-DDR1-J173928+862917,17:39:28.36,+86:29:16.5,P,0.0695346683731527,0.0154092683580274,0.0564973802327163,0.0090883912410387,0.0621504634436485,0.0113949759109087,0.0539360291954419,0.0100385830056657,0.0617512846700482,0.0092140274451524,-0.2135199194464703,0.4796436263626442
21CMA-DDR1-J153050+853319,15:30:49.59,+85:33:19.4,P,0.3811303700886235,0.0764837151202026,0.3001497748458802,0.025385030411723,0.2767083288350365,0.0226632154448047,0.2057557843390313,0.0271083611736697,0.1832298728569196,0.0217753889079936,-1.5752821342850312,0.389899511295909
21CMA-DDR1-J204621+851609,20:46:21.30,+85:16:09.1,P,0.3001095410520715,0.0146317144687984,0.2077257123861005,0.0146575758799577,0.20789391692347,0.017621991971852,0.1309454971685235,0.0158894594702002,0.1083671033469221,0.0139138569811263,-1.5806076967512432,0.1770809850831183
21CMA-DDR1-J171211+862247,17:12:10.89,+86:22:46.7,P,0.0742219214047656,0.0147637240412749,0.0710754051710051,0.0130478759349312,0.0728701790186896,0.0098547278916369,0.0774651966837383,0.0118340631263657,0.0687525683326963,0.0086282875881819,-0.0844015927861944,0.4268649383366354
21CMA-DDR1-J175037+862636,17:50:36.64,+86:26:35.8,P,0.2215225781304188,0.0127486851249688,0.1634017065377,0.0101991048727028,0.1701374238234661,0.0097983706111849,0.1748707601297302,0.0144027958756562,0.1499285578676114,0.0089730242772474,-0.6807374600624199,0.1480579738822093
21CMA-DDR1-J182044+862357,18:20:43.73,+86:23:56.8,P,0.1731170959383459,0.0098996395973736,0.1454608286929898,0.007601890542157,0.1343431012671423,0.0080069514289942,0.1410637970490777,0.0113517553672226,0.1272698378205475,0.0085934931713562,-0.5725689811897736,0.1524305788261549
21CMA-DDR1-J192958+860514,19:29:58.14,+86:05:13.9,P,0.6917701179815452,0.0264071304793754,0.2659440695548801,0.0143523355201492,0.23055412686103,0.0136974805997304,0.2404928174147635,0.0176125150944313,0.2038082502099123,0.015136455732966,-2.5774486390913234,0.1229671172904681
21CMA-DDR1-J192814+860430,19:28:14.42,+86:04:30.1,P,,,0.1747245660088598,0.0129865220057198,0.1931606700763032,0.0143909340677939,0.2121943182634732,0.0181889271607541,0.1675385664150737,0.0151288159460838,0.0866515634072799,0.4361855952483994
21CMA-DDR1-J164742+861204,16:47:42.25,+86:12:04.2,P,0.056702415195738,0.0146264220944367,0.0619074305880549,0.0161291443097285,0.0585219822269741,0.0120617358257782,0.0898395146324209,0.0230726320506399,0.0610801410448766,0.0133008083861215,0.3594357999246276,0.6088893588791658
21CMA-DDR1-J152903+851927,15:29:03.41,+85:19:27.1,P,0.544603741191531,0.0220293636056366,0.4481773127971045,0.0244079017871828,0.378751815992291,0.0179189554550844,0.2999975234913776,0.0190515454982614,0.2696432280462884,0.0170399657753166,-1.2551398901168973,0.1178134812307165
21CMA-DDR1-J185342+861005,18:53:42.24,+86:10:05.1,P,2.44386471792762,0.0726379356285766,1.4550869488459297,0.037054918460509,1.3849178692911612,0.0318739324436839,1.475476378483862,0.0626023427528693,1.2775761938870835,0.041350099276869,-1.2387100504090878,0.0767248474661754
21CMA-DDR1-J182002+861527,18:20:02.08,+86:15:27.5,P,0.2945485068629391,0.0135987503474402,0.2262263144438167,0.012870186856897,0.2147659989578412,0.0125339028759963,0.2102140368232497,0.015296441789504,0.2173629541553382,0.0150238558198455,-0.6915903274898112,0.1337209662533194
21CMA-DDR1-J155115+853443,15:51:14.81,+85:34:42.8,P,0.4193811813945302,0.0215812496978053,0.324886364778446,0.0176992542447634,0.3017575282496065,0.0197459752467948,0.2820469651983774,0.0314754763039582,0.2268921681569919,0.0236351978064142,-1.0093244923971436,0.1658193574552336
21CMA-DDR1-J161949+854924,16:19:49.39,+85:49:23.8,P,5.724787530262265,0.1847095308007737,4.16188531220294,0.1271088887381528,4.313368218107298,0.1814995897187893,4.592161584469755,0.2405322403510764,4.598986076264373,0.2253148536354629,-0.5308525816659111,0.0942432152567356
21CMA-DDR1-J163923+855557,16:39:22.80,+85:55:57.2,P,0.106367654273658,0.0160358376202301,0.1178446963336053,0.0142045096989706,0.1266063191229968,0.0136330606697972,0.1060155556102714,0.0203721873730406,0.1066341809645549,0.0151661802446479,0.0461783243875634,0.3701900364769466
21CMA-DDR1-J181348+860953,18:13:47.92,+86:09:53.4,P,0.4222557774722345,0.0217785739030655,0.3158982429175454,0.0158313819494961,0.293435716382978,0.0149224639981183,0.3269680013841898,0.0233627915596878,0.3098820633536437,0.0188371183997124,-0.6411054863951641,0.1369900329957133
21CMA-DDR1-J173613+860651,17:36:12.56,+86:06:50.7,P,0.0545882962365261,0.0143104985262811,0.0524866195152621,0.0152696122676187,0.0573968020582045,0.0138308823759828,0.0707280066298524,0.0176944631435849,0.056073609526779,0.011069329463808,0.1994286821499137,0.6002705818393361
21CMA-DDR1-J180914+860756,18:09:14.18,+86:07:56.0,P,0.0895984745541352,0.0168164694064641,0.0908314296597078,0.014202162434537,0.0786756315364097,0.0103855892557891,0.0809299544000121,0.0147942708862546,0.0800150685142596,0.0154514642052635,-0.2777658539322785,0.4617642538244448
21CMA-DDR1-J185710+855833,18:57:09.57,+85:58:33.3,P,0.1561534965305006,0.0218686145173839,0.1584024875776506,0.0128257330973116,0.1577204957681055,0.016777260478659,0.1839738728778197,0.0215559991108852,0.1707785696945159,0.0143176962277715,0.2501251618875965,0.2872721194593904
21CMA-DDR1-J192524+854732,19:25:24.23,+85:47:32.0,P,0.089701457415833,0.0192694588338759,0.0813889688486085,0.0209271547666463,0.0865385573845967,0.0139426414945085,0.0758318943732304,0.0200283939987217,0.0639869537656395,0.0151836285820233,-0.4792357173082135,0.551827754825804
21CMA-DDR1-J201820+851212,20:18:19.81,+85:12:12.0,P,0.4911946624971978,0.0165607873277034,0.4310469631558685,0.0185806961794153,0.4897029016216302,0.0167192886892996,0.4984300869018669,0.0325465240088158,0.2982800119034433,0.0230374439913615,-0.2868255209236829,0.1068497800112645
21CMA-DDR1-J182003+860228,18:20:02.84,+86:02:28.1,P,0.0755834301197346,0.0174653368296745,0.0751122604324017,0.0130053585414271,0.0693693433333541,0.008872971153523,0.079744676931102,0.0158020038735818,0.0754556366325751,0.0121427064049355,0.0222569547750399,0.5064049591381391
21CMA-DDR1-J192712+854452,19:27:12.34,+85:44:52.3,P,0.0882593489213909,0.0207155760026821,0.0809155868764919,0.0195421478327436,0.0801852308845224,0.0104324977952558,0.0905867176598588,0.0244100684880025,0.0757507672744166,0.0164413303045472,-0.2062034768644163,0.5703472848234036
21CMA-DDR1-J164428+854754,16:44:28.06,+85:47:54.0,P,0.0739282717461501,0.0151633111854661,0.06767498022133,0.015103730615978,0.0711599320529424,0.0135032932627899,0.0761013335663575,0.0154546133054935,0.0580243190542785,0.0171609988725988,-0.156678209217365,0.5460738352739545
21CMA-DDR1-J193604+853724,19:36:03.51,+85:37:23.6,P,0.3259014292827577,0.0174867182239666,0.2100427257976218,0.0166848151202103,0.219601736685067,0.0150460549963459,0.2233783822403977,0.0275255850321113,0.2078577397679694,0.0226032539302362,-0.9806918133299676,0.1747971243252216
21CMA-DDR1-J172256+855606,17:22:56.34,+85:56:06.1,P,0.0927199322569891,0.0215994117410158,0.0857409572071958,0.0130962656587066,0.089736090713418,0.013049765113724,0.0912983078047847,0.0143564744989797,0.0887930965944715,0.0118282632019849,-0.0149847317358758,0.4716429276120448
21CMA-DDR1-J160640+852611,16:06:40.34,+85:26:10.8,P,1.4053024302014296,0.0404687466505145,0.89363972900061,0.0312387035206269,0.8192900208966535,0.0338967109203311,0.7771747754376487,0.0382863520705817,0.7485039181446141,0.043040764037813,-1.3403903969002,0.0909897755967804
21CMA-DDR1-J173227+855634,17:32:27.02,+85:56:34.1,P,0.7000950712718553,0.0216197411378608,0.4859566076718634,0.0172388008929588,0.4647353189497555,0.0189399309062244,0.5329962969313671,0.026970870170384,0.5325063966267803,0.0264540604015603,-0.697814832966936,0.0917234316818339
21CMA-DDR1-J195833+852138,19:58:33.12,+85:21:37.6,P,0.0911092038187323,0.0168065912843029,0.078696274947691,0.0181366441391735,0.1186814341805282,0.0240430649788165,,,0.0943040898690429,0.0264222134748274,0.2646108235141454,0.5678021388855463
21CMA-DDR1-J185200+855031,18:52:00.22,+85:50:30.9,P,0.1373230843563262,0.0224985748139106,0.1081507848897019,0.0212402724687567,0.0867301743722146,0.0164109444247214,,,0.1270110659235315,0.0359614859695291,-0.6343687353374468,0.528348173804307
21CMA-DDR1-J180551+855541,18:05:50.85,+85:55:40.9,P,0.0564508829811962,0.0130134799322672,0.0571184136547252,0.0135415276387269,0.0526658387032255,0.0079232527340655,0.0533307334534947,0.0150985035003038,0.050738180634377,0.0154403551244594,-0.1941073606498178,0.6108143809748597
21CMA-DDR1-J175044+855252,17:50:43.89,+85:52:52.2,P,0.072413042077563,0.0126386319279832,0.0476558320521055,0.0097380881444081,0.0548614227301113,0.0149364259115569,0.0617954685028623,0.0151749643891425,0.045843807935211,0.0112278502192377,-0.6983271564576289,0.4943173979128714
21CMA-DDR1-J174210+855116,17:42:09.56,+85:51:16.3,P,0.2772577916034086,0.0177875171986107,0.1747171440206976,0.0135259578179771,0.1616712073055274,0.0134990756757482,0.1661216606767746,0.0154049220747625,0.1749244602620455,0.0122330085171204,-0.9805229368248802,0.1685374202507406
21CMA-DDR1-J170944+854443,17:09:44.31,+85:44:43.4,P,1.1238228220764626,0.0307437481694987,0.6265560673450818,0.0166653971742573,0.513799740386508,0.0158453581429378,0.6105378599550634,0.0325321657838105,0.488421578749391,0.022851386915047,-1.738606687721083,0.0829717828000919
21CMA-DDR1-J165904+853958,16:59:03.56,+85:39:57.9,P,0.2134778614669709,0.0207824359670812,0.1390604141321858,0.0138545706400641,0.1309735137413195,0.011547731288451,0.1381226850330783,0.0169065375490222,0.1350875855378452,0.0166351681395969,-0.9736591581264736,0.2600083659783261
21CMA-DDR1-J160040+850948,16:00:40.19,+85:09:48.4,P,0.2728829189639344,0.0394144443909565,0.2861101608467485,0.0221947842773241,0.2725574178853511,0.0245972490234528,0.2408082641591675,0.0324246864697618,0.2814799681735963,0.0370583916228095,-0.1019650312178104,0.3374756715339154
21CMA-DDR1-J173353+854647,17:33:53.01,+85:46:47.5,P,,,0.0555791951562676,0.0156838276195803,0.0483755530082388,0.0133623164262898,0.0697252796270165,0.0199377538710938,0.0552473796187357,0.0150323565108972,0.4034307208063024,1.4824720280446884
21CMA-DDR1-J161541+851910,16:15:41.26,+85:19:09.9,P,0.2104746728398518,0.0313045364750608,0.2158112471825085,0.0226032209871545,0.2241561272198384,0.0157222262006756,0.2070079384111721,0.0325167422315577,0.1721908593770225,0.0287370452125491,-0.1568911337750717,0.3693403322704075
21CMA-DDR1-J190359+853647,19:03:59.00,+85:36:47.0,P,5.79058435360094,0.2319354857930907,3.3858524315181247,0.1116828702274535,3.203517289936738,0.1413027178346238,3.2849621163213105,0.2785988350780457,3.3456689971933047,0.2124905952476987,-1.2999128622943532,0.1197847138396675
21CMA-DDR1-J181426+854220,18:14:26.11,+85:42:19.8,P,0.0856057546804849,0.0179793331770936,0.0809776724060287,0.0176126848091455,0.0622955033659926,0.0113971175460232,0.0773567659431413,0.0209984229389213,0.0810634706966869,0.0239805383256114,-0.3405439148962609,0.5749170407621754
21CMA-DDR1-J171933+853832,17:19:33.15,+85:38:32.3,P,0.0886779716795436,0.0219233481268487,0.0722124153194552,0.0153150258276912,0.0563777468256755,0.0135895257879573,0.0638836787566566,0.0154596919070531,0.0717215465764188,0.0185599227335808,-0.5881736941917648,0.6147522517901056
21CMA-DDR1-J174418+853905,17:44:17.55,+85:39:05.2,P,0.3065936674168498,0.0148225291179777,0.2044142895266974,0.0108427280758477,0.209862448284246,0.0100666417293067,0.2463947201541652,0.0176171628925494,0.236599947388117,0.0121181078377312,-0.5329906925528283,0.1253072946785929
21CMA-DDR1-J160741+850153,16:07:41.45,+85:01:52.9,P,3.787229972795239,0.162448508465258,2.7695105018785675,0.1390286347446509,2.695196326585956,0.1730578907175717,2.415226600531386,0.1129595783860659,2.250112307374988,0.2041952914832877,-0.996994054293466,0.125363797071756
21CMA-DDR1-J191935+852114,19:19:34.61,+85:21:14.3,P,0.1609071167328856,0.0259435721612228,0.1388476119820038,0.0143057526697069,0.1638584561475945,0.034855775275006,0.1424970681927668,0.0431860775167784,0.1550555750293197,0.0358053074252977,-0.1156603989245693,0.4701240922577148
21CMA-DDR1-J183821+853201,18:38:20.73,+85:32:00.9,P,0.5632990357759153,0.0180328763622635,0.3826942789859372,0.0227629413379792,0.3422002917685399,0.0182342465003773,0.3770015674916243,0.0268302834528523,0.3421441969032129,0.0359692558413375,-1.1227732345540289,0.1191441770698423
21CMA-DDR1-J191718+851929,19:17:17.94,+85:19:29.2,P,0.1066219394350078,0.0271755839773003,0.0929895628911007,0.0234580160044706,0.1163321265634245,0.0354833060511188,,,0.1651065239957745,0.0452598973340755,0.7431283152754022,0.6954804358424413
21CMA-DDR1-J174746+853308,17:47:46.26,+85:33:08.1,P,0.1071466293906257,0.0194261294836065,0.0937177696711279,0.0130473754174828,0.0849167712983746,0.0176598642888322,0.0987669404537604,0.0246060938307795,0.0953798716094267,0.019969649666941,-0.2578454613894495,0.4804317245220982
21CMA-DDR1-J190733+852045,19:07:32.54,+85:20:44.8,P,0.1419270674397583,0.030041548899187,0.1695536449823511,0.0286496226293935,0.1754246211254439,0.0226762959894417,0.2222428527669697,0.0294672974441483,0.1634678189713987,0.0313574429306154,0.6279811415634855,0.4822555373773137
21CMA-DDR1-J194156+850149,19:41:56.18,+85:01:49.2,P,7.312563576448975,0.2306931350581411,4.754784554618415,0.1773753062035151,4.8651561234763925,0.2185852684630315,4.595712040256755,0.43574646177397,3.7611019011751714,0.2005178239447602,-1.2364571928454602,0.1007063920948798
21CMA-DDR1-J173704+852924,17:37:04.30,+85:29:23.9,P,0.06726662593297,0.0170130549410215,0.0637786032672303,0.0140282155034753,0.0545009667663719,0.0149569007807468,,,0.0719161527229797,0.0200499419814377,-0.0138870093565205,0.6937289788921609
21CMA-DDR1-J181113+852833,18:11:12.61,+85:28:32.9,P,0.1168728809755433,0.0228738296547815,0.1404584843153334,0.0146768724915604,0.1182373899702096,0.0116406690508181,0.127922686500642,0.0199461517697061,0.1491362443591823,0.0218444123184309,0.2426199587467415,0.4253923808214188
21CMA-DDR1-J181458+852822,18:14:58.07,+85:28:22.1,P,0.0555048482873376,0.017936744885026,0.0635628431255887,0.0191880455653786,0.0537695593855226,0.0144451501815561,,,0.1057147890725481,0.0316850475165519,1.0138500795453202,0.8221572470256887
21CMA-DDR1-J165256+851617,16:52:56.14,+85:16:17.1,P,0.2891691344134403,0.0171670929476494,0.1940666393237727,0.0141815307295218,0.181187416975841,0.0183792420264589,0.1528939381877319,0.0204990134422473,0.2069807708237513,0.03427842712356,-1.1751759211293096,0.2128345876725811
21CMA-DDR1-J185504+851915,18:55:03.77,+85:19:14.8,P,0.206780704255693,0.0281263054735216,0.2071261139621563,0.0206905276336438,0.1984426664620901,0.0272114501471197,0.161798373636408,0.0451893031978114,0.2445997644160418,0.0484690166389381,0.050266156774256,0.3943890814443706
21CMA-DDR1-J183722+851446,18:37:22.27,+85:14:46.5,P,4.980072923018537,0.1555060763927467,3.1209602131151946,0.1033963503891664,2.740721864055976,0.1130071721788806,2.488237223467038,0.2258322463641577,2.5303523382602093,0.1991940574429942,-1.536467260824589,0.1084333292415933
21CMA-DDR1-J173716+851202,17:37:15.92,+85:12:02.4,P,0.1278257228615049,0.0210347861960384,0.1443316439418247,0.0148485948237123,0.1406860466859408,0.0138559948311711,0.1143928641377581,0.0209402970170865,0.1117979112034323,0.0215050348720544,-0.1996630566728114,0.4167608626383164
21CMA-DDR1-J171354+850304,17:13:53.53,+85:03:04.1,P,0.1178844234929295,0.0214627899413509,0.1148842686438184,0.0230627921512948,0.1035160239537133,0.0294992144588768,,,0.1059343919432942,0.02867154050951,-0.2241584518120817,0.574473913177229
21CMA-DDR1-J173941+850539,17:39:41.17,+85:05:38.6,P,0.1220803980638813,0.0266865066767148,0.1229286215121547,0.0224376431757521,0.1131284468682228,0.0258179099078454,0.0937643951854087,0.0226382242161102,0.0699421780312031,0.0169236888230418,-0.8825287993884354,0.559032153804577
21CMA-DDR1-J175413+850505,17:54:13.18,+85:05:05.1,P,0.8161974959755736,0.0293048941402032,0.5968347704662738,0.0325745502501507,0.5081206211363563,0.028442016666029,0.4344263540210591,0.0385883403715001,0.3529545640964163,0.0284595071688841,-1.4315447787044078,0.1240410798113688
21CMA-DDR1-J172657+850145,17:26:57.23,+85:01:44.9,P,0.2980863145522464,0.0305834089910365,0.3186540626728106,0.0209598294134795,0.2639772183860646,0.0196027688023592,0.199295999644025,0.0196184438028148,0.2431756838424328,0.0419889694820091,-0.7132515435060397,0.2739164705429382
21CMA-DDR1-J182842+850206,18:28:41.75,+85:02:05.6,P,1.061809143229559,0.0408669894941416,0.7129648834250624,0.0426628881305085,0.6298474387021614,0.0309965650659019,0.445701302814556,0.0457427040760468,0.3978858369756052,0.0401414187647387,-1.6640115240519189,0.1343591429575805
21CMA-DDR1-J054645+851639,05:46:44.93,+85:16:39.5,P,0.0926908585346086,0.0200983477428662,0.0793091068826813,0.0170336936205795,0.0716646485098331,0.0180478451651791,0.0578869705056801,0.0178586706161364,,,-0.8708812751242674,0.7196038084848242
21CMA-DDR1-J044713+853341,04:47:13.03,+85:33:41.5,P,0.0568532239904932,0.0165624907525999,0.0536497878562457,0.0148302732067009,0.0553321188133894,0.0155305661969971,0.0505551934200482,0.0155335891976183,,,-0.1988555833263765,0.8778939476416122
21CMA-DDR1-J092856+852547,09:28:56.04,+85:25:46.5,P,,,0.0636727996290332,0.0164370272640159,0.0696916026212913,0.0198064835747426,0.0570189902157432,0.018295038358917,,,-0.4836288934213165,2.335004144600176
21CMA-DDR1-J043646+870327,04:36:46.20,+87:03:26.7,P,,,0.045001126710913,0.0121197559295795,0.0392342289066558,0.010588321943992,0.0413051443965929,0.0111519385435248,,,-0.5077637147829378,2.18645593838633
21CMA-DDR1-J024651+864735,02:46:51.01,+86:47:35.5,P,,,0.0613959664206216,0.0133987165926816,0.0459172202638093,0.0104912582924486,0.0536601352333668,0.0155920083556729,,,-1.084629695588846,2.042330379159505
21CMA-DDR1-J103838+851340,10:38:38.42,+85:13:40.0,P,0.0955784802728256,0.0153224551762459,0.0897974218327285,0.0179953884265047,0.0941845943847943,0.0217784551035116,0.0746799252420752,0.0205656603158506,,,-0.3159566069390383,0.5792384102541654
21CMA-DDR1-J104626+850915,10:46:25.84,+85:09:14.6,P,0.1011927206662046,0.0194906625456068,0.1077612867505359,0.0194945756607814,0.0920600474631871,0.021420950532019,0.0955539308535282,0.0274443313221727,,,-0.1268566971072122,0.649196346609939
21CMA-DDR1-J110031+851649,11:00:31.24,+85:16:49.4,P,,,0.063061411925128,0.016126551060816,0.0560065912003476,0.0135618709089572,0.0338803069093544,0.0103895616957098,,,-3.3518948070204044,2.267096526692036
21CMA-DDR1-J110035+852934,11:00:34.60,+85:29:34.1,P,,,0.0708373661846399,0.0186415480204711,0.0738155907512405,0.0162387899447272,0.064554274049302,0.0162376121379376,,,-0.533389721351966,2.0879218632173573
21CMA-DDR1-J005213+851622,00:52:12.67,+85:16:21.9,P,,,0.081482830415456,0.0219930302212328,0.0759586430768611,0.0184233221875115,0.0690354266329182,0.0191034658595449,,,-0.9458247835667246,2.2150663261983583
21CMA-DDR1-J002241+850847,00:22:41.18,+85:08:46.7,P,0.1228057210311457,0.0300849738427934,0.1197721365651162,0.0267751337697172,0.0861667333304349,0.0220205964854741,0.0751242660044541,0.02059074997736,,,-1.0210549106659907,0.7552203097550751
21CMA-DDR1-J115119+852743,11:51:19.15,+85:27:43.2,P,0.0667223528717456,0.0181910705073828,0.0642285544704683,0.0185835320064455,0.0549171766518417,0.0114250964020962,0.0563735108384595,0.0123887465468582,,,-0.4372471411834459,0.7549474987266201
21CMA-DDR1-J115945+852503,11:59:44.97,+85:25:03.0,P,,,0.0835748797735871,0.0200779115135493,0.0678975094083457,0.0161686297320123,0.0652909773411304,0.0170266446980072,,,-1.4563822602473404,2.0279481427490778
21CMA-DDR1-J233805+852354,23:38:04.93,+85:23:53.7,P,,,0.0673473185835236,0.0198157019572776,0.0557089242757215,0.0153465798871213,0.0735394290717514,0.0207738078394328,,,0.5017891228139857,2.339412040584814
21CMA-DDR1-J231346+850250,23:13:45.99,+85:02:50.2,P,0.1031377662123805,0.0185568911874501,0.1159139782706819,0.027316438677629,0.0924733276435099,0.022947971236601,0.0686151207879618,0.0197542012650019,,,-0.525186734694306,0.6344158060576215
21CMA-DDR1-J210926+862433,21:09:26.06,+86:24:33.1,P,0.0462708374453745,0.0145255609989571,0.0757879878622807,0.0209358101662331,0.0803695059038254,0.0222562777864402,0.0430828968818858,0.0128032097768601,,,0.3383419625645463,0.9132042039857372
21CMA-DDR1-J152521+860826,15:25:20.78,+86:08:26.4,P,0.0355182878613881,0.0100480617870707,0.0402207634365908,0.0127326976600183,0.0355937778100009,0.011000867742788,0.0325545365752239,0.0081643044661679,,,-0.1600099618262113,0.8187455853168704
21CMA-DDR1-J181354+862912,18:13:53.72,+86:29:12.5,P,0.0386919716483996,0.0104252579118546,0.0429961096232689,0.0125477428714007,0.0355568257075074,0.0105917202475915,0.0434695179869176,0.0103190041246746,,,0.1561708331289198,0.7787965785585081
21CMA-DDR1-J164725+855710,16:47:24.57,+85:57:09.9,P,0.0512790496798845,0.0142885411823918,,,0.0489258638743389,0.0126772658692729,0.0542781675828986,0.0155483749134123,,,0.0394953110764318,0.8315633127496579
21CMA-DDR1-J200600+852215,20:05:59.62,+85:22:15.0,P,0.1030725307269259,0.0178541799243234,0.1158848603176671,0.0229702105646833,0.1195509700422875,0.0275107797692205,0.1430280870899097,0.0416318440994485,,,0.5621018894213505,0.6123161440472642
21CMA-DDR1-J163454+852658,16:34:53.73,+85:26:57.5,P,0.0793509051521304,0.0180338636501005,0.0844063864199568,0.0172442150524118,0.0833998743632159,0.0193639177065144,0.0906221223042129,0.027936625447286,,,0.2249689092542097,0.7326171631110852
21CMA-DDR1-J194104+851023,19:41:04.00,+85:10:23.2,P,0.1868485105666512,0.0490143557790232,0.1781583436076671,0.0474699009177913,0.1988981953848259,0.0574753842218143,0.2251896409860177,0.0669618187145802,,,0.3153035116488796,0.815883048096265
21CMA-DDR1-J180456+853303,18:04:55.72,+85:33:02.9,P,0.0798219476802483,0.0167652732808689,0.0748439935454677,0.0166258728268855,0.0622587641054769,0.0162078420638639,0.0643950059136434,0.015176193005081,,,-0.5216959613188621,0.6581929612462524
21CMA-DDR1-J192825+855432,19:28:25.11,+85:54:31.5,P,0.0499172039002223,0.0142251738191048,0.0526350075003124,0.0147619975902895,0.0493002386004642,0.0145445641099377,,,,,0.0238283120555381,1.0780942042428092
21CMA-DDR1-J173419+855325,17:34:18.50,+85:53:25.0,P,0.1026508279767944,0.0257570013454473,0.0908746388729451,0.015951601422118,0.0937986159517672,0.0287017013950291,,,,,-0.3416169563665268,0.9653699642335268
21CMA-DDR1-J210756+855239,21:07:56.06,+85:52:38.5,P,0.0661370775764934,0.0166310567996505,0.0504965654388514,0.0145875660452431,0.0513422435618402,0.0119834436268757,,,,,-0.744435915211024,0.92393896723349
21CMA-DDR1-J205509+853018,20:55:09.15,+85:30:18.2,P,0.0833766514985365,0.0151492306882863,0.0652441335120242,0.0174875316115254,0.0722191045328061,0.0152255734444124,,,,,-0.49184294249991,0.7348787782887155
21CMA-DDR1-J133348+852415,13:33:47.93,+85:24:14.6,P,0.0725852264011587,0.0224697813772378,0.0619244572810593,0.0148252004845123,0.0601035968604067,0.0134150235211905,,,,,-0.5269568880985178,1.044592981132299
21CMA-DDR1-J154545+852023,15:45:44.99,+85:20:22.9,P,0.0835464631152809,0.0185908904645121,0.1039242735354458,0.0212453719109279,0.0785541082558817,0.0189337488712809,,,,,0.1227088809025365,0.8498441701002422
21CMA-DDR1-J210459+852013,21:04:59.14,+85:20:12.5,P,0.1095905691459442,0.0252391956779443,0.0953222237345087,0.0200036062174088,0.086452858022815,0.0215180010027541,,,,,-0.6110230009726713,0.8784706379291769
21CMA-DDR1-J091118+851711,09:11:18.49,+85:17:11.1,P,0.0726794052059883,0.0230775429463331,0.0808589699907196,0.019448012016889,0.0586613926635545,0.0151228011148345,,,,,-0.4125271896360685,1.1068751317300491
21CMA-DDR1-J145350+851705,14:53:49.95,+85:17:04.7,P,0.1129299769455409,0.0225979755119805,0.1038919429676047,0.0228706651195048,0.0772653504075636,0.0195984361672622,,,,,-0.8030948148151912,0.8158065750523084
21CMA-DDR1-J084550+851548,08:45:50.29,+85:15:47.9,P,0.0843662906792029,0.0225279481958466,0.0826163059582233,0.0205887629715349,0.0741503935830801,0.0169411832651581,,,,,-0.3094280291659482,0.9497494933365644
21CMA-DDR1-J190349+851410,19:03:49.37,+85:14:10.4,P,0.1099285464223085,0.0242009770418312,0.1060318047975312,0.0342869740407276,0.1308316849701465,0.0298561911852399,,,,,0.3895764702243806,0.8505048587873624
21CMA-DDR1-J163400+851149,16:34:00.15,+85:11:49.1,P,0.1094371979244471,0.0174520561449394,0.1113270776782842,0.0205534159936047,0.1177494362595332,0.0264471214660208,,,,,0.1506764934967883,0.6774865282159802
21CMA-DDR1-J013127+850759,01:31:27.43,+85:07:58.8,P,0.1115454338628111,0.0249935171991486,0.1083759956145641,0.0276028976255879,0.0957519647358579,0.0228530736681758,,,,,-0.3497230952620512,0.8631047928404318
21CMA-DDR1-J212809+850626,21:28:08.92,+85:06:26.2,P,0.1383734608999119,0.0337467821675775,0.1439632206994409,0.0430869683801365,0.1435584086356131,0.0426697461557128,,,,,0.1132678953786021,0.9912939149087808
21CMA-DDR1-J191558+850531,19:15:57.83,+85:05:31.1,P,0.084203347574981,0.0207144480820402,0.1165316131710853,0.0286402862391551,0.1104836227628599,0.0296773079707202,,,,,0.8727298798047856,0.9474594406412312
21CMA-DDR1-J170526+850502,17:05:26.11,+85:05:01.9,P,0.1104531588515952,0.0199135029996858,0.1057133679222158,0.0317256526070561,0.0932999363047056,0.0257065872597553,,,,,-0.382721648874473,0.8302797437088063
21CMA-DDR1-J192616+850325,19:26:16.39,+85:03:25.2,P,0.0939013556859289,0.027085648803128,0.1000089402895325,0.0293364564357084,0.1246493538820578,0.0307769008970408,,,,,0.699193025844783,1.0282828374311628
21CMA-DDR1-J200401+850222,20:04:01.03,+85:02:21.8,P,0.0882612918969263,0.0219380434374687,0.0906572320899287,0.0278371924060414,0.1064268661427856,0.032880893549767,,,,,0.4002787391295059,1.018213499457404
21CMA-DDR1-J104317+850124,10:43:16.89,+85:01:24.3,P,0.1113648976089374,0.0231155676174283,0.1080585151497474,0.0253557098686358,0.0928704945952641,0.0195047530510016,,,,,-0.4217162785300684,0.7851746892395534
21CMA-DDR1-J121957+850051,12:19:56.66,+85:00:50.7,P,0.1040653283042493,0.0245761957489017,0.1088512246773216,0.0279401656399986,0.0858759843926583,0.0231319747588918,,,,,-0.3384682946489545,0.9284076129905402
21CMA-DDR1-J020007+850039,02:00:07.07,+85:00:39.2,P,0.1143266508033682,0.0232651666077268,0.1427177134700906,0.039026618520692,0.1937825817383923,0.053921646793479,,,,,1.2654839860495892,0.8716445650658943
