Source_ID,RA(J2000),DEC(J2000),Source_Type,F100,e_F100,F131.25,e_F131.25,F143.75,e_F143.75,F156.25,e_F156.25,F168.75,e_F168.75,Spectral_Index,e_Spectral_Index
21CMA-DDR1-J054936+850055,05:49:36.23,+85:00:54.8,P,0.1708942615819383,0.0306778296463282,0.1762264827302214,0.0307160505412702,0.1461081271248802,0.0324238558114101,0.0986885129527716,0.0258615134301516,0.0806919485038662,0.0242702093817577,-1.1096377145295762,0.5278663478049955
21CMA-DDR1-J061354+850341,06:13:54.37,+85:03:40.7,P,0.1306796541149683,0.0305318353930678,0.1361428640964083,0.0271623758778496,0.1239358896317,0.0218661127547113,0.0737912237169117,0.0174891596138115,0.0754498547068156,0.0206233802564713,-1.0707222429047976,0.5949632396776934
21CMA-DDR1-J045156+850107,04:51:56.20,+85:01:06.5,P,0.3425444025207764,0.0245402728733566,0.2494372285799801,0.0166711513381429,0.2202018672502759,0.0177398434234093,0.1744757023850905,0.0287860754749677,0.1609759120985212,0.0292215800557767,-1.3272904812344504,0.2373907860283015
21CMA-DDR1-J051353+850826,05:13:53.42,+85:08:26.4,P,0.0745263535178753,0.0203356260174843,0.083697848070238,0.0193627846813006,0.0868488217970993,0.0204262763258675,0.0792063616900841,0.0211561957603573,0.0760733520830882,0.0241967780110178,0.103646088421606,0.6936941246946693
21CMA-DDR1-J064846+851615,06:48:45.98,+85:16:15.1,P,0.1129160769629952,0.0250746828738911,0.1074128293201384,0.0251618382809984,0.1050616633082868,0.0211434775165041,0.0985587202114089,0.0255039168542913,0.1076544803982105,0.0225224913628833,-0.1487901985139759,0.5467188177112734
21CMA-DDR1-J060200+852449,06:01:59.52,+85:24:49.4,P,,,,,0.0548932127835094,0.0147244550748024,0.0549661038103157,0.0179903782279289,0.0590588083068157,0.0176986221997982,0.4373511678159271,2.500562568295249
21CMA-DDR1-J070033+851509,07:00:32.91,+85:15:08.6,P,0.1310185353527248,0.0244341178780037,0.1295448357725221,0.0218518223545626,0.1183225193179989,0.0246831333062941,0.1011707754922635,0.0242010958117405,0.1196591700806385,0.0289605214299793,-0.3260862958684686,0.5060772805462812
21CMA-DDR1-J052233+852150,05:22:33.09,+85:21:50.4,P,0.0788903231756269,0.0239629522628806,0.0787140547566593,0.0181919480816454,0.0729553717131246,0.0184073454121039,,,0.0764357354339955,0.0208979011739917,-0.0958999673171903,0.7628365629759405
21CMA-DDR1-J054506+852550,05:45:06.46,+85:25:50.4,P,0.1257533284209555,0.0252482114750642,0.120391402841098,0.023814156075618,0.1045889871461297,0.0132540539177923,0.1200391162666767,0.0237929165200118,0.1341467729394165,0.023945675452501,0.0088401323717856,0.4789283897729357
21CMA-DDR1-J070302+851551,07:03:01.79,+85:15:51.3,P,0.444543501468556,0.0263423605415208,0.2486653895878088,0.0208209167315041,0.2176297930981624,0.0263095540351134,0.1492878947007601,0.0265314299588197,0.1880050743898443,0.0312610052162278,-1.9865639153087664,0.2282921753884098
21CMA-DDR1-J064909+852229,06:49:08.63,+85:22:28.8,P,0.5813524325423028,0.0311995800990893,0.3834965660942788,0.0279359343463365,0.3496849907699974,0.0279551948752718,0.2277219538478699,0.0339942043883776,0.3903680120763954,0.0411778098593347,-1.2173966560681708,0.1795641810119218
21CMA-DDR1-J060054+853212,06:00:54.43,+85:32:12.3,P,0.104219754124552,0.0188327114901153,0.09671293356456,0.0201622184728235,0.0861613944754176,0.0162324375249347,0.0832380449366133,0.0183653074348757,0.0907733763849635,0.0181334923858371,-0.3659585841091688,0.4676735324886621
21CMA-DDR1-J053501+853216,05:35:01.33,+85:32:16.4,P,0.1106741979192429,0.0228107271178085,0.1102629327113704,0.0187687710259131,0.0922933235697236,0.0148886145285246,0.0878494879010422,0.0187218789894006,0.1200241571443046,0.0271892162548652,-0.1820695554804837,0.5189982951051632
21CMA-DDR1-J075128+850035,07:51:28.43,+85:00:35.4,P,0.2129768222226875,0.0330819145139885,0.19045732026645,0.0325804733981175,0.2035813484195515,0.0352733024700747,0.1500069062934087,0.0303188208694802,0.1369316179955352,0.0370369782571764,-0.6515968858394505,0.4496468270027383
21CMA-DDR1-J060928+853527,06:09:28.26,+85:35:27.4,P,,,0.0586890641386459,0.0167872575613115,0.0575137571725029,0.0131836248184564,,,0.0753265719071611,0.0188639184045849,1.1310729696383806,1.463527052158151
21CMA-DDR1-J055352+853834,05:53:51.87,+85:38:34.4,P,0.1738760797750138,0.0294464976684486,0.1540183783177206,0.0250719603183409,0.1224445400412025,0.0108876634825987,0.1408643474765287,0.0235649619495314,0.1391896747750881,0.0179763486747935,-0.4775817354054655,0.3877052599996375
21CMA-DDR1-J051922+853429,05:19:22.09,+85:34:29.2,P,,,0.0649162967336837,0.0166077246913732,0.0676941487076871,0.0155268691445375,0.069480208906747,0.0218624252572551,0.0808718658350403,0.0211629138468703,0.8291391119047521,1.3900096684469565
21CMA-DDR1-J072100+852111,07:20:59.88,+85:21:10.7,P,0.1403153385607649,0.0316371887630002,0.1475904784987149,0.0260151242869442,0.1295369064837002,0.0246578232504176,0.1277640727749443,0.0284937137220781,0.1237683121869348,0.0326767995580058,-0.270282677553434,0.5735372128795635
21CMA-DDR1-J041153+850942,04:11:53.50,+85:09:42.1,P,0.116047345100917,0.020636394244022,0.1330345963915574,0.0253345681013439,0.1705799433210541,0.0312350939294038,0.1830768757910617,0.0349184902989274,0.1123930748100044,0.0204162801188513,0.3557844862250151,0.4452061960389407
21CMA-DDR1-J054738+854152,05:47:38.05,+85:41:51.9,P,1.1944376558599972,0.0333391674068179,0.7760386232976081,0.0202511457683669,0.7277243779723312,0.0222879821264618,0.7874901633461713,0.0270923171607662,0.9555723220221988,0.028883696909898,-0.6139142371969462,0.0718859726851445
21CMA-DDR1-J075548+850606,07:55:47.98,+85:06:05.7,P,1.2785065803380022,0.0354220333242102,0.8017703210969965,0.0225278156412864,0.7559625765193784,0.0254613055620091,0.6283516208637882,0.0271626012800362,0.5999109978070224,0.0305818654000779,-1.506287506082083,0.0837455087543511
21CMA-DDR1-J062555+854210,06:25:55.40,+85:42:10.2,P,0.0794976398277846,0.0193937295709267,0.0878492675059503,0.0168657999868376,0.0756184712790313,0.0164253486712598,0.0790362217188215,0.0191815393139995,0.1070787563669402,0.0245325737970057,0.3290658690516921,0.5893067539516713
21CMA-DDR1-J051427+854308,05:14:27.07,+85:43:07.7,P,0.2002045410535047,0.0423331916761269,0.1695294761604636,0.0383559862915485,0.1241389790906216,0.0106805814285746,0.1576940610288669,0.0337858929194695,0.1502035380664588,0.0174552241573656,-0.4379704953058617,0.4423884943349586
21CMA-DDR1-J052014+854622,05:20:14.21,+85:46:22.2,P,0.2452595195799645,0.0361429268985782,0.2198380158638413,0.040100952211852,0.2332066517276526,0.0224683454578371,0.2378412807424882,0.0454137197199354,0.1817662569932086,0.0180176429812643,-0.522846173560477,0.331166253342293
21CMA-DDR1-J051153+854349,05:11:52.96,+85:43:48.6,P,0.1356204001962049,0.0384082745702707,0.118021651464692,0.0260847085795045,0.1069222977336391,0.0103307537580194,0.1441152351561657,0.0298007341253182,0.1337132274411523,0.0160627973317349,0.2859710069285217,0.5296816730381885
21CMA-DDR1-J065246+854517,06:52:46.17,+85:45:16.6,P,,,0.0770458749774134,0.0197605074650709,0.0714702682124953,0.0177702655528014,0.0731776809344447,0.0209421081011024,0.097453923483682,0.0286089340107615,0.7701964002241709,1.4609916816138
21CMA-DDR1-J073339+853029,07:33:38.77,+85:30:29.1,P,0.1784050315653289,0.0366596653374827,0.1687374878040524,0.015469481918894,0.1708101000053609,0.0192810934595867,0.1753421963275597,0.0257789956923878,0.1832102574779545,0.0252519958362013,0.0979315235776112,0.421813922272223
21CMA-DDR1-J043416+853459,04:34:15.67,+85:34:59.3,P,0.0800247415954072,0.020282965770929,0.0825316784057758,0.0216644633072829,0.0642210968718397,0.0132513437472413,0.0909386194460309,0.0248603587172023,0.1024321578920247,0.0257324984860916,0.3015144796894911,0.6276971567957701
21CMA-DDR1-J034248+850210,03:42:47.72,+85:02:09.5,P,0.5462949828137368,0.0490566123527015,0.3817546819267532,0.0347542518708904,0.4712272224497638,0.035679186523785,0.4758038928936145,0.0769649226127735,0.2106864455865656,0.035181542786299,-0.8789417927407785,0.2669642565820989
21CMA-DDR1-J054301+855359,05:43:00.86,+85:53:58.7,P,,,0.0715987351561748,0.0184210357331651,0.0682186093524468,0.0190749869647507,,,0.0904454245905115,0.0224176171186578,1.0232428479151012,1.4017150426199287
21CMA-DDR1-J061231+855604,06:12:31.33,+85:56:04.2,P,0.2153049295385912,0.0162169272665111,0.1618346832300679,0.0149532971840821,0.1505955600621381,0.0083968241740137,0.1633160606298829,0.0195895807472819,0.1984603155164059,0.0128924025289891,-0.2660671471620109,0.1834087558993284
21CMA-DDR1-J065228+854921,06:52:28.37,+85:49:20.8,P,0.0975560262970332,0.0220772881917366,0.1066334872935688,0.0216962345440004,0.0818718693668364,0.0143182361128066,0.1095430111357723,0.0216518251186263,0.1119042382876942,0.0228595620447328,0.1866390897268361,0.5361531232837669
21CMA-DDR1-J055130+855645,05:51:29.54,+85:56:44.8,P,0.1047629462037218,0.0302915289239781,0.0996639901730981,0.0258031887848207,0.0740794349760791,0.0118991036321853,0.0991266208657713,0.0240596805385399,0.098734531991101,0.0175356766829749,-0.0734082408187333,0.6170696067307405
21CMA-DDR1-J052940+855531,05:29:40.22,+85:55:31.4,P,0.8925262610723917,0.0331489813011085,0.6029001403295807,0.0223996955306877,0.5438759605231956,0.0164791166129011,0.6212786928841721,0.0244996039836326,0.7950549937381968,0.0447018319554123,-0.6989586591747796,0.1001770117679318
21CMA-DDR1-J054337+855701,05:43:36.99,+85:57:01.0,P,0.2570315718303357,0.0218458506176847,0.2303126735964173,0.01334063623055,0.222206951219914,0.0146265606133719,0.2384502244074964,0.0152285117509489,0.2935891928866581,0.0247802681512798,0.0914900118019417,0.2004517634606244
21CMA-DDR1-J070232+854955,07:02:31.55,+85:49:54.9,P,,,0.0819312017923076,0.0263899975754641,0.0869354251306042,0.0194986518163289,0.1040887797661151,0.023021897392881,0.104337437925225,0.0230721596689458,1.0985600382475282,1.4028397960686405
21CMA-DDR1-J045417+855013,04:54:16.94,+85:50:13.3,P,0.2032149725362555,0.0335091972610184,0.1627640848848006,0.0182875714467853,0.1540222552186904,0.0115694972284398,0.1558700591886242,0.0142752588810127,0.1811868427957596,0.0117032242341831,-0.0069823461713092,0.2974337746713741
21CMA-DDR1-J051608+855541,05:16:07.93,+85:55:41.2,P,0.2501747708676147,0.0477192494688921,0.2551169885299119,0.052774750819549,0.1836518746075982,0.017132513054807,0.2463576555225069,0.037799785706564,0.2629794776285981,0.033928766850978,0.0913092880786746,0.4207480482678704
21CMA-DDR1-J050047+855257,05:00:47.01,+85:52:56.9,P,,,,,0.0523341548918281,0.0140789595308164,0.0559236445937937,0.0138541843943903,0.0640552892546428,0.0180963392505686,1.2439910885372258,2.429290216451215
21CMA-DDR1-J045518+855315,04:55:18.12,+85:53:15.2,P,0.5909234012076626,0.0317508937047271,0.3631943484013635,0.0198625573957236,0.3516763739683271,0.0131116475278489,0.3785253648572573,0.0183504858344033,0.4072426707126433,0.0153152154007295,-0.6624448284063916,0.1199510574370251
21CMA-DDR1-J072714+854521,07:27:13.66,+85:45:21.0,P,1.963263162895741,0.1045641480026639,1.1376670066426366,0.0329823080715857,1.0650340769590485,0.0324246694409238,0.8899273066704454,0.0282360234448366,0.8232209824268794,0.0260778924964546,-1.5904185796467372,0.1061238727568584
21CMA-DDR1-J052056+860049,05:20:55.88,+86:00:48.8,P,2.961444267880378,0.0880342205082475,2.0322617981584035,0.043204063983849,1.8567823293258885,0.029818219166014,2.0232656331176613,0.0417904038636811,2.2273464184935667,0.0367442362751775,-0.3869286350564587,0.0602079093639959
21CMA-DDR1-J042912+854425,04:29:12.21,+85:44:24.7,P,0.3598507475543925,0.0514480948264585,0.3366837458782088,0.0176553975736834,0.3411283215887676,0.0145625536712504,0.3430500199283314,0.0252966368723218,0.401865845734407,0.0355057291897752,0.2289439787428757,0.2687146817094584
21CMA-DDR1-J053507+860517,05:35:07.37,+86:05:16.7,P,0.5865284308082318,0.0218249560880019,0.4082172396508559,0.0162012894309292,0.3750409863954053,0.0110973206133068,0.4189807637712236,0.0120296056321128,0.4458666732202886,0.0135422234643769,-0.5452279283288716,0.0856692625755515
21CMA-DDR1-J080101+853115,08:01:00.82,+85:31:15.3,P,1.1682338735454807,0.0310439577619816,0.7990632268875234,0.0230709206938518,0.7581255604062108,0.0283791302375604,0.7123968012522932,0.0271713154064389,0.7447898382533956,0.0237855786345607,-0.9533454945706764,0.0719769757482546
21CMA-DDR1-J042237+854825,04:22:37.02,+85:48:25.1,P,1.8629289439720893,0.0838425164309096,1.4391734996233536,0.0234727058594079,1.407560846019496,0.0216144233136846,1.49395800441854,0.0291888543934908,1.5278524729743677,0.0279188795187983,-0.0701607227974173,0.0727185940096864
21CMA-DDR1-J043108+855157,04:31:07.68,+85:51:56.6,P,,,,,0.0668911290519842,0.0205179223620572,0.0564887051638843,0.0165266376717468,0.0693958868688155,0.0192179320131908,0.2776528238407735,2.5756712343130768
21CMA-DDR1-J062725+860954,06:27:24.92,+86:09:53.6,P,0.1135506298787539,0.0236987486467678,0.1116420768721455,0.0206517321836271,0.1011953687519721,0.0187171065467494,0.09457166476504,0.0189256921091701,0.1025393680927463,0.0112172216949507,-0.2374683771071296,0.4271319651153076
21CMA-DDR1-J070034+860331,07:00:33.96,+86:03:31.4,P,,,,,0.0756416871230099,0.0215216927466807,0.092840642876755,0.0267551377729232,0.0944146352939857,0.025735177516343,1.3815875309074346,2.457347435411065
21CMA-DDR1-J050426+860528,05:04:25.85,+86:05:28.0,P,,,0.0697634223830842,0.0148548471093409,0.0685469374761038,0.0141379645526685,0.0810095881991849,0.0156103396421772,0.0910167215140793,0.014134456381303,1.195603143073049,0.9903766758902156
21CMA-DDR1-J074221+854759,07:42:21.50,+85:47:58.6,P,0.213565331474384,0.0216245216832791,0.1699395022061322,0.0118919005849835,0.1758071960776867,0.031201233795037,0.1507827284176391,0.0163738927958555,0.1697711843524587,0.0151993056033181,-0.4885058693492348,0.2425321430462658
21CMA-DDR1-J070247+860523,07:02:46.90,+86:05:22.8,P,2.0837862929213684,0.0744232238680133,1.4204633562885272,0.0275660175008684,1.3199328730578,0.0232869486052562,1.435153575266463,0.0318826466516212,1.4767024189332594,0.0297225707449951,-0.4567026040010226,0.0702491916309432
21CMA-DDR1-J071626+860140,07:16:25.94,+86:01:39.5,P,,,0.0852260574004902,0.0200846437060899,0.0892683229163145,0.0278526370952192,0.0989577329651138,0.0228791486110765,0.0939818231260611,0.0203073724013995,0.4595548047109251,1.2262087618247
21CMA-DDR1-J055817+861536,05:58:17.46,+86:15:35.8,P,0.0998265267713408,0.0203489764134159,0.0935605032108289,0.0143242793440502,0.0956637519062919,0.0161757026249139,0.0907553384460877,0.0179042461954967,0.0881379347373764,0.0122558757293605,-0.228829944445742,0.4470196949226147
21CMA-DDR1-J061610+861534,06:16:09.85,+86:15:34.1,P,0.5674349846145986,0.0197458297250625,0.4323876786785322,0.0157397206452175,0.4027533671851774,0.0120118622312321,0.4363589615329754,0.0166757321104913,0.441499535926324,0.0126594067550018,-0.4889845251587528,0.0821709026904066
21CMA-DDR1-J072700+855838,07:26:59.51,+85:58:37.6,P,0.177384150835395,0.0302164176215449,0.1574220360744134,0.0184471166655771,0.1423216288233056,0.0174354884158195,0.1612219592466367,0.0173561385827688,0.1388063673225888,0.0167680628535416,-0.36408980956097,0.3651406861099245
21CMA-DDR1-J061052+861717,06:10:52.37,+86:17:17.1,P,,,,,0.0596267509632667,0.0178890821970496,0.0709604138724318,0.0194771800152862,0.0619054030467912,0.0136759193190696,0.0767072938941016,2.2991771140436508
21CMA-DDR1-J082622+852333,08:26:21.68,+85:23:32.8,P,0.1495421368388676,0.0305948704835703,0.1268728008045345,0.0232597016178561,0.1219593333093323,0.0267585468508758,0.1005821261842029,0.024364817052135,0.0855370413051945,0.0190020186875287,-0.9827163137796064,0.5249006672193327
21CMA-DDR1-J032511+851738,03:25:10.74,+85:17:38.5,P,0.7798887738867849,0.0451606256536457,0.5945297592482618,0.0234405230008672,0.5890823692414506,0.0214251378470839,0.4849716616240722,0.0188016803534493,0.34272495766122,0.014210909656813,-1.47306729188135,0.1249322178931127
21CMA-DDR1-J050539+861335,05:05:39.04,+86:13:35.1,P,0.1015147281133075,0.0299586711870212,0.0823447260786003,0.0161509550058005,0.0739510455735631,0.0140511815094372,0.0758284971948828,0.0164555791288424,0.0662769611454009,0.0087517106059798,-0.7963691304135553,0.5579202341173866
21CMA-DDR1-J051106+861512,05:11:06.08,+86:15:12.1,P,0.1667666556702657,0.0250265991152974,0.159380496804656,0.0138268593474237,0.1360905008428769,0.0108864584449185,0.1389262001839563,0.0095129359598489,0.1439895895839979,0.0091438632154547,-0.3178799740956145,0.2699513645053788
21CMA-DDR1-J053710+861830,05:37:09.93,+86:18:29.7,P,,,0.0579909140336379,0.016446200156647,0.0518043666460962,0.011863138969657,,,0.0449529082221566,0.0116982420579079,-0.9899699028970704,1.4915613314061709
21CMA-DDR1-J073357+860004,07:33:57.04,+86:00:03.9,P,0.1009191784349377,0.0271420510358681,0.0879217507877096,0.018559259398449,0.090113563223392,0.0142524299374792,0.089964629058935,0.0177605007455624,0.0777094358552528,0.0136799126124407,-0.4248396129254007,0.5760074648086274
21CMA-DDR1-J071215+861014,07:12:14.58,+86:10:13.6,P,0.456525725572446,0.0395480644366025,0.3405427238110943,0.0219444610865872,0.3389823817550525,0.0203358834802093,0.3693159798156678,0.0207169372744208,0.3538422988800636,0.0228633541762015,-0.366879330873346,0.189367322630159
21CMA-DDR1-J074650+855520,07:46:49.70,+85:55:19.6,P,0.1750712904544402,0.0232069187409536,0.1654434365926027,0.0155748388300692,0.1550398262082636,0.0124517829079938,0.1392191213281601,0.0102700198232666,0.1472705449809703,0.0135074489179964,-0.4505037147545362,0.2801254000840464
21CMA-DDR1-J041913+855856,04:19:12.53,+85:58:56.4,P,,,,,0.0691423364806381,0.0193217969728191,0.0793653079983026,0.0207700425787663,0.0646904420065753,0.0142947849887123,-0.5455613675722146,2.208989689602932
21CMA-DDR1-J052156+862007,05:21:56.03,+86:20:06.9,P,0.7409353754194588,0.0282015498573128,0.5133495761760589,0.01796648823523,0.433529965849615,0.0167037923309622,0.4440099165725106,0.0234588646989369,0.4529235549246296,0.0167404633110539,-1.0168795346126835,0.0956343305502716
21CMA-DDR1-J053440+862144,05:34:40.32,+86:21:44.1,P,0.1136858755510177,0.0278803589023322,0.1163323764690872,0.0145965998184978,0.1071092001280662,0.0123823384521115,0.1206159815958765,0.021643714395697,0.109072387260531,0.0095192404461051,-0.1032884427110538,0.4128900362639492
21CMA-DDR1-J060854+862312,06:08:53.83,+86:23:12.0,P,0.1183841442061233,0.0231381494008405,0.1284768990336357,0.0161095823199016,0.1213168456537705,0.0133316271731167,0.124593728981456,0.0192042202186314,0.1083989786082083,0.0094873829161759,-0.2821295608958892,0.3681031196816776
21CMA-DDR1-J035519+854701,03:55:19.05,+85:47:01.2,P,0.1884339990592819,0.0269440218012301,0.1964466585187833,0.0181572342968946,0.1832669185767225,0.0179503120330832,0.1806450208261093,0.0184294188496807,0.1503877309909651,0.02086501169565,-0.3372971968794344,0.3321148595669668
21CMA-DDR1-J080243+854735,08:02:42.90,+85:47:34.6,P,0.0923615694700591,0.0237318892811962,0.087700375700611,0.0209969823239701,0.0893469369278906,0.0268586478691173,0.0812439117485482,0.020281213404001,0.0671191349317688,0.0179968097017749,-0.4804140925594265,0.6401218819002815
21CMA-DDR1-J073150+860609,07:31:50.49,+86:06:09.2,P,,,0.0911866777098327,0.020688142884227,0.0734149742083416,0.0150263652701804,0.0861343703992452,0.020205130964179,0.0682094985070656,0.0125252670543885,-0.888149757074787,1.0995909254066034
21CMA-DDR1-J083451+852334,08:34:50.66,+85:23:34.5,P,0.0997819744861376,0.0249402355046447,0.1020294746029491,0.0323748128891735,0.0898090777383128,0.0260281310470875,,,0.0635236461477826,0.0165982664702149,-0.7787345709223163,0.67357934756248
21CMA-DDR1-J055832+862554,05:58:32.18,+86:25:53.9,P,0.4160592523698275,0.023107310343802,0.2934524407270908,0.0157853604721272,0.2794044871737358,0.0152762721853321,0.2749387993420775,0.0181702245585043,0.2640023434014032,0.0147261061865703,-0.8814658982494828,0.1394122836167753
21CMA-DDR1-J045922+861814,04:59:22.39,+86:18:14.2,P,0.0975648649700235,0.0296834088871342,0.0898394652281197,0.0193172891242954,0.0887273141744064,0.0154714174438816,0.0749135991720974,0.0174685807283794,0.0781679997858652,0.0113048346913444,-0.4970831254525843,0.5897148559951901
21CMA-DDR1-J044859+861532,04:48:58.56,+86:15:32.1,P,0.0897290029503907,0.0250958428215042,0.0837421656791823,0.0209253040058788,0.0714891810215142,0.0157038753497405,0.0638854095409911,0.0144155603342617,0.0704762485833906,0.0118262632744072,-0.5549733616052466,0.5922260114000449
21CMA-DDR1-J040023+855355,04:00:23.44,+85:53:55.5,P,0.1030500024369872,0.0292653287195609,0.0805540488567587,0.0213932452803752,0.0864028037158053,0.0180484491938436,0.0883254436232213,0.0209083584131226,0.0747163663545129,0.0146920963976426,-0.5025132598294545,0.6275764853883701
21CMA-DDR1-J041747+860351,04:17:47.30,+86:03:51.0,P,0.254743223666954,0.0385837166526514,0.266705676843873,0.0178940306554183,0.2403868948876467,0.0172586381106157,0.2269955970737865,0.0144501654577866,0.2215724693163375,0.0107124235270087,-0.4881376334686272,0.2369941530343141
21CMA-DDR1-J063909+862510,06:39:09.46,+86:25:09.9,P,1.1950106688504782,0.0259648972137776,0.8198937387549475,0.0155354966645646,0.7728420620536728,0.01568068776125,0.7609826355448485,0.0151477863724829,0.7219293739666462,0.0150586178601124,-0.9540638087061096,0.0525224241847126
21CMA-DDR1-J045907+862242,04:59:07.18,+86:22:42.4,P,0.1599497826636612,0.0316825154756818,0.1889683552538841,0.0161438326014245,0.189218799281163,0.0138925241259649,0.171030150733328,0.0134373485944306,0.1800534743627557,0.0104131182416339,-0.0371769957086374,0.2967977203986748
21CMA-DDR1-J083504+853037,08:35:04.42,+85:30:37.2,P,0.5884878314539135,0.035930973362883,0.4081397909028149,0.0175124310299495,0.3620700002381734,0.0206264362535341,0.2638550553000474,0.0185023509419802,0.2680970859366082,0.0141533497238741,-1.5807746988905385,0.145314892396397
21CMA-DDR1-J073236+861122,07:32:36.28,+86:11:22.2,P,0.0685963217371278,0.0199573180861872,0.0992178631017115,0.0303785290032728,0.0689726787383696,0.0174952395864662,0.0704336392580893,0.0187082301217334,0.0514175715470406,0.0126801274017802,-0.5123905096776787,0.6843396445757995
21CMA-DDR1-J033901+854337,03:39:01.19,+85:43:37.3,P,0.0842574762401001,0.0257377520818853,0.0698569817703191,0.0181987211626078,0.0686711774132697,0.0192170735585371,0.0524665729708618,0.0160322054202377,0.056008543105433,0.016859964455392,-0.8613121484493178,0.7491830346162967
21CMA-DDR1-J035240+855420,03:52:39.96,+85:54:20.4,P,0.7355052941790888,0.0333003879551683,0.5996960441695144,0.0204267066960585,0.5888774729912225,0.0197950477880305,0.5519091035667354,0.0155809459238347,0.5005954352631006,0.0144549412503982,-0.7005608536480475,0.0950991573287417
21CMA-DDR1-J043351+861548,04:33:51.02,+86:15:48.4,P,0.1679734699233586,0.0257069313953579,0.1560294276804303,0.0143150270301069,0.1437884030589153,0.0100509077589841,0.1347805366286154,0.0115986237714053,0.1444246665801967,0.0114185538349992,-0.3517111541081967,0.2950403879156078
21CMA-DDR1-J053334+862952,05:33:33.97,+86:29:52.1,P,,,0.0645182639454208,0.0153427334162024,0.0664299880732195,0.0141889507668132,0.0555994758252802,0.0130153837098312,0.0530019273884489,0.0106286099351379,-0.93595613692365,1.1714927924442189
21CMA-DDR1-J062824+862949,06:28:24.16,+86:29:49.5,P,0.1198589726434173,0.02214821172463,0.1096557953555009,0.0118473158793282,0.1074710635687366,0.0104525013728616,0.1280312955541992,0.0230650545558011,0.1192880051851972,0.0081015148053464,0.1491149495592545,0.3229084227157262
21CMA-DDR1-J075155+860354,07:51:55.26,+86:03:54.2,P,0.4476213844476078,0.0263454803222657,0.3089066314011919,0.0167193795387619,0.2844468008113495,0.0175098848232586,0.2703363109387472,0.0158872987356405,0.2466573632426656,0.0131991720185989,-1.1209442723919585,0.1416875871131457
21CMA-DDR1-J080747+855331,08:07:46.70,+85:53:30.7,P,,,0.0759746404796815,0.0241253124972619,0.0707561163912333,0.0218661606271749,,,0.0622705958245305,0.0185092577568007,-0.7922111970787735,1.6980897802060448
21CMA-DDR1-J031633+852554,03:16:32.82,+85:25:53.8,P,,,0.1356382175959611,0.0351007284686819,0.1192484583798852,0.025717371916762,0.0863102151844082,0.0260943603207579,0.0782948983141541,0.0170483377618407,-2.3424316048853915,1.2740966562797855
21CMA-DDR1-J032749+853828,03:27:48.54,+85:38:27.7,P,0.9819184221816348,0.0403765901831678,0.7585246614773228,0.0235734175982932,0.6773502936206623,0.0186898096602133,0.5321114958987914,0.0143954345910948,0.5307827979761094,0.0158393484951272,-1.3020835780018003,0.0895188359363322
21CMA-DDR1-J033330+854250,03:33:30.16,+85:42:50.0,P,,,0.0827490315871893,0.0197773786075179,0.0839470889848713,0.0196841168028132,0.0610545219280117,0.0170311386494323,0.0621858701106617,0.0173794301531617,-1.389931002886304,1.3799498265170462
21CMA-DDR1-J044349+862218,04:43:49.14,+86:22:17.6,P,0.1156861897477981,0.0217248347248647,0.1222357476698333,0.0165196249581584,0.0983862224119306,0.0093054339356323,0.1007319321991541,0.0089057613825784,0.0887945586272696,0.0060280594593326,-0.6591236028582406,0.3339366355979166
21CMA-DDR1-J045430+862542,04:54:30.18,+86:25:41.7,P,0.1607748426530744,0.030959498563022,0.1573012455791418,0.0158172997643199,0.1420815291957105,0.0115786804684549,0.1605460968282179,0.0148965711503301,0.1362971806681144,0.0093903249444788,-0.325159975820944,0.3230116293773117
21CMA-DDR1-J052254+863110,05:22:54.37,+86:31:09.5,P,,,0.0449572881969024,0.0132333336871826,0.0441226015584707,0.0129529306277222,0.0375640410286827,0.0119449181530454,0.0402670872793084,0.0093950354567199,-0.5278959623449935,1.424771482495943
21CMA-DDR1-J084957+852116,08:49:56.94,+85:21:16.2,P,0.1386042119230127,0.0321199673071795,0.1446901498084263,0.0277044520602587,0.1305170433556011,0.0273252106352249,0.0960394804150955,0.0172048134021011,0.0884482874369881,0.0180220708814686,-0.9554452103683768,0.5382474058075379
21CMA-DDR1-J081308+855605,08:13:08.05,+85:56:05.4,P,0.1158138799142201,0.0346899017485794,0.0988350317134995,0.0276048230280677,0.0843499005773976,0.0190363533571852,0.0690709342079095,0.0213343209039327,0.0647248713263924,0.0160858520373093,-1.1631204285786731,0.7035992169479935
21CMA-DDR1-J055459+863732,05:54:58.81,+86:37:31.9,P,0.104126748508074,0.0206693863136972,0.1006737726066996,0.0218229220591876,0.0833618498190656,0.0152700132508585,0.0800058116498628,0.0172456280077361,0.0730592589012293,0.007977865229351,-0.7344618141990448,0.4176816699581539
21CMA-DDR1-J082758+854640,08:27:58.43,+85:46:40.2,P,0.6752202366805701,0.0228728996910417,0.5940694990314995,0.0208260117075604,0.5449921764393436,0.0191485562569788,0.4721843269970888,0.0169810217267275,0.4798915417729574,0.0179071258064643,-0.7089633354308009,0.0863177212587702
21CMA-DDR1-J062530+863656,06:25:29.86,+86:36:56.0,P,,,0.0859318512140764,0.0189683447511094,0.0832856707258237,0.0211564304857904,0.0713090711923813,0.0176507877965731,0.0655484931641872,0.0127192370213586,-1.1388569888668822,1.126739604412307
21CMA-DDR1-J073143+862213,07:31:43.20,+86:22:13.5,P,,,0.0693899864135314,0.016606927273856,0.0675576151032347,0.0160116171648685,0.0468772257979261,0.0121654588097887,0.0507770224797232,0.0088588337546217,-1.4348069227051443,1.1174179346711035
21CMA-DDR1-J045822+863211,04:58:21.96,+86:32:11.4,P,,,0.0887947925038221,0.0175021042097707,0.0698347399938116,0.0166985223594129,0.0756640099142088,0.0162634502844038,0.0649690740709457,0.0116324368792869,-1.087980877989975,1.02170092169938
21CMA-DDR1-J050319+863406,05:03:19.11,+86:34:06.2,P,1.0621484335448343,0.0260650929452045,0.7903855650986921,0.0149190213171113,0.7230239513670538,0.0140439626787839,0.6771021621597694,0.0153326219894236,0.6357908326900049,0.0116775430360895,-0.9746331085183636,0.0552435750194331
21CMA-DDR1-J070250+863427,07:02:50.24,+86:34:27.2,P,1.9047244122669404,0.0498836256196297,1.2740239290416815,0.0259484020179275,1.2352539247728278,0.0222273931131468,1.1444445524677034,0.0225885522381007,1.0442423466032482,0.0177721531917769,-1.0834997338044037,0.0560293049162964
21CMA-DDR1-J070328+863226,07:03:28.00,+86:32:25.9,P,,,,,0.170040724456888,0.0246084751849549,0.1862695542762986,0.0279092540408814,0.1583799981292392,0.024484942266935,-0.3867987629870983,1.3182332994510206
21CMA-DDR1-J081800+855821,08:17:59.92,+85:58:21.0,P,0.1377789367120212,0.02479639478105,0.1147981658363879,0.0236594400431536,0.1055106982684764,0.0128431991575069,0.0852725068531888,0.0206113004152668,0.0750751779120327,0.0150450824965294,-1.0620836826604754,0.4643965928816929
21CMA-DDR1-J063424+863910,06:34:23.70,+86:39:09.9,P,0.081684892578109,0.0216743261658952,0.098977556283672,0.0167425497957773,0.098953279813179,0.0190460796050134,0.1039746820133007,0.0173997540296656,0.0812561000020855,0.0082509093944085,-0.2157006051475508,0.4765193047187994
21CMA-DDR1-J030501+852632,03:05:00.52,+85:26:31.8,P,0.2417365799304778,0.0369546869749546,0.313756161979637,0.0267118528804098,0.3008533407447945,0.0244649029596305,0.2648002796988348,0.0365612199906254,0.2652814368875619,0.015278701562414,-0.145606312288296,0.2671840781544725
21CMA-DDR1-J043601+862818,04:36:01.08,+86:28:17.5,P,0.1016585808318265,0.0247292757483524,0.0905661658722235,0.0109218544949273,0.0789343362543069,0.0087367610680639,0.0705080537577599,0.0084404974105861,0.0726074140853798,0.0056496587960983,-0.7472756601854519,0.3910211214226486
21CMA-DDR1-J052537+864048,05:25:37.31,+86:40:48.2,P,0.0897845613802962,0.0191959370287281,0.08640388675643,0.0173911736316988,0.0828390131490456,0.0143121446454581,0.0655453474076114,0.0153127249496748,0.0606145684188179,0.0079828268226395,-0.832274190007976,0.461612000674399
21CMA-DDR1-J055602+864254,05:56:01.75,+86:42:54.4,P,0.1202454820857761,0.0308380858019155,0.1002789031283451,0.0283756945159526,0.0947313373754559,0.0173956506084648,0.0710886718942672,0.0195588914633171,0.0725749191315298,0.0126888176851389,-1.0266246437617337,0.5737518723771761
21CMA-DDR1-J060049+864255,06:00:48.85,+86:42:54.6,P,0.1514868078555126,0.0277893817584053,0.1486299082475368,0.0273418377412993,0.1358702921995,0.0162881285373353,0.1103270480032503,0.0131228611179835,0.1064621655181895,0.0106410985349843,-0.8042654921536843,0.3784092489035614
21CMA-DDR1-J035624+861028,03:56:24.19,+86:10:28.2,P,,,0.0588488316892963,0.0179400877384064,,,0.053942999658306,0.0119073929247944,0.0412915138758473,0.009818686767132,-1.3294861258982464,1.5313393089046925
21CMA-DDR1-J041610+862137,04:16:10.38,+86:21:37.0,P,0.1869699314823205,0.0309342123934148,0.179334461941043,0.013029409580839,0.1619533833176835,0.012322107914899,0.1405832995325665,0.0112354491213116,0.1215900967489447,0.0088237978437477,-1.099447939715091,0.2872163395030405
21CMA-DDR1-J072100+863017,07:20:59.90,+86:30:16.9,P,0.0800598038799789,0.0210634722887806,0.0686110444255488,0.016085833912813,0.06488226132886,0.0137290319929993,0.061610790463208,0.0146534178602926,0.0430522631585257,0.0093333704785537,-1.0409607005333386,0.6108432893350192
21CMA-DDR1-J084931+853457,08:49:30.64,+85:34:57.4,P,0.2548861066113579,0.019326859365652,0.1986276392089017,0.0178115186067901,0.1599928941981912,0.0129085311722374,0.1305271185155422,0.0121311812766427,0.1385545525139325,0.0108932702697646,-1.2778442093376394,0.1930522411713459
21CMA-DDR1-J041851+862347,04:18:51.40,+86:23:46.8,P,,,0.0706986954497077,0.0146408523504364,0.068840338867865,0.0142752921180883,0.0634938034337096,0.0140276907949886,0.0610281764966936,0.0112874555823969,-0.6207405508818381,1.055703455318263
21CMA-DDR1-J053716+864321,05:37:16.46,+86:43:20.7,P,,,,,0.0604467666894459,0.0178391731442489,0.0587438021683299,0.0130739060650923,0.0474676817550786,0.0083318248618235,-1.7078812540988784,2.0625859732285377
21CMA-DDR1-J061936+864456,06:19:35.59,+86:44:55.9,P,0.1127773789715744,0.020098534021359,0.1257131770889095,0.0195075638715961,0.1147469322963746,0.0099031284861769,0.1169523272562901,0.019796331192187,0.1001036432354856,0.0080823192617724,-0.3520344253401331,0.3472236238286853
21CMA-DDR1-J074157+862622,07:41:57.48,+86:26:22.4,P,0.1139266248732028,0.0291673793455025,0.1059953650141575,0.0112577465861528,0.0938650544122096,0.0095628935748461,0.1102392303784369,0.0172511086894159,0.0957637168696497,0.0094347574476783,-0.2851213355211533,0.4241175848186175
21CMA-DDR1-J075718+861930,07:57:18.29,+86:19:30.5,P,0.109775307767569,0.0290008925455785,0.1035348936141638,0.0247792317692752,0.0999338548781702,0.0142460876357686,0.0883906917993182,0.0090813590362484,0.0799233484823554,0.0087074522215007,-0.7264484389704606,0.4978884876910445
21CMA-DDR1-J032753+855700,03:27:53.37,+85:57:00.4,P,0.4010279160179147,0.0297110576630947,0.3452130085939204,0.0202685697008675,0.2999679665412454,0.0138938365935442,0.2617802447590949,0.0124514981945989,0.2597968021034973,0.0104561330025577,-0.9224350347431826,0.1500762603215885
21CMA-DDR1-J065625+864146,06:56:25.45,+86:41:45.5,P,,,,,0.0692460655594486,0.0187775461011249,0.0666754470743891,0.0191988610733436,0.0457822399947765,0.010235924572485,-2.671266130439619,2.1851253668115174
21CMA-DDR1-J031812+854751,03:18:11.64,+85:47:50.9,P,0.1390447716443089,0.0396630906215098,0.1618488235048651,0.0398346692911815,0.147809022808149,0.0292975478989094,0.1114362642996613,0.0201002295103603,0.1143683956936673,0.0201384945780776,-0.6022482369745561,0.6007065227650801
21CMA-DDR1-J070659+864027,07:06:58.61,+86:40:27.1,P,,,,,0.0973808869150832,0.0283917022791725,0.0815823128400269,0.0225630746363049,0.0739152092754073,0.0139701822164246,-1.675414305910909,2.1246210387050284
21CMA-DDR1-J041537+862811,04:15:37.15,+86:28:11.1,P,0.1484746527186632,0.0290912485767518,0.1455771637278189,0.0126190798969609,0.1294141050789458,0.0084390982186324,0.1081612600038535,0.008675781849909,0.0984226819733085,0.0063840688395733,-1.1979343246709115,0.3068965851013313
21CMA-DDR1-J074206+862933,07:42:05.93,+86:29:32.9,P,,,0.078001508416472,0.0149609600856392,0.0792371367263305,0.017864931252813,0.0601565771779537,0.0151214669278979,0.0669111953626085,0.0097951312182416,-0.7326393041151076,0.9251440792209124
21CMA-DDR1-J043026+863701,04:30:25.91,+86:37:01.4,P,0.266975082489922,0.0170413157145472,0.2173199912159926,0.0073826376474847,0.1978435040655513,0.0074948949951142,0.1716164523251835,0.0054345435384862,0.1644850581321268,0.0053099546134528,-1.021314478502407,0.1196684766450733
21CMA-DDR1-J023822+850611,02:38:21.94,+85:06:11.4,P,0.3043834155024275,0.0369845060107599,0.3339416707139601,0.0323532456384018,0.3505002185767749,0.0490022454404459,0.2871299691094846,0.0668881187743362,0.1570515810522456,0.0302469029743964,-0.5285947541940126,0.3617296845180184
21CMA-DDR1-J071806+864148,07:18:05.70,+86:41:47.9,P,0.3243305413700959,0.0222234018843735,0.2756904292926806,0.0113072318340913,0.233663092425144,0.0108472314383131,0.2289883113068502,0.0105770094163427,0.2014335989236424,0.0092861339549752,-0.9460747437282546,0.1440407231617419
21CMA-DDR1-J075915+862439,07:59:14.80,+86:24:38.8,P,0.1547300091253833,0.029116098870232,0.1630627106230406,0.0163834953684479,0.1432881859425966,0.0104580295624655,0.1243943607064499,0.0109765587909892,0.1122468603809131,0.0076189971713737,-0.9761242344849383,0.3167181066680301
21CMA-DDR1-J032505+860158,03:25:05.48,+86:01:57.7,P,,,0.1161186891982277,0.0289363749593644,0.078969490475612,0.0199776094588851,0.0571189625719424,0.0169336591653724,0.0567940684208467,0.0123824191844375,-2.8555285544729703,1.2639055804856545
21CMA-DDR1-J071341+864534,07:13:40.83,+86:45:34.3,P,0.4152456381551185,0.0264614554650938,0.3219379897921581,0.0113591763280222,0.3078906083646621,0.0142261093146169,0.2857480490646156,0.0130224648918175,0.2572305871179799,0.0089715288546886,-0.8883082933212957,0.1254614595546323
21CMA-DDR1-J070406+864758,07:04:05.76,+86:47:57.8,P,0.1033664462299876,0.0325863946369472,0.1091886559171765,0.0296169114792132,0.0987986043080473,0.0201218572290585,0.0844615519516417,0.0172799664891209,0.0679879598341777,0.0110099239300138,-0.9686766624409324,0.6337501101366426
21CMA-DDR1-J060545+865541,06:05:44.93,+86:55:41.3,P,0.0690729403909862,0.0188163071684603,0.0840621054692684,0.021558723398688,0.0763542170413813,0.0184026334331133,0.0577539106186397,0.0186016068742565,0.0601752849713186,0.0111138615420079,-0.3954168773699766,0.6069729805888536
21CMA-DDR1-J082120+861452,08:21:19.63,+86:14:52.4,P,3.049414307438328,0.1133208154718325,2.125590297550491,0.0391725663136662,1.903540673231829,0.0404926871099945,1.5969878551448278,0.0313935293548272,1.563242781043028,0.0328718869298386,-1.3373198987677417,0.0714911006725563
21CMA-DDR1-J060023+865623,06:00:23.00,+86:56:22.6,P,0.0784780943172352,0.0212053769772055,0.0911184505186522,0.0188525539917296,0.0755380093041357,0.0209596315270978,,,0.0528590851964452,0.0100388869118056,-0.89537385531006,0.6178456652735317
21CMA-DDR1-J065841+865026,06:58:40.92,+86:50:26.3,P,,,,,0.0538388313560236,0.0151997057229471,0.0527453167099622,0.0111390858252152,0.0391760252559771,0.009190189397729,-2.0946444073466237,2.279076528267326
21CMA-DDR1-J092429+850753,09:24:28.71,+85:07:53.2,P,0.5999692455766977,0.0237268752697711,0.3863234153743902,0.0194360025668562,0.3702151112219269,0.0195333191182776,0.2464486111132194,0.0177119609780595,0.1669635220161466,0.0153785134098813,-1.9038233746534905,0.129062400792627
21CMA-DDR1-J030308+854406,03:03:08.14,+85:44:05.6,P,,,0.1058147827741635,0.0333269446463095,0.1114065409581467,0.0316321338878545,,,0.0829279056415795,0.0220364180520775,-1.1308131215965176,1.5860545600040432
21CMA-DDR1-J090039+854037,09:00:38.80,+85:40:37.4,P,0.6328614167364384,0.0323802835895317,0.4672354956792879,0.020830297091549,0.382563045683658,0.0180714631367801,0.2852181891340011,0.0108887189413308,0.3101188223736338,0.0135505367609936,-1.5793877195004198,0.117871703027209
21CMA-DDR1-J031938+860135,03:19:38.31,+86:01:34.8,P,0.1237642333508924,0.0308555282620999,0.1407170880159534,0.0255421213090537,0.12361423152287,0.0215283898528594,0.0958395856483939,0.0106913531789417,0.1008787811500234,0.0092450090901869,-0.6979897835313996,0.4503801202993259
21CMA-DDR1-J034423+862042,03:44:23.06,+86:20:42.3,P,1.1239624880750905,0.0370746788378086,0.9501468967083276,0.0201286702893477,0.8623404969503586,0.0196082157594228,0.7554841550527119,0.0166010373122726,0.7381599304571158,0.014927037600178,-0.8827583600538091,0.0679365686454118
21CMA-DDR1-J073732+864047,07:37:31.72,+86:40:47.3,P,0.6248751444888789,0.0304571084768294,0.3026600218558885,0.012601466812973,0.2665493104352883,0.0109756860822967,0.2127015226442183,0.0101355446017233,0.1767221594225329,0.0054747507079419,-2.374079195068912,0.105373884419737
21CMA-DDR1-J073531+864047,07:35:30.61,+86:40:46.9,P,,,,,0.1822423914285539,0.0097889093577923,0.1861628220734233,0.0098249747058255,0.1735736751920668,0.005587751605471,-0.3698886424879209,0.380879282895695
21CMA-DDR1-J090511+853521,09:05:11.43,+85:35:21.1,P,0.1458829139039729,0.043227046759417,0.1798066502107718,0.0489396501755775,,,0.1293053140699012,0.0374091424399223,0.0956239295602552,0.0273076013636477,-0.7359240200357976,0.7268542175644519
21CMA-DDR1-J063329+865616,06:33:28.52,+86:56:16.1,P,0.1187263254268702,0.0231200491740286,0.1411405318910258,0.0240837717469173,0.1190591296520832,0.0100638994079764,0.1235170775906761,0.0091923144779861,0.104635326586365,0.0052199640364896,-0.5083570044306404,0.321971583498266
21CMA-DDR1-J072642+864633,07:26:41.65,+86:46:33.2,P,0.344823311288088,0.0182123677574785,0.2737812625304169,0.0092839707511065,0.2651953073267107,0.0097909643288047,0.2560262867871826,0.0098474280292239,0.2344072833268883,0.0062973357972405,-0.6930123270396629,0.1033974456968346
21CMA-DDR1-J042030+864227,04:20:29.87,+86:42:27.0,P,0.1319383126455539,0.0217831607799675,0.1252199191632076,0.0101622616540934,0.1214969186102178,0.0071795443423386,0.1099306639367352,0.0068367320850961,0.0938612826810651,0.0045521904666865,-0.9297139437416596,0.2545467207524501
21CMA-DDR1-J032835+861441,03:28:35.22,+86:14:41.2,P,0.1478532391243076,0.0462839434520035,0.1526274053526251,0.0425796096744944,0.160714529521086,0.0290938909580686,0.1223683200934898,0.027407313082198,0.1214970527104608,0.0149408170159801,-0.5875948799457227,0.5874653970986788
21CMA-DDR1-J035437+863201,03:54:36.96,+86:32:00.6,P,,,0.0680885452468827,0.0202259327698036,0.0633555487051653,0.0180311419258601,0.0530497274137083,0.0138746360748174,0.0523776043680191,0.0090064612062247,-1.0876268227364805,1.2614729934894922
21CMA-DDR1-J044444+865242,04:44:43.77,+86:52:42.4,P,0.390154592297035,0.0170797821990863,0.3408665164667747,0.0103067372281436,0.3368499395311837,0.0090935308580196,0.3146986340279712,0.0072183041719953,0.295764742664479,0.0055546738176426,-0.5441145247012771,0.0815761939316845
21CMA-DDR1-J023654+851923,02:36:53.57,+85:19:22.7,P,0.3046932256970432,0.0358759216684725,0.3607219757183216,0.0306486730179921,0.3877915461518695,0.0593508268021187,0.2619413708266546,0.0559251315358088,0.2286675574751915,0.0253269341974229,-0.5036539050221712,0.297531353528117
21CMA-DDR1-J030419+855404,03:04:18.79,+85:54:04.3,P,0.1542072314240678,0.0429650373383907,0.1710038002073359,0.0430229792555563,0.1187739193094717,0.0279845096213823,0.1093341672438572,0.0209577598667104,0.1016565950307635,0.0190559454090838,-0.9695271142097704,0.6037805576462016
21CMA-DDR1-J051658+870012,05:16:58.13,+87:00:12.4,P,0.088577509262223,0.0238951783848325,0.1150458607847907,0.025877283988162,0.103995479305337,0.0107280304535605,0.1171918939426784,0.0218060899655238,0.0897541039498866,0.0067409847419389,-0.3264385503723976,0.4472817817187517
21CMA-DDR1-J063520+870118,06:35:20.31,+87:01:17.7,P,0.1090174188291817,0.0315163162880597,0.1199800665523012,0.0279301114857983,0.1003926137027372,0.0121346357329073,0.0923014845961064,0.0144765667847478,0.0872758195886595,0.0066018270661525,-0.6642646273149718,0.4738851737302709
21CMA-DDR1-J052105+870137,05:21:05.16,+87:01:36.8,P,0.1394338300762276,0.0257591953640582,0.1399375774793232,0.0204020356756435,0.1233297856921364,0.0120725347121009,0.1137715217954603,0.0250699183433896,0.1049337564264682,0.0068695233936722,-0.7041888908568945,0.3325772775772816
21CMA-DDR1-J064620+870145,06:46:20.22,+87:01:45.3,P,0.4180639592291773,0.0365359853989122,0.3569184026441264,0.0547567128393117,0.3738934601812167,0.0382168218458442,0.3060439056643129,0.033260848609024,0.2027670181621188,0.0228474119540449,-1.0127157601423746,0.2364460070537295
21CMA-DDR1-J032746+861719,03:27:46.07,+86:17:19.0,P,0.1949259390002889,0.0495333143306186,0.2006177550745355,0.0470287235157907,0.1560896360821497,0.0201380568976182,0.1399044735798143,0.0274247181833044,0.1365369029857888,0.0134653484567956,-0.8275814856284281,0.4749719982240041
21CMA-DDR1-J033428+862251,03:34:28.17,+86:22:51.0,P,0.3054483846446063,0.0416864784189738,0.262145424812348,0.0188489054864577,0.2279599071387258,0.0122905633014502,0.1962542346890658,0.011335427244723,0.1811057187966048,0.0082188870058315,-1.2129158859924551,0.2230688310416042
21CMA-DDR1-J054112+870438,05:41:11.86,+87:04:38.3,P,,,0.0639146988251389,0.0171124017755125,0.0606875979523901,0.0164431009074105,0.0494955905446323,0.0113431394638994,0.0473326945711762,0.008717226992845,-1.2945956408561818,1.2205778621744978
21CMA-DDR1-J082144+862529,08:21:43.86,+86:25:28.6,P,0.226216164397311,0.0482259230720741,0.2213386451056231,0.0431139764694183,0.1958049307519603,0.0192276095573369,0.164423584494197,0.0159407857962191,0.1486596169665907,0.0122356951527159,-1.0296803013492262,0.3940015374039987
21CMA-DDR1-J091520+853500,09:15:20.22,+85:34:59.6,P,0.1315155977629761,0.0307030594853754,0.1531407151284684,0.0278496029104117,0.1233437700367607,0.0320601176243945,0.0742895121585357,0.0179444144533382,0.0795834694709476,0.0216236632389727,-1.1259116031505223,0.6002498082444215
21CMA-DDR1-J034635+863234,03:46:35.00,+86:32:34.3,P,,,0.1174697266925084,0.0228559843872494,0.1094155940990743,0.0207146406197669,0.0938820024550751,0.0091762947569849,0.0847469209861049,0.0061567195853895,-1.3730535202966387,0.7158820731074939
21CMA-DDR1-J081741+862934,08:17:40.71,+86:29:33.7,P,0.1426445457166836,0.0414967390654811,0.137215097825336,0.0382509728380891,0.1141940009534641,0.016109281323725,0.1026675420818401,0.0191671541608763,0.0876620248860193,0.0101506493358313,-1.1085929288363474,0.5475054379019614
21CMA-DDR1-J052715+870524,05:27:15.28,+87:05:24.5,P,,,0.0822635551117242,0.0194523340042111,0.088804031981915,0.0116078158254675,0.0868838456965069,0.0111763152936118,0.0873589056172746,0.0058388851365654,0.0581712991265842,0.7000904567611107
21CMA-DDR1-J085711+855817,08:57:10.63,+85:58:16.7,P,,,0.0981007940910448,0.0255727063069918,0.0667256099167854,0.0212992455008928,,,0.0551815786474746,0.0141605231294172,-2.1898745812965976,1.440450959461674
21CMA-DDR1-J085953+855515,08:59:53.20,+85:55:15.2,P,,,0.1144998882425676,0.0257061016491895,0.0845267148896787,0.024413593218882,0.0651606929851586,0.0170294964542461,0.0646674233489163,0.0162388667217286,-2.4217674915898977,1.2781249920343498
21CMA-DDR1-J051055+870456,05:10:55.15,+87:04:56.5,P,0.112497930565531,0.0226591856005493,0.1260556453983771,0.025975746758879,0.1106175136852819,0.0121003591962822,0.0984576533648039,0.0140540536723298,0.086681620203537,0.0074738560065488,-0.6925160229108142,0.3902173641246654
21CMA-DDR1-J024605+854307,02:46:04.97,+85:43:07.3,P,0.6116406233814566,0.0319496712465252,0.5005799524407103,0.0200568213433685,0.4677714465022474,0.0169603244617982,0.4210434847815988,0.0294710217836036,0.4211307594190078,0.0167922679961971,-0.7305513527680089,0.1203726733472008
21CMA-DDR1-J055514+870948,05:55:14.01,+87:09:48.4,P,0.129869898975745,0.0342903375232486,0.1725547724069172,0.0422327376305064,0.1941040666753922,0.039674327218558,0.1205783569987408,0.0254715467525346,0.122192740554484,0.0102695010227076,-0.5231503184257614,0.4784403280037351
21CMA-DDR1-J055117+871050,05:51:16.92,+87:10:49.8,P,,,,,0.109145760983218,0.0323630833198405,0.104873061912204,0.0222914811063964,0.0825859883056741,0.0101461052682918,-2.062855037075266,1.829359105764064
21CMA-DDR1-J085745+860350,08:57:44.51,+86:03:49.6,P,0.1424727442493951,0.0353737756972957,0.139910643775891,0.0294399048057927,0.1136713635642497,0.0182055322961703,0.0866483763040292,0.0162102931789582,0.0923906972068359,0.0096123571589725,-1.0321136497834582,0.4731800036285677
21CMA-DDR1-J084218+861819,08:42:18.18,+86:18:19.3,P,0.1145981606745388,0.0237740400182575,0.1143930803682875,0.0213875080039525,0.0857355471270296,0.0146643790322044,,,0.0707012703447795,0.013048378026653,-0.9698885776801478,0.5195447079299957
21CMA-DDR1-J042741+865902,04:27:41.39,+86:59:02.1,P,0.1240082471449168,0.0357464798963315,0.1417136731683906,0.0196674953998636,0.1311282593180925,0.0146104958258778,0.1118720720147728,0.0184409224833937,0.1003491236870427,0.0131001425831336,-0.7693228566671043,0.5176887218171881
21CMA-DDR1-J054816+871259,05:48:16.23,+87:12:58.8,P,,,0.0977437592682633,0.0293758497992698,0.1067488212845854,0.0254365312917918,0.0967829542393898,0.0201885217963357,0.0878330913527113,0.00951991256515,-0.7305924035099235,1.0596743157985298
21CMA-DDR1-J050238+871130,05:02:37.51,+87:11:30.0,P,0.3518942843468157,0.0184498590166457,0.276970030253363,0.0128189631231023,0.2581854079533129,0.0076665528168006,0.2319053479936012,0.0103602090816516,0.187987991863019,0.004604673871901,-1.2686796455624232,0.103291777838095
21CMA-DDR1-J070349+870931,07:03:49.48,+87:09:30.5,P,0.0728386838261025,0.0220029605673073,0.0719630600649891,0.0176360517262591,0.0710421743226845,0.0169354502080436,0.0612452644833915,0.0127738371918475,0.0605755678899712,0.0106881172651398,-0.4318773786792245,0.6272115617762335
21CMA-DDR1-J082329+863807,08:23:29.40,+86:38:07.5,P,0.0948193168502383,0.0216959164968566,0.1117724578291462,0.0151696664047781,0.1056716530570974,0.0117710552679897,0.0932020807759284,0.0098930458606226,0.0939882017966546,0.0091685724686389,-0.2788760535131859,0.4136980786572155
21CMA-DDR1-J023114+853545,02:31:14.29,+85:35:44.8,P,0.7255332598071312,0.0388396117104324,0.5575661537187343,0.029447068833812,0.4697079359117143,0.0322342101105061,0.4409556307072585,0.0698662052329921,0.3948826941316144,0.026215409168642,-1.161122456049211,0.152517672501701
21CMA-DDR1-J040702+865627,04:07:02.40,+86:56:26.9,P,0.0652198379597449,0.0191035848948221,0.0624274281094971,0.0162979118894843,0.0732809690723367,0.0138399272366946,0.0612317163820148,0.0097151326291839,0.0541325821114155,0.0037965019452117,-0.5836195099766553,0.4961074879885706
21CMA-DDR1-J035522+865127,03:55:22.01,+86:51:26.7,P,0.119270175313593,0.0264871638470983,0.0987149717452617,0.0146227975175842,0.1021822206379112,0.021241884358251,0.0797687667409141,0.0104824166663674,0.0676347357435061,0.0066276903700941,-1.196849762232269,0.4178483981027035
21CMA-DDR1-J094054+851528,09:40:54.31,+85:15:27.8,P,0.124317624219047,0.0328292335285431,0.1138083563238425,0.0240065808070195,0.0987348914054862,0.0226317997559499,0.1025879384562792,0.0223244706644421,0.066277963349008,0.0188029028975645,-0.8835383725450242,0.6449445521597712
21CMA-DDR1-J033554+864019,03:35:54.25,+86:40:19.4,P,,,,,0.0471209763893133,0.0132191626271123,0.0422007216160338,0.0117731278168082,0.0384681575960795,0.0072206619880227,-1.2598449095053397,2.071718466840561
21CMA-DDR1-J042946+870542,04:29:46.45,+87:05:41.9,P,1.2671861103419242,0.0447055063183169,1.0277049023233045,0.0161026822765446,0.9654064713158648,0.0136750444980851,0.8980658089779494,0.0174598288643672,0.8419931452316163,0.0122838945680682,-0.7871403538165919,0.0605160826985182
21CMA-DDR1-J053517+871828,05:35:16.83,+87:18:27.6,P,,,0.0724057605105527,0.0214042403478863,0.0541269111558994,0.0140667281058347,0.060883703133836,0.0168456631160697,0.0444935569833487,0.0088640435735857,-1.6752941483487358,1.3196610448842232
21CMA-DDR1-J073447+870509,07:34:46.64,+87:05:09.4,P,0.1561080431797501,0.0353741907801179,0.1905993519583079,0.038082270890679,0.1489784490148563,0.0196129689015691,0.1372100813275194,0.0209428065934605,0.12539521186586,0.0127417089700201,-0.6449682409702702,0.4399344110104839
21CMA-DDR1-J080357+865308,08:03:57.15,+86:53:08.2,P,,,0.099381111522782,0.0280676398522287,,,0.0888736229557578,0.0172032760175184,0.0805698489825096,0.0150165465866217,-0.8356736602712335,1.3464285783753571
21CMA-DDR1-J062202+871953,06:22:01.78,+87:19:53.2,P,6.4889296369595,0.1469455842348551,4.771268462168917,0.0685196702743719,4.504100390063277,0.0945935778951155,4.186593661376363,0.0642643577517243,3.729014970679944,0.0625237373595681,-1.0056195519135511,0.0490931800436622
21CMA-DDR1-J044834+871330,04:48:34.02,+87:13:29.7,P,,,0.0721808199331979,0.0137200099250184,0.0601586555544247,0.007844116840163,0.0619900548884528,0.00727097246221,0.0558497417145007,0.0053001052449459,-0.7982051794819475,0.7249412152412804
21CMA-DDR1-J072607+871151,07:26:06.82,+87:11:51.4,P,3.639207423449468,0.068880334463828,2.4697768964611653,0.0422104208058997,2.322837297020573,0.0411315405011072,2.1643919773853493,0.0324004612722085,1.9155403501389776,0.0231515413711318,-1.180498920744063,0.0407579316050998
21CMA-DDR1-J054546+872333,05:45:46.14,+87:23:33.2,P,0.3257463403091141,0.0458935957748927,0.3326141642678495,0.0190595111725264,0.3093693102202012,0.0122734923670477,0.3035379766393442,0.0126498113262859,0.2741705139358034,0.0087278362264764,-0.5744232893397325,0.187415927900181
21CMA-DDR1-J051910+872114,05:19:09.91,+87:21:13.9,P,,,,,0.067248766606295,0.0147118357932141,0.0789986273321675,0.0176215650271697,0.0535909000967164,0.0095026481892171,-1.5821703934948352,1.7492449286720473
21CMA-DDR1-J091140+860739,09:11:39.97,+86:07:39.4,P,1.5632185843781916,0.0397469679740916,1.0874825061901716,0.0260123276284656,0.9213219306869248,0.0184066383423957,0.7358352791159563,0.0165432605503435,0.8440775383683552,0.0179575740850734,-1.3411076972401896,0.0592676509777957
21CMA-DDR1-J073532+870923,07:35:31.75,+87:09:22.6,P,0.1477652327405525,0.0378443433531384,0.158545752241742,0.0476173963210783,0.1373406310072083,0.0357506439429121,0.1083738246331965,0.0249378159529852,0.0923583635214943,0.0196982504679518,-0.904357275332692,0.6007630295415449
21CMA-DDR1-J094340+852235,09:43:39.67,+85:22:34.5,P,0.1364325472939993,0.0265824461525703,0.1429505808732148,0.0186369881403862,0.1399604884583547,0.016402687520244,0.1871982634983091,0.0353426647343182,0.1021866037122306,0.0192367520401735,-0.1350029635443688,0.4675579326865177
21CMA-DDR1-J085418+862614,08:54:18.08,+86:26:14.1,P,0.1933041007342626,0.03356602997225,0.1857515112915721,0.0174947174921958,0.1712835223523418,0.0125711504675321,0.1526899555898493,0.015557915113706,0.1659194783742049,0.0111487388678861,-0.3808571231092572,0.3019347041194719
21CMA-DDR1-J081903+865204,08:19:02.52,+86:52:03.6,P,0.3832230213124082,0.0218096868711412,0.3146389074888576,0.0172672748849598,0.2870209194721575,0.0130192730747137,0.2570314740577613,0.0115713167339342,0.2259638150008677,0.0094026771064958,-1.007760766055812,0.1273541909417891
21CMA-DDR1-J040658+870559,04:06:57.56,+87:05:58.8,P,0.1116577862350768,0.0189462888050146,0.1082629213369535,0.0088069092773312,0.1086235352661094,0.0069247861718437,0.0871763147709333,0.0056778307223224,0.0884498567994605,0.0041484943347982,-0.7253914713228264,0.2561017176626722
21CMA-DDR1-J075715+870438,07:57:14.78,+87:04:38.0,P,0.5893568219241498,0.028807764950981,0.4969926764965345,0.0249546914042969,0.4840311662692324,0.0197019819075175,0.4635182881424134,0.0172567557559875,0.4039920313575206,0.0108559059117114,-0.710385230740214,0.1017940835674698
21CMA-DDR1-J060206+872858,06:02:06.29,+87:28:57.8,P,,,0.256938884452495,0.020104398434498,0.30725643908642,0.0188168835164388,0.25920966160105,0.0119116915122358,0.2419220573322314,0.0094446324817203,-0.6553255567565334,0.3056360827949363
21CMA-DDR1-J060033+873032,06:00:33.27,+87:30:32.0,P,0.6402281125645211,0.0470053168261961,0.331298142832594,0.0237158660724611,0.2574917855366672,0.0180245946721051,0.2570965714894748,0.0129831478810388,0.2113091619796778,0.0084967251713323,-2.037832862960592,0.1519650800046857
21CMA-DDR1-J065003+872500,06:50:03.04,+87:25:00.3,P,,,0.0706869905368208,0.0154407455189206,0.0582003047333324,0.014673342137397,0.0541632005374517,0.0125286977463017,0.0503831158850289,0.009244388431615,-1.2994170044352047,1.092386370917144
21CMA-DDR1-J042641+871610,04:26:40.83,+87:16:10.4,P,0.6510580388159201,0.0231145361782083,0.4752052543234439,0.0084492886124748,0.4396521732227216,0.0083202177278732,0.4113409753912294,0.0097364330936448,0.3764321525762868,0.0067276694486558,-0.9994171037727646,0.0669531363964162
21CMA-DDR1-J093112+855042,09:31:11.91,+85:50:41.7,P,0.3331202908654755,0.0331742879242864,0.2721198544826914,0.0244783448044932,0.2213237355411811,0.019604889703459,0.17258258359863,0.0195056511513019,0.194166557291322,0.0171180152193209,-1.1778768350750384,0.2398054576239883
21CMA-DDR1-J080931+870208,08:09:31.19,+87:02:08.5,P,3.16695398097951,0.1008287628033613,2.3734632041814976,0.0433412726152758,2.2348202487296147,0.0499078693499058,2.069381903734047,0.037147502819611,1.7936598162570938,0.0368887108864252,-1.0305736244063686,0.0649430420330955
21CMA-DDR1-J084824+863803,08:48:23.92,+86:38:03.1,P,0.1004119345359275,0.0198185954965353,0.1176955886074813,0.0121051636469972,0.1012316834821762,0.0100046340298103,0.0901271948548653,0.010424098528523,0.0955575777370222,0.007889327560567,-0.3954229204770515,0.3505246124759818
21CMA-DDR1-J022630+854953,02:26:30.49,+85:49:53.3,P,,,0.1360095992415382,0.0410387452628659,0.1231648041016111,0.0345665164330799,0.1443829919414793,0.0432712965949907,0.077784562357167,0.0182126544169435,-2.064260907611433,1.4377659612934068
21CMA-DDR1-J024619+861831,02:46:19.22,+86:18:31.3,P,1.0944997762349795,0.0766152833089533,0.871528705405973,0.0536353006904195,0.7770378723202093,0.0491838884983423,0.6457233835580458,0.0312089901919871,0.7167325236109088,0.0349631073275141,-0.9371924032733202,0.1528061194368026
21CMA-DDR1-J053231+873142,05:32:31.32,+87:31:42.0,P,3.94794377229632,0.0847208781389938,2.9480393243693683,0.0425816699990801,2.773090576900878,0.0511280328560353,2.5936083322175016,0.0397046066818761,2.357893643793323,0.0294584084648594,-0.9510677964436922,0.0439032682814992
21CMA-DDR1-J055427+873325,05:54:27.49,+87:33:24.6,P,0.5391887157056741,0.0439371526440618,0.3788432396238608,0.0245467281216068,0.3611898464759618,0.0189422782555938,0.3229382821492824,0.0171160572793162,0.1823992729574782,0.0093096408879519,-1.9412612037209471,0.1714982794027823
21CMA-DDR1-J065218+873028,06:52:18.43,+87:30:28.2,P,0.1361787231311786,0.033968186554738,0.121248320646902,0.0240176502077196,0.1532504891310943,0.0232513098434393,0.0865798415633398,0.0145459525531882,0.0779980474914384,0.0090691574013138,-1.3631622795709617,0.4852300654907994
21CMA-DDR1-J051216+873006,05:12:16.35,+87:30:06.5,P,,,,,0.0555912331126613,0.0149835392059016,0.0514457837139282,0.0155569761140415,0.0479327435293112,0.0101479579954962,-0.9241875834036858,2.127399540180293
21CMA-DDR1-J093034+855856,09:30:33.95,+85:58:56.2,P,0.3201513514541175,0.0236317964451359,0.2802772094192202,0.0187391796250818,0.2457927669123397,0.015493549211751,0.2159151281166215,0.015478469616056,0.2327497148779677,0.0147813725373112,-0.7130896344302536,0.1743973995655277
21CMA-DDR1-J045719+872853,04:57:18.51,+87:28:53.2,P,0.6022868261922469,0.0206236596762328,0.436618479134052,0.0118620193661655,0.3923141419844926,0.0080562008293033,0.3638115069621545,0.0097430329586678,0.3300750886512313,0.0063194360645768,-1.1368192165408035,0.0704143185092487
21CMA-DDR1-J074907+871547,07:49:06.60,+87:15:46.9,P,,,,,0.0597009189787804,0.0151620282091693,0.0556434804816872,0.0125566032366127,0.0452520339173593,0.0077790678153033,-1.8253293997725843,1.878830519699069
21CMA-DDR1-J040444+871536,04:04:44.20,+87:15:35.9,P,0.1504362183326238,0.0294698594278379,0.1387118152959751,0.0128617651330486,0.1248543468255105,0.0094722120749573,0.1290532385427774,0.0094192100392563,0.114285635182685,0.0063604761577166,-0.5881121217363021,0.2976875976954596
21CMA-DDR1-J040700+871721,04:06:59.52,+87:17:21.0,P,,,,,0.055228608877072,0.0133058837259486,0.0470527855782813,0.0131736443928609,0.0444960452414937,0.0075841701910448,-1.309419990208909,1.8232297798394208
21CMA-DDR1-J024504+862229,02:45:04.10,+86:22:29.2,P,0.2925622390990812,0.0765957412610539,0.3200372928751349,0.0742725518763628,0.2583746373850586,0.0525737986181223,0.1810390986297776,0.0206686911543054,0.2828100137301545,0.0321177584641896,-0.3452459849724791,0.5038823630818955
21CMA-DDR1-J032624+865625,03:26:23.81,+86:56:25.1,P,,,0.043574061789021,0.0140997690615029,0.0384522022248172,0.0102776694807296,0.0339462012641497,0.0083516462969629,0.0341818410491348,0.0070437296319108,-0.9395279262013426,1.3992067357176976
21CMA-DDR1-J071339+872907,07:13:38.69,+87:29:07.3,P,0.3929664546491457,0.0287402041531634,0.3870011510125093,0.0102970387380499,0.3851327395419914,0.0096452091832592,0.3717619609087235,0.0097396474019002,0.3448247664495834,0.0078785448099407,-0.3578132932075096,0.1069206624646545
21CMA-DDR1-J071720+872811,07:17:20.10,+87:28:11.4,P,0.3780391282434566,0.0393669054674322,0.2273844340844734,0.0107631273887177,0.2265971647508131,0.0098879091293116,0.2103518436594746,0.0098151964598713,0.1965889874598611,0.0076861506320996,-0.9665925866866264,0.1723718761674317
21CMA-DDR1-J060326+873732,06:03:25.98,+87:37:31.7,P,0.0935402544242231,0.0290259258646877,0.1034459342051029,0.0263034765133212,0.1003153264143703,0.0223849755873788,0.0955942386973715,0.0163857873547471,0.0806115829666353,0.006798893257992,-0.5309988036104392,0.5348254621298602
21CMA-DDR1-J093645+855549,09:36:45.30,+85:55:48.7,P,,,0.1062239102871043,0.0323634871673434,0.0940870913989266,0.0275000219090921,0.0866217520843587,0.0244022341260345,0.0777845072227052,0.0194776236235893,-1.2176741767008132,1.4882991016507026
21CMA-DDR1-J041252+872046,04:12:52.23,+87:20:46.4,P,,,0.0839149150139289,0.0218786334330461,0.0747299480068404,0.0114564786362584,0.0670920992333962,0.009311728640761,0.0782237678658118,0.008610653042009,-0.0056522577002238,0.9010859243436318
21CMA-DDR1-J035128+871831,03:51:27.50,+87:18:31.3,P,0.3829228123790617,0.0404574642512608,0.1822870683430844,0.0125772838545736,0.1520786641907081,0.0086531885386787,0.1344167948955895,0.011692542345018,0.1247698385872299,0.0060160738027905,-1.972200751677282,0.2006980645382009
21CMA-DDR1-J035205+871324,03:52:04.68,+87:13:24.0,P,0.1631843788092004,0.031964982630279,0.1654841089062828,0.0115690778390012,0.1458179757814592,0.0089676688626149,0.1316648956050108,0.0105326791708014,0.1233656583625628,0.0065040395739328,-0.9075805633452404,0.2705366916062688
21CMA-DDR1-J035144+871621,03:51:44.43,+87:16:21.3,P,,,0.1311417051824728,0.0119859514679095,0.1084156280356086,0.0085513536441342,0.0976876761033781,0.0125542110107721,0.082619879028249,0.0061775781596676,-1.7935049703049184,0.4469004430365438
21CMA-DDR1-J052528+873705,05:25:28.29,+87:37:04.9,P,0.751769336715958,0.0692759461811877,0.7305271677593461,0.0264122011947744,0.7508744187854577,0.021748797708184,0.7298160539827188,0.0191989308611767,0.7161704432724347,0.0195138557127129,-0.106709078314662,0.1333994952791829
21CMA-DDR1-J093449+855959,09:34:48.80,+85:59:59.0,P,,,0.1168606163194571,0.0379468822455301,,,0.0833692884369901,0.0236682184371114,0.0668430432307053,0.0184539790649541,-2.1907318482416085,1.6803265287640472
21CMA-DDR1-J083233+865949,08:32:32.64,+86:59:48.9,P,,,0.0585678064637981,0.0166367674995487,0.0627814329328319,0.0189925918843521,0.0422090744831148,0.0137455269586399,0.0372864190499856,0.0115021649931711,-2.013919497989587,1.5880022484717229
21CMA-DDR1-J085901+864053,08:59:00.95,+86:40:53.0,P,0.0609331163230493,0.0188343389498055,0.0758174425796606,0.0240205617764953,0.0559775123254699,0.0153781803881971,0.0468770649880578,0.0111604381934619,0.0500847218879965,0.0072694921217136,-0.5767771987802846,0.6189862035200233
21CMA-DDR1-J042533+872646,04:25:32.61,+87:26:46.1,P,0.3071130233697855,0.0258046157441746,0.2772139246784894,0.0111931702797091,0.2892159928073228,0.0091792110958499,0.2690729116855513,0.0080992191884923,0.2537952317385393,0.0056883498939525,-0.4194907380532037,0.1254949260847746
21CMA-DDR1-J042131+872803,04:21:30.81,+87:28:03.4,P,0.2177915406611667,0.0294456190179229,0.1972874331217268,0.0107899216627338,0.2020755144760442,0.0093350256502866,0.1823188554774125,0.0079215075835006,0.1785433187487769,0.0057638360933174,-0.4546004551975459,0.1856265561379278
21CMA-DDR1-J044057+873037,04:40:57.18,+87:30:36.6,P,0.0936175855471331,0.0183679590978839,0.0767190111972758,0.0161003634534082,0.0545635854742729,0.0078258839632068,0.0489897863872952,0.0064970708224032,0.0503980893349298,0.0069518760343373,-1.3227451258925764,0.432659269667962
21CMA-DDR1-J015123+850028,01:51:22.69,+85:00:28.1,P,0.6511949315470484,0.0401860543478815,0.5347155264362055,0.0455392689296919,0.6026536829525115,0.044111343911095,0.6625136560251292,0.0633840380931484,0.3316915774066343,0.0364152835864056,-0.5755749487217825,0.1848910638393088
21CMA-DDR1-J031816+865635,03:18:15.69,+86:56:35.2,P,,,0.0499767888537679,0.0150568291972856,0.0383334186178827,0.0101996445392742,0.0369323175178646,0.0090420467628009,0.033250479095277,0.0086492615118617,-1.4676583271044663,1.4862679153663103
21CMA-DDR1-J073955+872554,07:39:54.74,+87:25:54.5,P,0.0517430224310854,0.0157548176622879,0.0584415505647083,0.0147661943733418,0.0533110220094433,0.0124312670131124,0.0507544255637198,0.012058190384049,0.0428779902921763,0.0078100366613315,-0.4401105137513136,0.6404278602435708
21CMA-DDR1-J082330+870800,08:23:30.14,+87:07:59.7,P,0.3626237119574247,0.0332536699777993,0.2679076734581587,0.0190163106884443,0.2476001791992852,0.016509641989306,0.2408836235080842,0.0125440930609482,0.1996019556311475,0.0133033621393988,-1.0350175776445063,0.1975376438413354
21CMA-DDR1-J030621+864756,03:06:20.81,+86:47:56.4,P,,,,,0.0319768249964852,0.010311229267243,0.0309617779093058,0.0094444463962377,0.0312248069442748,0.0078830866208963,-0.1329382531491091,2.538121258860174
21CMA-DDR1-J040107+872055,04:01:06.52,+87:20:55.3,P,0.3655314082285026,0.0322179774682148,0.2870681495165483,0.010987814656031,0.2655942292401999,0.0090894785920283,0.2684769359851428,0.0096695733522902,0.2501250706436627,0.0058244594743342,-0.598975314921366,0.1284212469614523
21CMA-DDR1-J092943+861233,09:29:42.76,+86:12:33.3,P,0.1450712375118953,0.0337532385634484,,,,,0.0797439269444707,0.0195168250218348,0.081071832505791,0.0121251423957831,-1.140116613941925,0.5230534246085398
21CMA-DDR1-J024859+863801,02:48:59.32,+86:38:00.6,P,0.1929685666965696,0.0289292972247203,0.215711337596421,0.0206978363631669,0.1867676931382008,0.0135170033572064,0.1582407812807072,0.015180344765936,0.173018714955698,0.0120678150098479,-0.4487403196822017,0.2838612404972247
21CMA-DDR1-J030614+865306,03:06:14.11,+86:53:06.2,P,0.1627060418654579,0.025084995311166,0.174655424230593,0.0134244799590539,0.1699156030909707,0.0086858255258436,0.1498617614479991,0.0103629191682776,0.1627103730302345,0.0079256344366023,-0.1801190692963808,0.2438360224922429
21CMA-DDR1-J065535+873956,06:55:34.87,+87:39:55.9,P,,,,,0.065068683810691,0.0148131683935924,0.0608588372881279,0.0135040859931451,0.0602059675964508,0.0061282744983663,-0.4340790655477258,1.479167869327792
21CMA-DDR1-J092018+862853,09:20:17.77,+86:28:52.5,P,5.768249834484651,0.204009173466376,4.309513156314084,0.0907700523287235,3.72081258319163,0.1153237806258739,3.1532653847307626,0.0645116829141773,3.3006861277542225,0.0870782883431623,-1.2260356229687923,0.0751755834900771
21CMA-DDR1-J061711+874439,06:17:10.62,+87:44:39.4,P,,,0.0495124876464309,0.015539285720248,0.0464099974184611,0.0125127189781782,0.0452691130331398,0.0100371870934784,0.0369904191032961,0.0060199168308389,-1.2341285761840188,1.2619859654275685
21CMA-DDR1-J050520+874154,05:05:19.91,+87:41:54.3,P,0.3157055979185681,0.0203924288342226,0.2587712256583345,0.013509566862998,0.2405328960485084,0.007688706252787,0.2276261143301294,0.0077995313792029,0.222092212390748,0.0060735605457705,-0.6562546904317755,0.1215520069734745
21CMA-DDR1-J063638+874434,06:36:38.21,+87:44:33.6,P,0.2726066952198395,0.0192153239111748,0.2084944467583575,0.0099240276210437,0.1932933156965252,0.0081876542485548,0.1980023322571922,0.0099978522733513,0.172454173218905,0.0051062537553649,-0.8146042745035009,0.1308837784423407
21CMA-DDR1-J070327+874114,07:03:26.95,+87:41:13.5,P,0.5029594359802347,0.0165569382690225,0.3867880712602208,0.0137762836774735,0.4098127125011718,0.0126838168877451,0.3893673044417934,0.0107864386105927,0.3580462501958388,0.0090955437458903,-0.593272335406789,0.0752668948067202
21CMA-DDR1-J072444+873645,07:24:43.92,+87:36:45.2,P,0.3417115618332134,0.0168747760484282,0.2689272750209043,0.0108163927972021,0.2540313440780715,0.0105331423638026,0.2500931336486411,0.0087157771048645,0.2228902585049125,0.007015691482642,-0.7687591022663232,0.1050556727777131
21CMA-DDR1-J081441+871958,08:14:41.10,+87:19:58.3,P,0.0816870494773215,0.0191428747564163,0.0823555324856347,0.0169057258980483,0.0836017439271239,0.0219711738665871,0.0736213479010895,0.0176656010264175,0.0978542401632637,0.0141182066368844,0.303743108490193,0.503206072938025
21CMA-DDR1-J094357+860151,09:43:56.59,+86:01:50.5,P,0.6060897112241648,0.0242192448319742,0.4353473003513868,0.0198016199955655,0.3892269746094379,0.0176772902955937,0.3501757143103853,0.0156035026977934,0.3298529084168379,0.0142575129988535,-1.1872437524606925,0.102099666024587
21CMA-DDR1-J100306+852635,10:03:06.12,+85:26:34.5,P,0.0732694201918244,0.0211484871178981,0.1038433214179268,0.0242808509608668,0.1305226040064498,0.0391451041254839,0.1411104040083776,0.0426228580715353,0.0851758611833099,0.0219211151438006,0.6072351434142869,0.6917716283083711
21CMA-DDR1-J075531+872821,07:55:30.56,+87:28:21.2,P,,,0.0405911257808474,0.0120935875618012,0.0502399719073199,0.0129162564632982,0.0524356052607346,0.0103628035950655,0.0495352117265073,0.0066752733649691,0.4955638888113762,1.1438922640494225
21CMA-DDR1-J032317+871130,03:23:17.16,+87:11:30.0,P,0.1147267827985251,0.0210838192371478,0.100957999247699,0.0185794154891891,0.0908640934328067,0.0094944979933916,0.0982934079999572,0.0126846168798947,0.0750676266184989,0.0059445231521361,-0.8325970951562787,0.3565211482733945
21CMA-DDR1-J065008+874626,06:50:08.23,+87:46:26.5,P,0.8138968880734181,0.0247088055223998,0.6259369027611326,0.0116084281465376,0.5942071692569683,0.0094907312425657,0.5717242915382582,0.0118291920072292,0.5282316721560114,0.0069584572389512,-0.7732182436916156,0.0560675225444469
21CMA-DDR1-J074218+873553,07:42:17.62,+87:35:53.5,P,,,,,0.0330327189579176,0.0100583775326163,0.0361350417525131,0.0095420942660676,0.0297580126672104,0.0066453252334322,-0.8106432902996512,2.327607959661665
21CMA-DDR1-J092531+863159,09:25:31.13,+86:31:58.9,P,0.8364226429220899,0.1797173553836245,0.7340461970179673,0.0735159462610861,0.6259385883090475,0.0583984661644699,0.5605960708274025,0.054531145095181,0.5521358409540215,0.0500883737990852,-0.9677051935880892,0.3711887974980787
21CMA-DDR1-J033220+871809,03:32:19.81,+87:18:09.0,P,0.0716773186187542,0.0181292943507665,0.0711452659625948,0.0171223331492051,0.0668456195896373,0.013647439981887,0.0650455621539936,0.0114208981599967,0.0517656709798688,0.0044166762373228,-0.7784516108176851,0.4657555739934058
21CMA-DDR1-J044222+874258,04:42:21.63,+87:42:57.8,P,0.0531157383343963,0.0140470240941793,0.0656143961433679,0.017216131137707,0.0627064304200895,0.0114421260330368,0.0641346716591972,0.0082135276066648,0.0599953727155848,0.005177941943419,0.1074759681462444,0.482878537117021
21CMA-DDR1-J061220+875024,06:12:19.91,+87:50:24.0,P,0.0584648111897551,0.0171532832419837,0.0671153798128832,0.0159594140068749,0.0604072471840402,0.0107174596700879,0.0571306008511216,0.0104613462020216,0.0491880746280328,0.0046131331925834,-0.5915883202132187,0.518287139778222
21CMA-DDR1-J073813+873820,07:38:13.31,+87:38:19.8,P,,,0.0571533215360513,0.0165802351669386,0.0620856042815813,0.015675323466155,0.0475337329894927,0.0110371697800672,0.0557502649014361,0.0099729763997633,-0.318066433401527,1.246994510516295
21CMA-DDR1-J092900+862947,09:28:59.86,+86:29:46.5,P,0.8183618744588076,0.1357224274032507,0.5447280319647292,0.0654254253435001,0.4206310409531166,0.0484824623410591,0.3798979557479197,0.0442226007240692,0.3598172927817786,0.0341709562682957,-1.6171999779510011,0.3395793941482454
21CMA-DDR1-J015942+854232,01:59:41.63,+85:42:31.8,P,0.2913641470676562,0.0329547237620497,0.3355966034950778,0.0249532214719057,0.3196764249110421,0.0191830444790023,0.3573894809399686,0.0325288794867707,0.2898232773218955,0.0412647790684257,0.1990910229778902,0.2786445137043747
21CMA-DDR1-J100254+854040,10:02:54.38,+85:40:39.6,P,0.7165849605135569,0.0250385456505347,0.5097031859323413,0.0188487638131438,0.572680329252933,0.0192788677176973,0.6334923026575408,0.02034043976705,0.5021501905492185,0.0202032490354381,-0.4563271355124324,0.0883388777840407
21CMA-DDR1-J014701+851947,01:47:00.72,+85:19:46.7,P,0.1384799741977268,0.0273389103148605,0.1285731930768579,0.0304452904845012,0.1010002524639935,0.0245967473348148,,,0.1525747013139441,0.0325489687267268,0.0162012288752266,0.54037836460938
21CMA-DDR1-J063004+875323,06:30:03.62,+87:53:23.0,P,0.0667468439550624,0.0157650354330159,0.0700212756735281,0.0188685054175182,0.068845519719704,0.0080024295197249,0.0641754076422947,0.0129034305905298,0.0625257156916262,0.0043893124340838,-0.2382421292205518,0.4187570145796532
21CMA-DDR1-J064603+875157,06:46:02.89,+87:51:57.2,P,0.0806695569834355,0.0253004596043019,0.0739503698995592,0.0143337159317683,0.0701817954850708,0.0073032276421043,0.0757631242879946,0.0133933335536948,0.0637088308166297,0.0058622043171068,-0.4866527397426822,0.5026237849282303
21CMA-DDR1-J093906+862143,09:39:05.77,+86:21:43.2,P,0.0935885155609262,0.0244790914853527,0.1083471744271497,0.0304896297749406,0.0924650294724254,0.0234852998023363,0.0728430090002083,0.0187697236561058,0.0720283414588233,0.0167679846446452,-0.5747350768552382,0.6270933027247578
21CMA-DDR1-J042903+874401,04:29:03.12,+87:44:01.1,P,,,0.0456166066210116,0.0141628219260459,0.0474382940700583,0.01044765529516,0.0433678858589009,0.009156891162128,0.0328350105621169,0.0060681654431925,-1.569920420459525,1.2777744986870283
21CMA-DDR1-J031803+871613,03:18:02.92,+87:16:13.4,P,,,,,0.0593513277801536,0.0141939289567612,0.0500311025336491,0.0113426010029699,0.0453180091733211,0.0046784700588932,-1.6205899773622954,1.5369878921035882
21CMA-DDR1-J030037+870434,03:00:36.51,+87:04:33.6,P,0.0972348226958623,0.0203086839612661,0.0987374068117964,0.0198313236966862,0.0805836474223973,0.0095322398599525,0.0794173833493436,0.0130744334403344,0.0686974295305639,0.0070290560361225,-0.7569412125829988,0.4190921351027748
21CMA-DDR1-J081539+873040,08:15:39.16,+87:30:39.6,P,0.3034801164268952,0.0193011582477366,0.2299339960212598,0.0127242259932589,0.2333383985865388,0.0109963096739125,0.2252654250494579,0.0121935086644712,0.2006930366976065,0.0092180304471918,-0.7201263985084826,0.1418475261760662
21CMA-DDR1-J034138+873019,03:41:38.41,+87:30:19.4,P,,,,,0.0429683997743398,0.0138430086475028,0.0392349402385788,0.0111719822460792,0.0371104316293214,0.0078721534741461,-0.8934421358784694,2.3570313845834576
21CMA-DDR1-J061056+875742,06:10:56.15,+87:57:42.1,P,0.053320202254317,0.0160274222466693,0.0490213166609202,0.0141902320162446,0.0360828027005281,0.0076616524099934,,,0.0285097419007814,0.0078506337646915,-1.2337784385190649,0.7575490567027497
21CMA-DDR1-J094017+862920,09:40:17.20,+86:29:20.0,P,,,0.1169080703590078,0.0304357924635173,0.1171550458599464,0.0300816315541169,0.0970435106362216,0.0217746256117537,0.0973497074865636,0.010561997375122,-0.8119288619988277,0.9985001257179308
21CMA-DDR1-J024121+865404,02:41:20.62,+86:54:03.8,P,0.0978441055821593,0.0227887928033048,0.116890540135902,0.0245554000200928,0.0815214421496275,0.0147378589158003,0.1094988056897296,0.0259361101258315,0.0748363084313095,0.0114611284678105,-0.5392879021231468,0.5107085989895334
21CMA-DDR1-J040054+874303,04:00:54.11,+87:43:02.7,P,0.2090001102246131,0.0260792644889655,0.2081072765174354,0.0098592226842395,0.1945531903013008,0.0075901938417249,0.1974553401220955,0.0072266761557311,0.1707883640441659,0.0048530107691603,-0.5999771021046246,0.1646993515320811
21CMA-DDR1-J061556+880033,06:15:56.13,+88:00:33.4,P,0.0472103469723543,0.0136553218543091,,,0.0419122557791346,0.0113579435174511,0.0405800881790795,0.0119030865032791,0.0300366074061297,0.0068512159607915,-0.7457448849231234,0.6823598621073478
21CMA-DDR1-J102046+851622,10:20:46.45,+85:16:21.8,P,0.1527782230421763,0.0286665078517163,0.1150928086974325,0.0237152160952833,0.1010683939153277,0.0236221068781857,0.1400940284176624,0.0358450926188433,0.1096260890174864,0.0294979837377273,-0.5728468373152238,0.5278903048155452
21CMA-DDR1-J084928+872050,08:49:27.56,+87:20:49.9,P,0.0727641995127859,0.0172977119336091,0.0641508541390995,0.0140549988990908,0.0548805482763477,0.0111907642058833,0.0494974501469929,0.009746040002307,0.0464525354917913,0.0066512233575752,-0.9198389311445434,0.505315071863074
21CMA-DDR1-J085632+871706,08:56:31.66,+87:17:06.3,P,0.0753158468586277,0.0192968866310127,0.0792842678676778,0.0177563104340849,0.0653091317174461,0.0147649573723323,0.0558037328380324,0.0119030071593308,0.0612024451671905,0.0127273133704505,-0.5715055953642885,0.5886361241924196
21CMA-DDR1-J101727+853015,10:17:27.27,+85:30:15.3,P,0.7790059300385002,0.0212328559297571,0.5338949096533346,0.0182536411418359,0.5679364365211582,0.0229968866887805,0.6543163604257808,0.0240136356203303,0.547237800029667,0.0488539842293827,-0.6146440517400493,0.088045265697166
21CMA-DDR1-J081746+873918,08:17:45.98,+87:39:18.2,P,1.0462845359118862,0.0156492435990636,0.7737758913663401,0.0120971363312867,0.7347701285849754,0.0131982156320644,0.6831388308326771,0.0118691527621421,0.6414661051357894,0.0095289389738129,-0.9328244249704928,0.0374845008636883
21CMA-DDR1-J033757+873804,03:37:57.39,+87:38:04.0,P,1.056505270101537,0.0204887657082472,0.8202712977802231,0.0161338464274783,0.7809697209147654,0.0105941241726189,0.7542666008163573,0.011403724092736,0.7043428970581989,0.0087972008329545,-0.7486088010004476,0.0420675442599814
21CMA-DDR1-J082729+873431,08:27:29.39,+87:34:30.5,P,,,,,0.0325001818143269,0.0102053069011294,0.0323174754251212,0.0092533497022199,0.0313570613649003,0.0076799008105943,-0.234112998233119,2.466693689632066
21CMA-DDR1-J052150+880320,05:21:50.15,+88:03:19.7,P,0.1517907666102713,0.0315254271370904,0.0779532480470426,0.0155724104538665,0.0812148535076084,0.0099444544073783,0.0616691376518154,0.0127982822802327,0.0672815671813404,0.0047275379077401,-1.383279738347306,0.3785591101388241
21CMA-DDR1-J083933+873017,08:39:32.62,+87:30:17.1,P,0.4043582798393052,0.0167644649237894,0.2652467300111408,0.0085453549268538,0.26126512086864,0.0093600024641047,0.247610321465531,0.0072494700301527,0.2382551204420008,0.0053978607080887,-0.911531598772319,0.084355190553389
21CMA-DDR1-J020940+862810,02:09:40.48,+86:28:09.7,P,0.3404531415177441,0.1014827682082659,0.3327905730876789,0.0674690838829751,0.3811393034265029,0.0321991016328236,0.263717583759246,0.0455650546164177,0.2770763832815168,0.015856916842579,-1.005718595548808,0.4169878761880172
21CMA-DDR1-J022044+864212,02:20:43.78,+86:42:12.3,P,,,0.1177225871947945,0.0311050072270107,0.0863857953789755,0.0243297429114914,,,0.0785284519417704,0.0222420811433603,-1.5260035550624007,1.530802412996517
21CMA-DDR1-J031916+873336,03:19:16.30,+87:33:36.1,P,0.1896456051701627,0.0191996982153624,0.140606899635189,0.013036820520185,0.1311096741064133,0.0096256112176766,0.1423566107630715,0.0134572544177059,0.1115995261596473,0.0064616432351393,-0.9419068116533648,0.2126938680861466
21CMA-DDR1-J052403+880557,05:24:02.80,+88:05:57.2,P,0.7089077691211916,0.0194798671829907,0.5316513131007715,0.0128311401075518,0.4899515260666858,0.0096428705406831,0.4473883025577976,0.0105940878784407,0.416868231165155,0.0055189501924157,-1.0089605937839743,0.054732079599333
21CMA-DDR1-J014129+853615,01:41:28.59,+85:36:14.9,P,0.1590818050880539,0.0298259483125694,0.2066599796978153,0.038856873729763,0.2118674813908321,0.0361664244217529,0.246870241617519,0.0313235108236912,0.2190120411648207,0.0208229958554446,0.6164466563859273,0.3813546283317446
21CMA-DDR1-J091021+871313,09:10:21.43,+87:13:12.7,P,,,0.0684680049837869,0.0166729521151438,0.0603382169756192,0.0067423776061584,0.0581331602515053,0.0123195519732797,0.057268762058151,0.005856817908191,-0.4929559115415241,0.787625714150347
21CMA-DDR1-J042817+875833,04:28:17.39,+87:58:32.9,P,0.103233650252852,0.0206292011274784,0.1155167748964274,0.0073299137430323,0.1356474804913242,0.0061036271427189,0.1392854200657889,0.0053817071688747,0.138677114417037,0.0039434559288491,0.5198311711343035,0.2071831789970123
21CMA-DDR1-J074521+875432,07:45:20.60,+87:54:31.9,P,,,0.0455038854354699,0.0134720627684299,0.0394902605416846,0.0087796729678771,0.0382568648059024,0.0087410433225151,0.0370518476244618,0.0051310970923401,-0.666669140827168,1.1213972396584269
21CMA-DDR1-J085937+872257,08:59:36.80,+87:22:56.9,P,0.4130422475891411,0.0221207989822244,0.2522024729250502,0.014323709252493,0.2441382045992445,0.0100724954365218,0.2123595114467658,0.008503857458033,0.205861943346973,0.0070221237104811,-1.3117982537742232,0.1158851589946367
21CMA-DDR1-J015204+860241,01:52:03.84,+86:02:41.2,P,,,0.1718509521553926,0.0533171400670227,0.1843704000562738,0.0415212191864846,,,0.1491778925104197,0.032097463799696,-0.7880217709867757,1.3885346819521969
21CMA-DDR1-J021740+864437,02:17:40.24,+86:44:36.8,P,0.2725298206330896,0.062724670965686,0.3181902726186474,0.0246411954208809,0.274539551782428,0.0233012749259138,0.2460128181079786,0.0420147772238909,0.2360402684104208,0.0149938588993233,-0.8117781269225388,0.3197962630974427
21CMA-DDR1-J101406+855406,10:14:06.36,+85:54:06.2,P,4.52484125812167,0.115891792990301,2.963767414960232,0.0608286801026141,3.1741017391539685,0.1325809712758162,1.9552312387480897,0.0376376270487688,1.7445104072502011,0.0393312059121101,-1.872780212339384,0.059336104452086
21CMA-DDR1-J014520+855107,01:45:20.04,+85:51:07.5,P,,,,,0.1129592656084305,0.0322371529016261,0.1078459287072483,0.0326176727401019,0.0730404617133861,0.0210583747482892,-2.68421784875578,2.529038009348122
21CMA-DDR1-J014927+860113,01:49:27.30,+86:01:12.6,P,0.2563002389356785,0.0448015081859249,0.2671689369363641,0.0357964368870544,0.2744362113188016,0.0271832288335626,0.2753910205260582,0.0466256204465028,0.2517927968831023,0.0202650987694027,-0.0802024101498297,0.3394176150423755
21CMA-DDR1-J025708+872208,02:57:07.98,+87:22:07.6,P,,,,,0.0473114716101919,0.0128917763233654,0.0429743835692298,0.0139624611305921,0.0403632184602164,0.0095767701059646,-0.9866897161397375,2.250817174477253
21CMA-DDR1-J072224+880252,07:22:23.83,+88:02:52.4,P,0.0591152740541359,0.0155724647729512,0.0721121616280641,0.0131441051808892,0.0620960578231944,0.0063645237443398,0.0599200447386261,0.0066280283910692,0.0557206636994256,0.0033702327442856,-0.4396033036684978,0.4061564439119778
21CMA-DDR1-J095010+863614,09:50:10.07,+86:36:14.2,P,0.1099927721983776,0.0201295315259107,0.1177692927196271,0.0106786582646321,0.1031303874586531,0.0068678681312332,0.087030524729362,0.0088066270797684,0.0851104135022266,0.0077591939896953,-0.8144280232961015,0.3398189490076563
21CMA-DDR1-J030333+872917,03:03:33.27,+87:29:17.0,P,0.1032709794511906,0.0216819527371447,0.1301945145071625,0.0238374813125335,0.1258599750301384,0.0093665308996156,0.1203005507100677,0.0105417367733226,0.1208610906242761,0.0055725775119462,0.0591902237406674,0.3257122100102756
21CMA-DDR1-J080525+875259,08:05:25.03,+87:52:59.3,P,0.1641981626982499,0.017861338425411,0.1433315926962178,0.0085707627344709,0.1342606295809062,0.0058126353913888,0.1388714585651902,0.0067040469243221,0.1410933563000736,0.0058542361012169,-0.1751332150014763,0.1870447253688963
21CMA-DDR1-J093846+865331,09:38:46.40,+86:53:30.5,P,,,0.0497131486858118,0.0141951240542513,,,0.0346180566580467,0.0107728926907043,0.0362409988746334,0.0078137065318689,-1.2902713645015331,1.4213759245180646
21CMA-DDR1-J044433+880647,04:44:32.53,+88:06:47.3,P,,,0.0555289427043605,0.0177273477793511,0.0587579709585574,0.0165070243910957,0.061927696465269,0.0172827695402553,0.0545659701724293,0.0068191477401477,-0.2332080357176106,1.1796362540577752
21CMA-DDR1-J063516+881126,06:35:15.54,+88:11:26.0,P,,,,,0.0409645827063321,0.0133350415805132,0.032995933534165,0.0087884108964287,0.032280247183272,0.00617700045228,-1.3116303858839478,2.274147383338532
21CMA-DDR1-J014051+854828,01:40:51.40,+85:48:28.1,P,,,0.1464986627341603,0.0348005144342072,0.1145450294201633,0.0321038134346852,0.1190652889842407,0.031515864108042,0.1098799727146164,0.0277047862511359,-1.045152699909793,1.3160769503084082
21CMA-DDR1-J064150+881157,06:41:49.52,+88:11:56.8,P,,,0.0638198329508709,0.0149940019930725,0.0683557838674502,0.0151160263797557,0.0677952829992492,0.0116537578843531,0.0636030563320766,0.0044614197200112,-0.1885185081525543,0.8233084670462938
21CMA-DDR1-J092731+870853,09:27:30.58,+87:08:53.1,P,0.0880258493457005,0.0195225035523661,0.095023441872954,0.0168985740071625,0.0826026647170223,0.0058092420938623,0.0742320667267256,0.0112736164692726,0.0704854401021834,0.0053780476663526,-0.6634660407328952,0.3855930162402829
21CMA-DDR1-J100319+862305,10:03:19.18,+86:23:04.6,P,0.0629694500434296,0.0160462757723063,0.066052875361963,0.0158049843798671,0.0595143237599781,0.0134986832293645,0.0437508966946135,0.010187719364712,0.0350682829089508,0.0074222637412145,-1.1221677201170364,0.5945202195435554
21CMA-DDR1-J053520+881448,05:35:20.41,+88:14:48.2,P,0.0773998250164054,0.0209280042808128,0.0729402787268175,0.0219364762228161,0.0598497210634715,0.0097969116420555,0.050028786128869,0.0055415179551789,0.0506260458709673,0.0050243844678725,-0.9315599792192184,0.5079383938361137
21CMA-DDR1-J013250+853757,01:32:50.21,+85:37:56.8,P,0.3140162579227477,0.0395939268450445,0.3370997867014397,0.0298260235594309,0.3088180205332855,0.026539070393287,0.3654475458005449,0.0309395389330956,0.346650165978719,0.0268509146974672,0.2269839095081014,0.2619636936638069
21CMA-DDR1-J103203+852338,10:32:03.13,+85:23:38.0,P,1.1507266658450988,0.0266749555167095,0.7490972519460536,0.0189405628989341,0.7212328017532135,0.0185216508863143,0.7586064680469627,0.0232609548563596,0.8605538408155623,0.0251762565153876,-0.7604296779301022,0.0626751340340723
21CMA-DDR1-J075232+880318,07:52:32.28,+88:03:18.1,P,0.2180920624960703,0.0139650332642443,0.1652677296301489,0.0060021459854397,0.1565758785738772,0.0056291054055341,0.1619777484249843,0.0066090954349727,0.1531509868937225,0.0053277505944798,-0.5542135474688222,0.1253736887688356
21CMA-DDR1-J084054+874508,08:40:54.34,+87:45:07.7,P,,,0.0365937455529854,0.011941864586157,0.042172793449555,0.01031117774436,0.0372208754033957,0.0079418975478368,0.0345973560538713,0.004562168266569,-0.6076045264318729,1.1752666036048145
21CMA-DDR1-J095657+863843,09:56:56.96,+86:38:43.2,P,,,0.0860737707331687,0.0185253184289785,0.0647349392712642,0.0088099580390306,0.0624903263601101,0.0109635683238311,0.0575387744781708,0.0073928668529546,-1.2694794564667324,0.8725714808329066
21CMA-DDR1-J102639+854020,10:26:38.75,+85:40:20.2,P,0.1126229800080686,0.027129885922734,0.1166942173898268,0.0260454364923463,0.1094536263249107,0.0209401702385971,0.1082167216464294,0.0269361402849926,0.1306444312929264,0.0265425501512931,0.1733796363343732,0.5685628471856532
21CMA-DDR1-J033358+875419,03:33:57.82,+87:54:18.5,P,,,0.0471389295543906,0.0150222004173376,0.0515943372894203,0.0136390229385459,0.0422398304658999,0.011042091240901,0.042103830595768,0.0078679030946508,-0.7020344744763864,1.335062232601994
21CMA-DDR1-J060858+881929,06:08:57.72,+88:19:29.4,P,0.1034454061849113,0.0204079612714152,0.1070061898197237,0.0159927644040369,0.1005981449207131,0.0071740371218159,0.0885827040617257,0.0064874041458026,0.0839623601899651,0.0038676805331977,-0.6853559115324308,0.3066222415291894
21CMA-DDR1-J065044+881744,06:50:44.26,+88:17:44.3,P,0.0723304728026228,0.0209146054329768,0.0563290840716577,0.0139874320272917,0.063298536853874,0.0132267046451694,0.0572892026894737,0.0127973433087312,0.0501662198716522,0.0042566999992941,-0.7175702707947047,0.5092994386165104
21CMA-DDR1-J074632+880841,07:46:31.97,+88:08:40.8,P,0.0653659047405844,0.0147288707542769,0.0627355993377936,0.0086482976439357,0.0659530224771244,0.0064550875665062,0.0636852134161823,0.0069124187514142,0.0573813581574048,0.0044097323412173,-0.323443437822379,0.3829337249476067
21CMA-DDR1-J025936+873953,02:59:36.38,+87:39:53.4,P,0.1101877079550838,0.028896762987758,0.1338183965837924,0.0288245314550565,0.1152500225230296,0.0135861687783524,0.1045268856628676,0.0126505091698832,0.0948313709643329,0.0085117317832298,-0.5958738140552033,0.4643613457148531
21CMA-DDR1-J071001+881629,07:10:00.55,+88:16:29.3,P,1.097085731008202,0.0209574732009212,0.7711100678272971,0.0144443218728559,0.7273436218788107,0.0124448849010117,0.6889991367073011,0.0117024108774467,0.6482683066028533,0.0085703892307821,-0.9791397253700048,0.0424260732294138
21CMA-DDR1-J015859+864025,01:58:59.50,+86:40:24.7,P,,,,,0.0559055727496907,0.0168908212061694,0.0512967982582267,0.0102367749030742,0.0511569702444179,0.0091396618958974,-0.4561926498548625,2.092232744730926
21CMA-DDR1-J042709+881237,04:27:08.86,+88:12:37.2,P,0.0935212351366427,0.0162492556953633,0.0934089042242518,0.0071487942827544,0.0909690693048126,0.0063118352196259,0.0850963278940154,0.0062636894733557,0.0837845882553023,0.0044099067289131,-0.3380486266216244,0.2657885521067312
21CMA-DDR1-J100401+863559,10:04:01.48,+86:35:58.9,P,0.0613713000045693,0.0139306663811674,0.0789786964611843,0.0187320948202696,0.0615279538040062,0.008271514691098,0.0556222402595197,0.0110089342297217,0.0530794493099796,0.0053689354990921,-0.4755316119910668,0.4469265526420126
21CMA-DDR1-J023538+872338,02:35:37.88,+87:23:38.0,P,,,0.0632130591297864,0.0187158641626157,0.0672478331356345,0.0139000778237833,0.0557294231237138,0.0129379132707964,0.0572237855443954,0.0056929228717198,-0.6150572409937449,0.99371790474322
21CMA-DDR1-J094216+870610,09:42:16.38,+87:06:10.2,P,0.1489506367480685,0.0243201069394849,0.1787305067346204,0.0119288450502428,0.170101861988408,0.0088828366756049,0.1533596799239441,0.008411736211755,0.1527670095305588,0.0067043028340676,-0.3603085832469782,0.2327487738547139
21CMA-DDR1-J013439+855512,01:34:38.56,+85:55:12.5,P,0.1683637246730403,0.0440754355862819,0.1011512978557367,0.0246618681990218,0.1150259756191049,0.0254401011810616,0.1118650713029947,0.0281290521551098,0.0954212565194293,0.0200143131052744,-0.9440951755273788,0.6066815598164405
21CMA-DDR1-J062135+882203,06:21:35.25,+88:22:02.8,P,0.0795559200997623,0.0199471988765119,0.0894267058506406,0.0120108630836682,0.0920080346937516,0.0074609516318495,0.0837552666706673,0.005663322759483,0.0767431611893792,0.0030857906235062,-0.5385603654788272,0.3285617964651351
21CMA-DDR1-J033223+875739,03:32:23.32,+87:57:38.7,P,,,0.0557803642640737,0.0176737531794381,0.0576531270386119,0.0141322253446611,0.0472555685541955,0.0134472839164094,0.041791583935988,0.0093683678937196,-1.3868477045210692,1.4238317606433264
21CMA-DDR1-J083443+875505,08:34:42.97,+87:55:04.7,P,,,0.0558698494879565,0.0101006074279823,0.0551104118492104,0.0056745695076549,0.047818759913555,0.0093444442963198,0.0525663715014212,0.0049425798912118,-0.2897381627178334,0.6773834388498207
21CMA-DDR1-J093511+871552,09:35:11.35,+87:15:52.5,P,0.0955402410267347,0.0204398644531551,0.0882322443212512,0.0166806978269216,0.0860775316914818,0.0088286314597512,0.0762122206253264,0.0136561785618638,0.0789943503524705,0.0060838125285046,-0.4059036312066852,0.3893891327026442
21CMA-DDR1-J035930+880849,03:59:29.91,+88:08:49.4,P,,,0.0448299216033855,0.0098282845143834,0.0397430112841408,0.0090926247951112,0.0428857533568417,0.0084970530047262,0.0437039329389331,0.0030909417752816,0.0812722645025453,0.800661308961963
21CMA-DDR1-J103210+854241,10:32:09.54,+85:42:41.3,P,0.1510805448742272,0.0285357200123939,0.1328903158516917,0.0248690262478576,0.1449640509372209,0.0267279817372159,0.1362692608822985,0.029523212518473,0.1429646511833238,0.0211554984326564,-0.0939003931527924,0.4401346384813827
21CMA-DDR1-J094145+871201,09:41:45.11,+87:12:00.5,P,0.8259984953934139,0.024958401633283,0.5993731060282588,0.0145355992745579,0.5481212962255605,0.012053000675381,0.4965883493575315,0.0117923855550508,0.4645649840647772,0.008914270939538,-1.0957261164985597,0.0644997853754649
21CMA-DDR1-J024616+873619,02:46:15.96,+87:36:19.5,P,,,,,0.0601667903374192,0.0170885932280015,0.0570568387091574,0.014505021635254,0.0525842405341653,0.0070883418851412,-0.875265998992215,1.8617947715551624
21CMA-DDR1-J034859+880727,03:48:58.76,+88:07:27.1,P,0.288201355601018,0.0129052518832766,0.2230480516878604,0.0074827494284069,0.2154741310427301,0.0064038071162968,0.212994395672585,0.0070645179714877,0.1984783301157801,0.0044819084673854,-0.6489973036993184,0.0888354929961389
21CMA-DDR1-J014858+863635,01:48:58.11,+86:36:34.7,P,0.2447702775261962,0.0384041750695737,0.2705795513720939,0.0403373985015503,0.2262802946904481,0.0150467510067949,0.1809763016465033,0.0166910839630999,0.1605711017600953,0.0119027976999673,-1.0930785291992366,0.3078093174929623
21CMA-DDR1-J050936+882431,05:09:36.40,+88:24:31.4,P,,,0.0520824711287044,0.0110012621225839,0.0567069387283225,0.0095719319199184,0.055915571926884,0.0111111189176713,0.0577531219826678,0.0062976832200677,0.3157240328614947,0.8383912935187054
21CMA-DDR1-J071204+882157,07:12:04.44,+88:21:57.3,P,0.0774946974925494,0.0246510740576906,0.0826401322092968,0.020261715807555,0.0782739702595797,0.0119633241104469,0.0883236799410732,0.0125016074676896,0.0791495064487455,0.0087986806096628,0.0431863340936274,0.5640801820426391
21CMA-DDR1-J102007+861942,10:20:07.35,+86:19:41.5,P,0.407142663283632,0.0227167504489711,0.2546789806790456,0.013916427288355,0.2407672234214442,0.0141616415897718,0.2070120888059607,0.0134036773684246,0.1962418854055393,0.0109507131787691,-1.4098684681130953,0.1397713632384
21CMA-DDR1-J063859+882619,06:38:58.78,+88:26:18.7,P,0.0764076681608381,0.0244432625977957,0.0695272408694946,0.0154348147051702,0.0774244446003278,0.0143577501868868,0.0632483694467105,0.0114785243045856,0.0780050575350309,0.007204990879297,0.1326828349661396,0.5382849134786758
21CMA-DDR1-J060904+882651,06:09:03.68,+88:26:51.5,P,,,0.0493661585811527,0.013888729401396,0.0419996873486368,0.0084612730339496,0.0367401235714131,0.0065468686898325,0.0345094180681705,0.0050770168317073,-1.361710137323712,1.101143564920657
21CMA-DDR1-J053415+882653,05:34:15.46,+88:26:53.2,P,0.1422660397610071,0.0214134859410393,0.1493553576417706,0.0100925433153765,0.1388342551935934,0.009512276310826,0.131487317479863,0.0050463984430143,0.1209728274563152,0.0047327469794494,-0.5740056031829063,0.2211658576408454
21CMA-DDR1-J032535+880138,03:25:35.20,+88:01:37.9,P,,,0.0485176790822618,0.0147525016963589,0.041919390496583,0.0123878618256943,0.0439039513157817,0.0100163008892345,0.0409451420300753,0.0074870920306499,-0.5442251507111423,1.3113883334204215
21CMA-DDR1-J093503+872310,09:35:02.96,+87:23:10.4,P,,,0.0423807309524074,0.0120622656441735,0.0415053158109017,0.0109706271969085,0.0335214559714602,0.0085836275589812,0.0280066365777515,0.00674673945715,-1.7732101086086842,1.403203665634373
21CMA-DDR1-J034324+880829,03:43:23.74,+88:08:28.5,P,,,,,0.0355153984048929,0.010727499949557,0.0317288775697728,0.0074779235143083,0.0333999610280672,0.0061828922755878,-0.2305194528224406,2.1391362171167607
21CMA-DDR1-J012939+860051,01:29:38.88,+86:00:50.8,P,0.2680706783829646,0.0403957852387125,0.285997396604369,0.0491320366937523,0.2629731125905343,0.0241214802125212,0.2828642484673808,0.0230052832890751,0.2865476538201191,0.017803025465118,0.1516619881955556,0.2915511161082878
21CMA-DDR1-J090900+874509,09:09:00.11,+87:45:08.9,P,0.0831856276254112,0.0154713095902609,0.0806847313668689,0.0075623257682984,0.0699261106527037,0.0040915590776112,0.0720681012682933,0.0049342164225299,0.0648816329786627,0.0032706073182346,-0.5735254090345948,0.2785340427784579
21CMA-DDR1-J014750+863921,01:47:50.22,+86:39:21.0,P,0.1853834195114531,0.0390904718143981,0.2122472258778439,0.0457926058114156,0.1754396089970844,0.0162409364295605,0.1368319527569051,0.024486335559643,0.1401000291132411,0.014480853340435,-0.759657521536542,0.4238432041050254
21CMA-DDR1-J013203+861024,01:32:03.10,+86:10:24.0,P,1.2473668139449658,0.0451067955194007,0.9484646298824976,0.0358593669071749,0.8887782192334757,0.0238119224321642,0.8398632930424147,0.0273160103631102,0.8013828220230927,0.0187807589014453,-0.8339703168557525,0.0791232412266833
21CMA-DDR1-J023901+873918,02:39:00.99,+87:39:17.9,P,,,,,0.0665421971119312,0.0144942438549005,0.0542448389661681,0.012728553914169,0.050051307860563,0.0095782777241722,-1.7588894715602967,1.8063100649769723
21CMA-DDR1-J062416+883004,06:24:16.46,+88:30:04.0,P,,,,,0.0315047959472391,0.0094577749229138,0.0273633172138275,0.0066298408316546,0.0261997008270229,0.0062726228870758,-1.1101995869117736,2.3792301384220016
21CMA-DDR1-J054435+883048,05:44:35.23,+88:30:48.1,P,,,0.0787147933166581,0.0167501950467602,0.0803788344837078,0.0144583889128312,0.0665209342047926,0.0071651039106688,0.0686919484064612,0.0075642707043578,-0.6747015880597653,0.8529206689553829
21CMA-DDR1-J095701+870554,09:57:00.75,+87:05:53.8,P,0.0683242417167401,0.0190936224751541,0.0609449255881471,0.0155006569078899,0.0516831389319264,0.0078120573944051,0.0426281924831574,0.0060489314752785,0.0452958016423026,0.0050576292094369,-0.8992767158445811,0.5250045758506953
21CMA-DDR1-J100627+865314,10:06:26.90,+86:53:14.3,P,0.0799059544654146,0.014311340000726,0.0916794489106397,0.0203597901863153,0.074562794082825,0.0084297042985611,0.0644275287603458,0.0110897470352442,0.053980263409781,0.0044043762749618,-0.9386850424301028,0.3587943325531298
21CMA-DDR1-J022712+873321,02:27:12.02,+87:33:20.6,P,0.4546247395729114,0.0226442665296886,0.3285004496914079,0.0120609114815703,0.3200472552034544,0.0094813719119876,0.3220576312170551,0.0108506206711447,0.3016522563131004,0.0070543066634142,-0.6665798493992126,0.0963675513563544
21CMA-DDR1-J012211+855003,01:22:11.34,+85:50:03.3,P,0.1405292261949846,0.0369342046688431,0.1423108448170717,0.0303243359864051,0.1450604859383651,0.0253562018129131,0.1397689541679185,0.0237297450237536,0.1605230932799506,0.0201662826681243,0.2606102853981805,0.5158246145518476
21CMA-DDR1-J030736+880209,03:07:35.89,+88:02:09.0,P,0.7817877408571151,0.0240434371190586,0.5317824636660199,0.0123520162909809,0.5093920905619231,0.0098015373281428,0.4942772529968995,0.0083239420037267,0.456318849820804,0.0066356340225918,-0.9216667132312272,0.0594803803640206
21CMA-DDR1-J073541+882522,07:35:40.82,+88:25:22.3,P,0.0847862222510504,0.0158552444364081,0.1214156003557667,0.0120826525311258,0.1196909504693213,0.0101405243844649,0.1108621518752486,0.0107980902043074,0.0759975353293722,0.0048564452828172,-0.890038211383792,0.311292611009896
21CMA-DDR1-J101050+865052,10:10:50.00,+86:50:51.8,P,0.0635850962672428,0.0168037663743962,0.0529838574590791,0.0166744414227154,0.0480550396723509,0.0125754718258009,,,0.0346771307283,0.0070768292743908,-1.1587358896197757,0.6317930835887546
21CMA-DDR1-J094754+872240,09:47:54.26,+87:22:40.2,P,0.4111707262164178,0.0163042209684497,0.2796732079401495,0.008410995995332,0.2529146229238401,0.0071686093616668,0.2297617507947912,0.006656405318085,0.2185728084327015,0.0052512648818138,-1.1883483940037818,0.0829369857984758
21CMA-DDR1-J103237+860807,10:32:37.03,+86:08:06.6,P,0.1469914251138142,0.0230843693146522,0.1217334110062518,0.0111231491534439,0.1139041474269659,0.0112939552152469,0.1146625191275671,0.0124404969209594,0.1119119278510732,0.0094269015922375,-0.4723652059579934,0.3084423512469058
21CMA-DDR1-J012453+860328,01:24:53.27,+86:03:28.2,P,0.1698241659403362,0.0473672893505815,0.1440154507832532,0.0432312615053598,0.1372307806915496,0.0280797519078884,0.1527391287304664,0.0282306351707604,0.1361510507203268,0.0234668025516737,-0.3358073736276927,0.5964002306516366
21CMA-DDR1-J065048+883223,06:50:48.46,+88:32:22.6,P,0.0693830766264954,0.0189833920019007,0.0797755501367473,0.0104189317236112,0.0764835814053069,0.0077836911143825,0.0807334054396307,0.0085080789478867,0.0752725777993905,0.0060707288451194,0.0122244314393074,0.4206403302430669
21CMA-DDR1-J093409+873651,09:34:08.71,+87:36:50.6,P,0.0591672876461583,0.0129619892684136,0.0515492175255104,0.0108073500247541,0.0443616749533497,0.0087233883796393,0.0370344161425128,0.0080365690135667,0.0359354693646797,0.0048403312776537,-1.0309163097244929,0.4718973678699452
21CMA-DDR1-J081832+881808,08:18:32.44,+88:18:08.3,P,0.041107615719876,0.0114997943070071,0.0625273707308664,0.011082100734825,0.0617583650105414,0.008225324398712,0.0587974552713321,0.0097257038072842,0.0564387230317798,0.0052121982292542,0.2205681132870667,0.4761531223314996
21CMA-DDR1-J052907+883714,05:29:07.00,+88:37:13.9,P,1.2685628132199005,0.041540161035837,0.9133952201222114,0.0244405952969702,0.5126537519785357,0.014947724668809,0.4599467054354046,0.0115034271943933,0.4352562342276805,0.0084631526436367,-2.242367278379985,0.0686144101629163
21CMA-DDR1-J025731+880131,02:57:30.55,+88:01:31.4,P,0.110393112793899,0.026033828477067,0.099918128574332,0.0190849687564837,0.0910532627930464,0.0097149128128653,0.0885363902844606,0.0078443924103924,0.0859400416002484,0.005620553630286,-0.4807667203246355,0.3952607736628962
21CMA-DDR1-J085605+880430,08:56:05.04,+88:04:30.1,P,0.0491703596831355,0.0136754989632114,0.0558574421175526,0.0115084900307014,0.0515386754793729,0.0051674046669375,0.054568211847094,0.0059658690338015,0.049932694817226,0.0032008162698359,-0.1198602305273491,0.4294053089868778
21CMA-DDR1-J013035+862427,01:30:35.04,+86:24:26.9,P,0.1015289385578552,0.0247890735680707,0.1021588303277017,0.0267025827839131,0.091498156683197,0.0196606150668559,0.0943648726752753,0.0192136150505376,0.0780241954054315,0.0127733578795682,-0.4810471454190874,0.5380318627332941
21CMA-DDR1-J041908+882829,04:19:07.81,+88:28:28.5,P,0.0522244612421483,0.0147461053781994,0.06049432508235,0.0141344050224976,0.0492194075890523,0.0102629274504199,0.0497864762640245,0.009557304293511,0.0453384175090814,0.0044599184041436,-0.4486137439021817,0.5139489679948822
21CMA-DDR1-J011534+854358,01:15:33.92,+85:43:58.2,P,,,0.0818246180356747,0.0226379653697271,0.0787049124160353,0.0194631480208793,0.0827177213126936,0.0220496799314933,0.0885121460499994,0.021493822062516,0.3615429029723326,1.3854297836132914
21CMA-DDR1-J083202+881554,08:32:01.66,+88:15:53.9,P,0.3800660208885117,0.0135693553837563,0.2751540665119279,0.0090861320002932,0.2589105677916425,0.0063280663982577,0.2519231693064501,0.0071837106896165,0.2375108087618271,0.0053525281185628,-0.8578362855886048,0.0767640716684024
21CMA-DDR1-J103158+862209,10:31:57.53,+86:22:08.6,P,0.2228633477424993,0.0221392919324241,0.1499370188212615,0.009132237574935,0.1344066448464875,0.0083867635371473,0.1212806585535711,0.0085264068749501,0.1110727577258816,0.0071200408188635,-1.308942866794211,0.2075571966327628
21CMA-DDR1-J011803+855837,01:18:03.34,+85:58:37.0,P,0.9127612162024094,0.0407946085343511,0.599918841211805,0.0196827229729748,0.5871194584779611,0.0205726098071489,0.5974859319537305,0.0190910397141257,0.6586880629005522,0.0180593804503153,-0.5122024110279677,0.0934742260291427
21CMA-DDR1-J101745+865237,10:17:44.60,+86:52:36.6,P,,,0.0617070423508059,0.0166569987183638,0.0556778820130621,0.0147436055815326,0.0422858781064705,0.0111423259846269,0.0349945814212806,0.0051653956644337,-2.410401529089268,1.1263928990067078
21CMA-DDR1-J094421+873633,09:44:20.70,+87:36:33.2,P,0.0746676989101347,0.0150968500805406,0.0769821913846234,0.013039079621489,0.0680984408046415,0.0053981744733206,0.0718530565433964,0.0060300232939287,0.0657677126372469,0.0034929842808562,-0.2951331506331552,0.3310323160154648
21CMA-DDR1-J105739+850045,10:57:39.23,+85:00:44.7,P,0.6329860758133856,0.0395897914206174,0.4116632745409694,0.0293528535383235,0.336719682278481,0.0380979953945549,0.1791089508320391,0.0351268856315482,0.1951910583469253,0.0422598753992559,-2.00733956609622,0.2431463413870892
21CMA-DDR1-J051353+883858,05:13:52.50,+88:38:58.2,P,0.3216744524037138,0.0256520553825294,0.251177164085772,0.0154966234137475,0.233303082622493,0.0096540346956999,0.2201205029306532,0.0076368604319924,0.2181181161018506,0.0061289951481016,-0.6853132381159208,0.142261269378796
21CMA-DDR1-J085402+880931,08:54:02.23,+88:09:31.1,P,,,,,0.0243471916091776,0.0077876875842926,0.0230787955375973,0.0069530423604044,0.0244170474328834,0.004720618391037,0.0996372474404243,2.2711508410569627
21CMA-DDR1-J010812+853134,01:08:12.18,+85:31:33.5,P,0.135870480229208,0.0241217283234119,0.1173840008348107,0.0199098446129597,0.1279940053810776,0.0198303342312465,0.1298357590788704,0.0268172040732119,0.1618826881646529,0.0382794171827179,0.1155939512848702,0.4746168593034553
21CMA-DDR1-J063024+884128,06:30:23.91,+88:41:28.3,P,0.7509358384389639,0.0190334209431612,0.4917280916758375,0.0115097601331719,0.3892044637183565,0.00883268265945,0.4150315162460449,0.009693307161716,0.3513069395372591,0.0064598515462605,-1.415920736895315,0.0569965666214551
21CMA-DDR1-J010357+851746,01:03:57.00,+85:17:46.0,P,0.2199379200113681,0.0448951804608245,0.1712830462033042,0.031940565248397,0.1578065471780463,0.0320483071211397,0.1518854151362749,0.0293956236642721,0.173397513004558,0.0367800176609884,-0.6016965227431719,0.5055661768663186
21CMA-DDR1-J010046+850757,01:00:45.58,+85:07:57.3,P,1.0227305778330094,0.0484100431679665,0.6353305002468892,0.0418892569439208,0.5026271995030656,0.0380489816984337,0.4057108568799482,0.0389414430655446,0.3672649732851131,0.0437798082896478,-1.9699327564268547,0.1631133872669826
21CMA-DDR1-J082623+882514,08:26:23.08,+88:25:14.2,P,0.3043636120276297,0.014065484423044,0.2014973138771473,0.0079140810727192,0.1789373146353894,0.0059776739078585,0.153819912600208,0.0056320367580858,0.1625794557862512,0.0038426260710735,-1.1757673287056876,0.0932264874372748
21CMA-DDR1-J103833+861948,10:38:33.49,+86:19:47.7,P,,,0.0600218860345097,0.0147399599377546,0.0590516634618987,0.0141746455237267,0.0515152021840515,0.0163336306902296,0.0494255164352014,0.009192550090422,-0.8493706890681848,1.166738814253448
21CMA-DDR1-J021905+874637,02:19:05.14,+87:46:37.4,P,,,0.0929894450022876,0.0229676350481222,0.089786751330318,0.0152876192402986,0.0804893232751831,0.0159126735060592,0.0761805104164943,0.0110815232982986,-0.8826015435419681,1.0088658063829892
21CMA-DDR1-J011721+861047,01:17:20.91,+86:10:46.8,P,0.112172412479634,0.0280980149375722,0.1284994084549716,0.0257021240042112,0.1198975703499337,0.0227296182749846,0.1180538052741834,0.0135965584367449,0.1190578758552719,0.0114982251834994,0.0185722460189725,0.4642094172944538
21CMA-DDR1-J101831+870413,10:18:30.78,+87:04:13.2,P,0.18460082694827,0.0165290983737757,0.140230642327234,0.0103051349623002,0.1337645070755082,0.0073953397316255,0.1222482154520862,0.0092838539753445,0.1069257862591894,0.0053616509216752,-1.0356348869265808,0.185137737977588
21CMA-DDR1-J032915+882528,03:29:14.61,+88:25:27.6,P,0.1138570353571847,0.0217902733338884,0.1399546291856955,0.0112428639167309,0.1191279481450095,0.0066118387499169,0.1251290687786299,0.0068115662583279,0.1160856015734676,0.0046134955914663,-0.2996180619397746,0.2504137347764158
21CMA-DDR1-J093853+875057,09:38:53.01,+87:50:56.6,P,0.0752832190051106,0.017213870819647,0.0975948671100621,0.0067696841732921,0.0900695849317481,0.0060338627070087,0.0828102595509833,0.0052975354753359,0.0795773036029268,0.0034664264643504,-0.5395430401483267,0.2637735725223801
21CMA-DDR1-J105036+854951,10:50:35.92,+85:49:50.5,P,0.7125599708666432,0.0275242192831728,0.4390075795747804,0.0122056437031466,0.4061022913020585,0.010975022796697,0.4586021346790818,0.0165600296043516,0.5461787484974923,0.0193551656298859,-0.6089264185597827,0.0916986056105817
21CMA-DDR1-J064703+884407,06:47:02.52,+88:44:07.3,P,0.2834841129648199,0.0183135285044791,0.1836717412254514,0.0088624272696585,0.1722626016579149,0.0077675018114736,0.1620943188637567,0.0082817501734313,0.1482216675051302,0.0050769867897161,-1.1577363963785483,0.1302637168515836
21CMA-DDR1-J015558+872634,01:55:58.33,+87:26:34.4,P,0.0819021147074105,0.0243830158351897,0.072841325197152,0.0176724724498418,0.0697726414744221,0.0134263869858422,0.0590620780214931,0.0114069280290125,0.0535186808168135,0.0089563968511,-0.8897608964995903,0.6102539353141546
21CMA-DDR1-J022159+875217,02:21:58.68,+87:52:17.1,P,,,,,0.0651432977125005,0.0172040501366515,0.0586038850610827,0.0143919412466845,0.0514957632228622,0.0104467661858908,-1.480340541568382,2.0612551069782064
21CMA-DDR1-J081044+883257,08:10:44.01,+88:32:56.9,P,,,0.0464587033318085,0.0120971217523678,0.042386971486171,0.0069195715826373,0.039906639690705,0.0079558977859892,0.0452904714932651,0.0054129697046691,0.1162581713641406,0.9435472486865346
21CMA-DDR1-J010130+852328,01:01:29.54,+85:23:28.3,P,0.2426527209882721,0.0345009292244549,0.1982170068717346,0.020165458529225,0.2015618412483748,0.0227560246716116,0.1982643540114958,0.023062131463396,0.2778814779701312,0.0382789361477892,0.0264196286150426,0.337789164190814
21CMA-DDR1-J051832+884532,05:18:31.98,+88:45:32.4,P,0.1590134481107446,0.0288237396029311,0.1875487262052413,0.0176802266019053,0.1680426062209159,0.0100487375506866,0.1641281068384374,0.0091462022189542,0.153009663350977,0.0077784496182099,-0.380486014625661,0.2764299032471663
21CMA-DDR1-J095140+874230,09:51:39.58,+87:42:30.4,P,,,0.0464369644471798,0.0135303963697702,0.0419323105746069,0.0092149497663014,0.0409667857029132,0.0082873488135218,0.0354015637089565,0.0050796639276558,-1.0705952307367308,1.1253010358032918
21CMA-DDR1-J110357+850049,11:03:57.34,+85:00:49.2,P,0.2568159381415621,0.030198984747877,0.2478186672829471,0.0339216778938123,0.2528446926516824,0.0335407278179425,0.1742282654469793,0.0323830079707818,0.165626343738844,0.0301695724403081,-0.6489288273148178,0.3412523464135004
21CMA-DDR1-J030953+882320,03:09:53.38,+88:23:20.2,P,0.4600967374025278,0.0210532374048534,0.3419888582666714,0.0098146056417268,0.314944212478804,0.0067294023693427,0.3075365306575757,0.0068326546996786,0.2872845109398305,0.0046384656445041,-0.8076615909855942,0.0790629064218685
21CMA-DDR1-J063415+884800,06:34:15.47,+88:48:00.0,P,0.0908087584173395,0.0263028851509853,0.1062085594623802,0.0133697704918897,0.1153584823672456,0.0144977494410958,0.1004959230606951,0.0163352489597459,0.0988515042987264,0.0111689638912673,-0.0711527842684027,0.4854330564107757
21CMA-DDR1-J105651+854004,10:56:50.70,+85:40:04.1,P,1.3640438901742111,0.0420749602120051,0.8518409467091597,0.0189591105455671,0.7895800924771368,0.0203560260429008,0.8628126533373361,0.0239783905904658,1.1058258492948698,0.029540931767455,-0.4938417113725102,0.0720330431357036
21CMA-DDR1-J012529+864708,01:25:29.21,+86:47:08.1,P,0.1748295182979451,0.028803773623385,0.2035143272385191,0.0143810668345323,0.1923256798018583,0.0106636672293322,0.1635353620774296,0.0099188810257306,0.1432902622830962,0.0057804758596244,-1.0184540253849776,0.2315264273687712
21CMA-DDR1-J025652+881858,02:56:51.89,+88:18:58.5,P,,,0.0527409026937638,0.0121830267378235,0.0475404326337548,0.0109524167974693,0.0527880888541068,0.0104279272031241,0.0418530982517217,0.0038547388287819,-0.9632952101975542,0.8770798993344067
21CMA-DDR1-J062150+884901,06:21:50.48,+88:49:00.6,P,,,0.0552697467226375,0.0141246080189806,0.0472765524219508,0.0120209736401895,0.0448281383021904,0.0125977801077212,0.0397460867061107,0.0073804361464439,-1.2554100454005257,1.192176855709152
21CMA-DDR1-J104224+862933,10:42:23.56,+86:29:33.4,P,0.1268828505990755,0.0203233155823937,0.1310189278557775,0.0102926939260224,0.1120290385979234,0.0080707673954066,0.1017677736064873,0.0066890749938943,0.0914143029145998,0.0054013919092761,-0.9471671724239136,0.2672716916636375
21CMA-DDR1-J014024+871530,01:40:24.26,+87:15:30.2,P,0.0932167915842397,0.0262415004269463,0.0825244723750867,0.0203238569451963,0.0724569956291185,0.0159691730020377,0.0627336495762111,0.0124789833151157,0.052077508668453,0.0085946927262018,-1.1845749701591402,0.5887327805177898
21CMA-DDR1-J050103+884832,05:01:02.64,+88:48:32.4,P,1.0187058318412383,0.0230206658536747,0.785416273488225,0.0159012327535335,0.7401496961329048,0.0107149542927426,0.7038952325205078,0.0105816306672244,0.6679723678325209,0.0084280918689755,-0.7816346826374824,0.0466024615666994
21CMA-DDR1-J011447+862353,01:14:46.52,+86:23:52.9,P,0.1087056027501706,0.0192471773757802,0.1257109965180769,0.0128370425457551,0.1190962839118994,0.0093359307936418,0.1034087837051535,0.0092554625134565,0.1100446403826912,0.009017992556472,-0.2247206866311732,0.3271333296922284
21CMA-DDR1-J025659+882232,02:56:58.92,+88:22:31.5,P,0.1186142909389344,0.02526588825818,0.1408351431996094,0.0119684738427045,0.1336328794733428,0.009445597453104,0.1395493451038024,0.0095407996979232,0.11978874579033,0.0044678035228493,-0.415436312238411,0.265078043807314
21CMA-DDR1-J015722+874127,01:57:21.98,+87:41:27.0,P,0.1016092424009136,0.0285984338626108,0.1041853650264392,0.0233934693268355,0.0991216884981288,0.0208767598593379,0.0897498410079616,0.0176977962587785,0.0858217351484685,0.0064803236487624,-0.4652798874403441,0.4829254783147964
21CMA-DDR1-J080417+884027,08:04:17.24,+88:40:27.2,P,,,0.0532856874701089,0.0114537851817896,0.0535560905491853,0.0068998699409017,0.0524240596932753,0.0067740232781732,0.0492062671805451,0.0039680633864976,-0.4269308354696504,0.7149442182772442
21CMA-DDR1-J015420+873902,01:54:19.92,+87:39:02.4,P,0.1386536503749413,0.0281566880745297,0.1584722151854032,0.0180608871490246,0.1500776510916535,0.0127103026426335,0.1456361366575201,0.012021696752556,0.1298962302736106,0.005126901715811,-0.4897691196995268,0.2915602460135847
21CMA-DDR1-J014740+873148,01:47:40.11,+87:31:48.4,P,0.0920262437821771,0.0197791125595862,0.0878181941399809,0.0196419040956654,0.095914092453316,0.0101379396528583,0.0672874834790402,0.0104728708417996,0.071052022296096,0.0051582790830882,-0.747104835820055,0.3902647563537825
21CMA-DDR1-J103929+864309,10:39:28.62,+86:43:09.5,P,,,0.0545921703451985,0.0157004487123707,0.0436437780602399,0.0108202518628474,0.0408132668290077,0.011551451025312,0.0338336378120198,0.0076624238679669,-1.793700372936849,1.370767177892527
21CMA-DDR1-J110100+853310,11:00:59.60,+85:33:10.0,P,,,,,0.0888203777014823,0.0259955818911367,0.0931358273476207,0.0244390906936565,0.1049655740819665,0.0338969340265906,1.0140180659607136,2.707539027331276
21CMA-DDR1-J043648+884823,04:36:47.92,+88:48:22.7,P,0.0876166546848222,0.024208703558962,0.0723996984299138,0.0200968297040403,0.0664476855143491,0.0177935621566492,0.0597865694373652,0.0149757060925035,0.0641164271488597,0.0104202155567985,-0.6218997792329587,0.5878464736847521
21CMA-DDR1-J005941+854328,00:59:41.35,+85:43:27.9,P,0.1148754521136117,0.0340749288990471,0.1009834594514209,0.0201123112428329,0.0985251738499016,0.019104648088172,0.1095301249271328,0.0213494039293252,0.1387015048112207,0.0228371574551158,0.4717764386358891,0.5961058005870447
21CMA-DDR1-J012550+870333,01:25:49.85,+87:03:33.0,P,0.1050968461587168,0.0257756924579649,0.1231588248933526,0.0224845208079303,0.1101918656083388,0.0121358293403175,0.1023737291284039,0.0093743879481577,0.0877808830521321,0.0064832929980442,-0.6948157817111765,0.414716318361471
21CMA-DDR1-J021855+880903,02:18:54.81,+88:09:02.7,P,1.3859726522437026,0.0769511558304395,0.8704991747879439,0.0181316579068359,0.9101592267239276,0.0183129810271995,0.8491320404651536,0.0180398190569315,0.8111452314402502,0.0123539511641223,-0.6383313705743859,0.0785298800210763
21CMA-DDR1-J021735+880656,02:17:35.18,+88:06:56.1,P,,,,,0.1027621793355611,0.0213169449349227,0.1227333455773879,0.027788827238287,0.094019726890269,0.0136596946461725,-0.7564957886959038,1.5621372564920812
21CMA-DDR1-J030038+883004,03:00:38.33,+88:30:04.5,P,0.0786496881680129,0.0190784514989433,0.0738756326578584,0.0158873086556795,0.0798044548862054,0.0069481776721586,0.0755955876263051,0.0079635580299039,0.0734336425688735,0.0044379431950035,-0.2162543274887545,0.3899023907530222
21CMA-DDR1-J081255+884343,08:12:55.27,+88:43:42.9,P,0.1588950280015754,0.0174524021471619,0.1211262171842977,0.0098354896154762,0.1113790331878349,0.0069787069992186,0.1145744330819948,0.0067334386745311,0.1101383837746788,0.0041743398168641,-0.5715385658323788,0.1947773499001062
21CMA-DDR1-J105345+861844,10:53:45.39,+86:18:44.3,P,0.4676640307639961,0.0189133672752814,0.3398741703738219,0.0105411803537677,0.3205372864315311,0.009883380890583,0.3049020379425998,0.0100004258081246,0.3095212415139803,0.0101017735448827,-0.799776011690689,0.0920512847389382
21CMA-DDR1-J063430+885838,06:34:29.85,+88:58:37.9,P,0.4266723516728306,0.0150278327478408,0.2952243649259872,0.0087133141780892,0.269416336224582,0.0086540157558602,0.2531679504489741,0.0069382813426196,0.2387984140144303,0.0051893128538791,-1.079141410595719,0.0747612289090673
21CMA-DDR1-J102657+872228,10:26:57.16,+87:22:27.8,P,0.1499931779569834,0.0126029226638702,0.111447185212121,0.0077764828827155,0.1007675101581572,0.00647961665134,0.0933013993274546,0.0060820163783369,0.0830261393641502,0.0052384688938338,-1.112526551964705,0.1878042121118776
21CMA-DDR1-J010527+862138,01:05:26.97,+86:21:38.3,P,,,0.0714367039010656,0.0220412834237774,0.0662147423521594,0.0133120726960406,0.0723610756454602,0.0174564457848248,0.0632929265839152,0.0105530127884566,-0.3696164744239827,1.2038144921897296
21CMA-DDR1-J021104+880806,02:11:03.67,+88:08:05.7,P,0.4555783953230027,0.0574970079314302,0.3540816278940922,0.0163329587470287,0.3544815458183472,0.0146279732220278,0.3428387967257255,0.0153050700107962,0.3370847167545922,0.0113161735865408,-0.3665315880566878,0.1744598219310488
21CMA-DDR1-J025652+883245,02:56:52.10,+88:32:44.8,P,,,,,0.0315636704163539,0.0095981566969471,0.0352563151792061,0.0095426935837891,0.030676835322162,0.0057369698641431,-0.3747849269836653,2.168043164226797
21CMA-DDR1-J110105+860415,11:01:04.60,+86:04:15.2,P,0.0871648517189628,0.019082467039445,0.0818994788053832,0.0165606097602249,0.0662356051423251,0.0088986519156992,0.0797924885322539,0.0153254550185765,0.0882072373573139,0.0087840201465253,0.1494896917921963,0.4301151476409775
21CMA-DDR1-J012353+871321,01:23:52.95,+87:13:21.5,P,,,,,0.0506876457683199,0.0128514072686596,0.0488015198687447,0.0100722998127469,0.0373153084886785,0.0063916823121536,-2.0908052080266577,1.8699512384249843
21CMA-DDR1-J075549+885224,07:55:48.65,+88:52:24.2,P,0.0641100171999691,0.0142322619017517,0.0909034247920205,0.0075459812846842,0.0885274293962773,0.007748224251306,0.0746297479637593,0.0042338364549629,0.073685134729102,0.0038561238098599,-0.4518581028087925,0.2985286358361865
21CMA-DDR1-J105426+862943,10:54:25.77,+86:29:42.8,P,0.1037276562993156,0.0219918715002964,0.1260916672350151,0.0071323338872275,0.136114558403878,0.0067163026441215,0.1464653757352909,0.0077107439429463,0.143708542023677,0.007043556394054,0.5778659102449415,0.2474064296145247
21CMA-DDR1-J092911+882602,09:29:11.15,+88:26:02.0,P,0.2542622797197811,0.0168301111454884,0.1914605583973826,0.0105529200050273,0.1821519617453099,0.0071278886998133,0.1713916952750186,0.007688913268802,0.1667266432817597,0.0053008211703564,-0.7622986868182222,0.130357842259639
21CMA-DDR1-J011611+870441,01:16:10.53,+87:04:41.3,P,0.1107357680428992,0.0256355494220922,0.1501005648640054,0.0250031912444996,0.1302782464888861,0.0082507403150628,0.1320599163953657,0.008896588882959,0.1137011368541596,0.0046192488646067,-0.5102358006289037,0.3158743727428138
21CMA-DDR1-J111342+851208,11:13:42.19,+85:12:08.3,P,0.2667247035824897,0.0243300724248687,0.23404037739205,0.0151449710201106,0.2111415023657343,0.0148085035763561,0.1875219923169678,0.0284268871449548,0.2276761398924613,0.0349722796077039,-0.5535762713284106,0.2622152368255416
21CMA-DDR1-J105039+864636,10:50:39.38,+86:46:36.0,P,,,,,0.0335983824699527,0.0098974853099606,0.026521439076262,0.0071617628098138,0.0208709378341409,0.0062461319017782,-2.966490821603993,2.6174347688789537
21CMA-DDR1-J004801+852718,00:48:00.72,+85:27:18.4,P,0.2367127515378902,0.0341548828593766,0.2337981659162175,0.0187727020682188,0.2174761569461622,0.0135050317302447,0.2099255065757871,0.0204661224152494,0.2686570854955686,0.0250417487396438,0.1169778113189188,0.2978390636004422
21CMA-DDR1-J053232+890309,05:32:31.64,+89:03:09.3,P,,,,,0.0367849852674886,0.0111877913691736,0.032211407639341,0.0101892667140448,0.0319705630004081,0.006376310937576,-0.807879343999415,2.2314895908725134
21CMA-DDR1-J102754+873641,10:27:53.90,+87:36:41.2,P,0.2595795923531442,0.0142839986676627,0.1859020859855761,0.0076323164539133,0.1672106218613798,0.0074468154903968,0.1609657608926365,0.0082364067552631,0.1464928225420686,0.0048027514078157,-1.0613729944621633,0.1155011083688032
21CMA-DDR1-J055903+890450,05:59:02.61,+89:04:49.8,P,0.3217670911576276,0.0125541306172846,0.2813016214479393,0.0104572714190074,0.2674902756871721,0.0078242175636472,0.2483649616072578,0.0065668053991403,0.2358838606097801,0.0047346193769625,-0.6133070845626472,0.0792449924400259
21CMA-DDR1-J093339+882901,09:33:38.77,+88:29:01.4,P,0.0725307103796252,0.0198622859328355,0.0904771467310364,0.010284874798728,0.0898631183758126,0.0074687473467191,0.0895648493255329,0.0072215998259167,0.0862939349691188,0.0054610147888092,0.0213616477752641,0.3712062302872589
21CMA-DDR1-J101724+875609,10:17:24.16,+87:56:08.8,P,1.853653411290572,0.0443077695514671,1.2707173092215096,0.0179312011956693,1.2022909444251464,0.015006849975815,1.1378625185870623,0.0175788929613907,1.0480375806189748,0.0114212440650837,-0.9865915474476464,0.0445709445776961
21CMA-DDR1-J094136+882504,09:41:35.89,+88:25:04.1,P,0.1741800030888582,0.0225971392833463,0.1046424342191821,0.0108693814644334,0.0956511152522936,0.0065934480086816,0.0888584000903411,0.0052991184097636,0.0889214436961954,0.0043216718455642,-1.1125005969034971,0.2363208505011603
21CMA-DDR1-J105435+864934,10:54:34.99,+86:49:33.5,P,0.107479339068165,0.0167593907900302,0.1361552137622165,0.0158740244788027,0.1099173887402588,0.0127044200765027,0.0958944797684962,0.0116055431289145,0.0900732771923873,0.0108538599340031,-0.5118674210254832,0.3492646749226611
21CMA-DDR1-J025456+884241,02:54:56.20,+88:42:40.9,P,,,0.0373543644012402,0.0101217175356215,0.0400573989229593,0.0082991360750827,0.043669549842028,0.0086790815865802,0.0381134816185215,0.0046811010555505,-0.0781173624597733,1.0185727366479396
21CMA-DDR1-J110942+855656,11:09:41.67,+85:56:56.4,P,0.3143792557626677,0.0203715332078963,0.2044218465402165,0.0111764716801442,0.1833508667700819,0.0120022472938631,0.2026982999395586,0.011708774824885,0.2326830688113922,0.0125103963652408,-0.6162052736182645,0.1504173469018686
21CMA-DDR1-J084108+885122,08:41:08.44,+88:51:21.5,P,,,0.0496259376891504,0.0122900878746355,0.044321878701642,0.0098776876325817,0.0409332260171662,0.0076328625739202,0.0440488641519071,0.005921414844825,-0.3628521260964505,1.0191285132178691
21CMA-DDR1-J111905+850916,11:19:05.04,+85:09:16.3,P,0.7418741638813853,0.0274818362498554,0.477380864556216,0.0234404189828367,0.4062433439090415,0.0237677255802809,0.3176176554131469,0.0436892697814439,0.3195412196658386,0.0486063715989871,-1.675572721506244,0.1479982089522691
21CMA-DDR1-J010830+870508,01:08:29.55,+87:05:07.7,P,,,0.1156468875083475,0.030513882336544,0.0655177962142234,0.0184862705530789,0.06330769392654,0.0126546042416132,0.0497673384404495,0.0054998680110038,-2.985138474843854,1.0246532164455515
21CMA-DDR1-J104012+872935,10:40:12.02,+87:29:35.3,P,0.1717912298135908,0.0140378982719502,0.0953167292869516,0.0081825867134566,0.0870683873882441,0.0077276352386592,0.0784112204397198,0.0067019209281877,0.072670732562458,0.0048908790251533,-1.6357633460350332,0.1925892672668609
21CMA-DDR1-J005157+861136,00:51:57.28,+86:11:36.1,P,0.1184247821122397,0.0292083857777641,0.1166779245326701,0.0274928282690829,0.1073542834081323,0.0233161791603209,0.1068303928783953,0.0210533296908633,0.098615446533912,0.013345267304925,-0.3761818624483707,0.5118475002878525
21CMA-DDR1-J023415+883840,02:34:14.75,+88:38:40.2,P,,,0.037235028540828,0.0108652977451144,0.0374151776120436,0.0084943711668872,0.036338899519263,0.011133864077083,0.0374285568235527,0.0058361968878209,0.0121319957961694,1.1684296358763897
21CMA-DDR1-J005212+861556,00:52:12.23,+86:15:56.5,P,,,0.0928741535860477,0.0270262224361813,0.0953089725075679,0.0242935216211053,0.095453674888019,0.0281602157112565,0.0833954364875024,0.0162757483116529,-0.4940100579264263,1.2968408613762727
21CMA-DDR1-J034644+885922,03:46:43.63,+88:59:22.3,P,0.0457407938822403,0.0130145168861301,0.0442176933400813,0.0108781370958472,0.0419761172061452,0.0098004967904322,0.0411451698123042,0.0102436147894549,0.0370910537782992,0.0079533774280579,-0.3870582527372655,0.6429239278341108
21CMA-DDR1-J100847+881429,10:08:46.87,+88:14:29.2,P,0.4693751337679604,0.0144030617375701,0.3299117752863729,0.0110232396246518,0.3075499842928212,0.0073875674245333,0.3022415493415329,0.0061845331737256,0.2803192732892791,0.0052202118062902,-0.9384060508152738,0.0654005650991552
21CMA-DDR1-J005227+862739,00:52:26.55,+86:27:39.5,P,,,0.0626707791802534,0.0158795889990797,0.0605256948430345,0.0137288910146364,0.0552730596457373,0.0149007234009596,0.0576339045028679,0.0115808338074084,-0.3723235250905125,1.2171551785740735
21CMA-DDR1-J100419+882030,10:04:18.83,+88:20:30.4,P,,,,,0.0324150490436652,0.0095632201388622,0.0274439231702462,0.0071970391757249,0.0257224967003442,0.0048547908582629,-1.374188794134105,2.1348029534893262
21CMA-DDR1-J005535+864643,00:55:34.94,+86:46:43.1,P,0.482416891353701,0.0216443358156085,0.3230802823199467,0.0169617982047755,0.3137843507560269,0.0120501676073321,0.2677967599825501,0.0135204033556572,0.2555027945113333,0.009679433213393,-1.216388123273956,0.1070488427411311
21CMA-DDR1-J103926+874245,10:39:26.39,+87:42:44.8,P,,,0.0588346989402991,0.0135105743003444,0.0486019435781557,0.0098232080698835,0.0406614270038804,0.0098199680185395,0.0405500670327536,0.0049763560946896,-1.3854631244202305,0.9367895702430256
21CMA-DDR1-J003820+852313,00:38:20.30,+85:23:13.4,P,0.2209099230115576,0.0363803031634522,0.1819946655456815,0.034503548211313,0.1703533620392313,0.0192117010354749,0.1716891541139866,0.0278268973110153,0.1656663398670715,0.0290620412417423,-0.5716165746495719,0.4109457688615946
21CMA-DDR1-J003846+853454,00:38:45.68,+85:34:54.5,P,0.6987665552340178,0.0318104365056769,0.4427243228361777,0.021946879422342,0.3845608948417294,0.0189856879770362,0.3635250347778621,0.0172432464479262,0.4865532194834424,0.0266993123157383,-1.0639651435057584,0.1183473726560538
21CMA-DDR1-J111527+860520,11:15:26.75,+86:05:19.8,P,0.1356743611642933,0.0253022261282508,0.1614052410168887,0.0196907159381199,0.0944844486043821,0.0165560508430402,0.0854469851627209,0.0123382400835254,0.0977116955919414,0.0120847426130001,-1.0608061203738877,0.3971690983117576
21CMA-DDR1-J112135+852832,11:21:35.03,+85:28:31.8,P,0.3688889152668009,0.0211525606003071,0.2034342212236737,0.0167453126621135,0.1849845070227674,0.013606413362345,0.1263895490021845,0.0140250850219386,0.2075345682684479,0.035714983332765,-1.919874885596204,0.1956172881694525
21CMA-DDR1-J031524+890057,03:15:24.07,+89:00:56.8,P,0.0524012116511696,0.0155016889957021,,,0.0491770135624167,0.0143913649834716,0.0457408958685357,0.0129030278229215,0.0325993428787828,0.0061887059640468,-0.8439535294361324,0.6627143994295599
21CMA-DDR1-J023417+884907,02:34:16.58,+88:49:06.6,P,,,,,0.0329046289856164,0.0106766377978423,0.0344586728396934,0.0079544565846672,0.0329824683184702,0.0063723841894172,-0.0847488011720341,2.2620905238533044
21CMA-DDR1-J072049+891250,07:20:48.81,+89:12:50.0,P,0.0551995705882092,0.0163566323799991,0.0460081435215554,0.0086513633526084,0.0437624591637163,0.0103769888302292,0.0370757568501309,0.0080465952746891,0.0318157802567082,0.0057536649731843,-1.104976426361352,0.6122532822576414
21CMA-DDR1-J011040+873819,01:10:40.24,+87:38:18.7,P,6.852249966556943,0.1155700811393857,4.721159976777381,0.0821126349470284,4.592923126112569,0.0978912192337297,4.287601640952755,0.0555540228684172,3.784177130966712,0.0629169906858574,-1.0710739329407588,0.0404449186154023
21CMA-DDR1-J021706+884257,02:17:06.34,+88:42:57.2,P,0.0656924530324217,0.0191255157522042,,,0.0536451967397219,0.0131542021430273,0.0527319799873176,0.0124990199762628,0.0495667178628094,0.0083588039461577,-0.5294901685434275,0.6346898461555557
21CMA-DDR1-J004148+860131,00:41:47.68,+86:01:30.7,P,,,,,0.0635772912824066,0.0173441439186886,0.0674066157488607,0.0203466665337534,0.071986500383059,0.0167116838930868,0.777117732474439,2.229839960758035
21CMA-DDR1-J095438+883728,09:54:37.98,+88:37:27.7,P,0.1280266895568824,0.0131326556785281,0.086081957736347,0.0075262600633516,0.087493342422733,0.0053911310494575,0.0861661210654746,0.00477859505306,0.0790595035446004,0.0028546022039414,-0.7861713576129606,0.1864076292145357
21CMA-DDR1-J105331+872948,10:53:31.33,+87:29:48.1,P,,,0.0418160359008212,0.0110279408567393,0.0417382132015584,0.0105051314562298,0.0340499847156475,0.0079044927305881,0.025575220289532,0.0033824178319359,-2.25176764666338,1.064604736403486
21CMA-DDR1-J020529+883918,02:05:29.36,+88:39:17.7,P,0.0882787243164553,0.0202592173667098,0.0858016241185569,0.0168347156167142,0.0785001421497119,0.0080825265554473,0.0910049573380862,0.0110637219510021,0.0791722478799565,0.0057320290192397,-0.1630743868401303,0.399647525401437
21CMA-DDR1-J091537+885522,09:15:37.01,+88:55:22.1,P,,,0.0466712197414636,0.0116835922189192,0.04773667369061,0.0113247029718229,0.0494015104947878,0.0105543284736904,0.0417318842502685,0.0039407054907055,-0.6170249636062011,0.9288063497168848
21CMA-DDR1-J112059+855219,11:20:58.78,+85:52:19.0,P,0.0803865940539902,0.0191356906880281,0.0881310726599119,0.0191277148929013,0.0841556227803036,0.0163720806796361,0.0804048202557953,0.0160455997624377,0.0908276755832543,0.0184633887268637,0.1301992173962622,0.5548759903222693
21CMA-DDR1-J004522+863334,00:45:21.89,+86:33:34.0,P,0.9162316264054636,0.0261919424812815,0.6440360028536378,0.0176748694577815,0.6075850615837335,0.0141343674587184,0.5566684930147199,0.0120181224855625,0.5152211673116946,0.0108932708460214,-1.0805516880016424,0.0639536332122672
21CMA-DDR1-J111528+862941,11:15:27.53,+86:29:41.1,P,0.4383347344983714,0.0202968704462216,0.3197050406587635,0.0119488518648214,0.2958404813350646,0.0100447271791215,0.2918011489002863,0.0094851738197185,0.2859297267119352,0.0082230285318506,-0.7736717339016624,0.0977467615797695
21CMA-DDR1-J003303+851623,00:33:03.06,+85:16:23.3,P,0.2925510066602712,0.0257244609390136,0.2165699976592226,0.0158628162837349,0.1968402808471545,0.0136402254415441,0.193100611850959,0.0365779209279305,0.2181460339015788,0.0361073538019426,-0.8881179908218628,0.2632328479181079
21CMA-DDR1-J032513+890824,03:25:13.21,+89:08:23.8,P,0.0580572113580573,0.0151640339089174,0.0686655064452141,0.0163732024732891,0.0645031009988035,0.0118628225389665,0.0618732758546518,0.0105181598371814,0.049647585167244,0.0070125604933738,-0.3873098791784234,0.5348304516158634
21CMA-DDR1-J042758+891551,04:27:57.96,+89:15:50.7,P,,,0.0599143881811665,0.0176981710496421,0.0468222436014855,0.0114774500750691,0.0388965718352559,0.0086155685988633,0.0344773923785738,0.0063940224071602,-2.136850729502965,1.27070903370077
21CMA-DDR1-J112626+852422,11:26:25.95,+85:24:22.3,P,0.111258042518569,0.0314697893002873,0.1096630840121855,0.0261712368120019,,,,,0.1010515429470217,0.0265059405173033,-0.1858237279779082,0.7370471557116022
21CMA-DDR1-J004559+864346,00:45:58.95,+86:43:46.1,P,,,0.0631330698541087,0.0194359121663718,0.0710213299494186,0.0154396364099287,0.0565364734563549,0.0109274034516456,0.0518488287759746,0.0090344391950547,-1.211681762050424,1.2399304054664315
21CMA-DDR1-J093952+885346,09:39:52.01,+88:53:45.5,P,0.6672057954786391,0.0202448122376821,0.4528618744392777,0.0104136093228939,0.4391971376889633,0.0084104469153385,0.4033277687438796,0.0079796566104367,0.3807493845477797,0.0055977482997236,-0.9980616041172538,0.0593720237451112
21CMA-DDR1-J111451+864828,11:14:50.70,+86:48:28.3,P,0.2262806403407508,0.018636223546523,0.1725124566398079,0.0101500000842105,0.1533229937013804,0.008454989657937,0.1448399747584654,0.0075328217620561,0.1247355451556464,0.0068517169214803,-1.1144387139547085,0.174378566345563
21CMA-DDR1-J112809+852631,11:28:08.74,+85:26:31.2,P,0.1416854174975266,0.0284751831203269,0.146222356637372,0.025769791441306,0.1110366553627653,0.0138520232583644,0.1014936283653004,0.0207224361560382,0.1265289719106692,0.0261946349904485,-0.5185070462066939,0.4958232762811814
21CMA-DDR1-J103625+881349,10:36:25.00,+88:13:49.2,P,,,,,0.0297413384927762,0.0086656447232808,0.0258390624950031,0.0073942765571047,0.024125064441634,0.0062772397272541,-1.2960646075658655,2.434210906394072
21CMA-DDR1-J005330+872052,00:53:30.18,+87:20:52.0,P,0.0775249284623588,0.0190458230186809,0.1129995347060963,0.0132616661951649,0.1133653842818252,0.0107428591308765,0.1020195253401382,0.0095077833330742,0.0806315717271774,0.0052799003383752,-0.7138191362092269,0.3669563736518788
21CMA-DDR1-J104756+875938,10:47:55.84,+87:59:38.3,P,,,,,0.0328633953690163,0.0102348580964541,0.0318477293205061,0.0090278432405936,0.0278499426743709,0.0053651663650974,-1.114795631464186,2.2270638063080845
21CMA-DDR1-J011420+880625,01:14:20.47,+88:06:24.6,P,0.4036389842772456,0.0178097316041073,0.2843146453481348,0.008906056078082,0.2709971776337491,0.0087627575349161,0.271194279752758,0.0085459133036648,0.2443563084933206,0.0065116639301663,-0.862301257090752,0.0916324946575523
21CMA-DDR1-J081606+891644,08:16:05.65,+89:16:43.8,P,0.0516302114567581,0.0159424681710875,0.0637910874203131,0.0069128742855551,0.0548548923107507,0.0060817342698782,0.0514305375941683,0.0090476589425607,0.0485326673995968,0.0032406026534699,-0.6944686805752227,0.3958175623473471
21CMA-DDR1-J093326+890001,09:33:26.41,+89:00:00.8,P,,,0.065912722291593,0.0119747962133785,0.0633231413708185,0.0078465405799188,0.0658053444034749,0.0111802803579583,0.0563310252376417,0.0039453684140351,-0.6900091839889498,0.6315605925754545
21CMA-DDR1-J111432+865907,11:14:32.10,+86:59:07.4,P,0.0812238025249666,0.0192615868482768,0.1008918867967721,0.010571074485973,0.1061628297290761,0.0084904477963828,0.1071211314722313,0.0085640197371134,0.1043642401373284,0.006337314409338,0.2647022842378306,0.3402967175244016
21CMA-DDR1-J023048+890309,02:30:47.91,+89:03:08.5,P,0.28055067440784,0.0125366505521855,0.1734847903833314,0.0107879750645265,0.1547494930050647,0.0057402505103485,0.1473828081324933,0.008524514433504,0.1319606147669552,0.0052656782558944,-1.4463495255644134,0.109310028484871
21CMA-DDR1-J051107+892436,05:11:07.37,+89:24:36.3,P,,,0.0376856486923898,0.0110255417879355,,,0.0331707211010925,0.0070837536470994,0.0353910013491583,0.0073819464054398,-0.2677789036038834,1.4285399397035858
21CMA-DDR1-J111706+865332,11:17:05.95,+86:53:31.7,P,,,,,0.0485705605870834,0.0146041206862865,0.0483010611765606,0.0134575615719566,0.0421675791518284,0.0100466925732598,-0.933311058372646,2.378788662809796
21CMA-DDR1-J002904+853200,00:29:04.08,+85:31:59.9,P,0.1332475057279321,0.0324303932057253,0.1215830198011444,0.0243756486936804,0.1243155173683004,0.0227287964088844,0.113823654719328,0.022062834318449,0.1423305111275908,0.0263748809926827,0.0261601024414347,0.5467440967648761
21CMA-DDR1-J004547+871219,00:45:46.81,+87:12:19.2,P,0.0840326899483871,0.0213854477226995,0.0930472313496953,0.0187147664346183,0.0785554811326631,0.0124877553156566,0.069581360215255,0.0078222355007344,0.0522348260509471,0.0069296263991301,-1.0781488171771094,0.5023364297572297
21CMA-DDR1-J061640+892654,06:16:39.81,+89:26:54.5,P,0.7445967024220909,0.0171895891710321,0.5392065865540542,0.0127333800527611,0.5159028505499903,0.012720593033274,0.4625168058150475,0.009437950971537,0.4136156295785646,0.0076208554125393,-1.0967556187450198,0.053328512060639
21CMA-DDR1-J112009+865315,11:20:09.25,+86:53:14.6,P,0.3004324974730127,0.0207136109942462,0.2054244263735419,0.0138187642183614,0.1986315846172684,0.0118699732971817,0.1757393512724344,0.0104476515562791,0.1608446857201193,0.00848400661444,-1.1706538639615942,0.1569966475541377
21CMA-DDR1-J113357+851757,11:33:57.03,+85:17:56.6,P,0.2593423425259579,0.0232273699560193,0.167680291648187,0.018359851040196,0.14365078381076,0.0156911473054882,0.1351700910502668,0.0205539524473571,0.1575241924221422,0.0293361091522251,-1.3468313847225424,0.2807674928467238
21CMA-DDR1-J002853+855002,00:28:53.18,+85:50:02.2,P,,,0.095874569080008,0.0235798091711112,0.0932630469921159,0.022917812259481,0.0770993938867282,0.018561163675182,0.0923412272277599,0.0200077363629551,-0.319842192364115,1.2424857283679425
21CMA-DDR1-J092127+891129,09:21:26.63,+89:11:29.5,P,0.0504331446251443,0.0152468003694423,0.0619966016257815,0.0084243749982242,0.0481801206317964,0.00486806878421,0.0556222869984863,0.0040774971153641,0.0516046897145196,0.0027454770805445,-0.1785240677213289,0.3902029297125629
21CMA-DDR1-J103437+883444,10:34:37.19,+88:34:44.3,P,0.0623667220519719,0.0153191621454167,0.0710430692271175,0.009003210648444,0.057934112453333,0.0056600161347057,0.0558855594439206,0.0078878151610598,0.0506621482738866,0.0042149658011202,-0.7453501821802643,0.4044825520351689
21CMA-DDR1-J003050+860910,00:30:49.73,+86:09:09.9,P,,,,,0.0646992614521078,0.0164741635127798,0.0532842679535831,0.0164964752278523,0.0545036673393656,0.0159948255111381,-1.136173719762425,2.411918301291679
21CMA-DDR1-J010138+880503,01:01:37.78,+88:05:02.9,P,,,0.0552049570356367,0.015510243442492,0.0554969879407837,0.0148174730763956,0.0529261679898816,0.0121838970369428,0.0393226828300651,0.0077230349100816,-1.422936488402876,1.2809773203820063
21CMA-DDR1-J063945+892852,06:39:45.12,+89:28:52.2,P,0.1258623104215206,0.0234778166980303,0.0636487990185892,0.0182645588790208,0.0624506229330591,0.0165663554224675,0.0481435888816142,0.0145376001395826,0.0560335015127875,0.0134380543685403,-1.7430026200629338,0.5217361211587831
21CMA-DDR1-J104311+882842,10:43:11.00,+88:28:42.1,P,0.440262540679082,0.013601611026313,0.3232926673695614,0.0099481905051916,0.3047280688666117,0.0057702634080945,0.2886321578440753,0.0058300178373282,0.278694737037979,0.0045288784701129,-0.8373641923841495,0.063116265525257
21CMA-DDR1-J023440+891718,02:34:39.67,+89:17:18.0,P,0.6755037387630112,0.0272659419530611,0.5240553976216065,0.0174902779603194,0.4761130954120487,0.0156199587680677,0.4596089864168516,0.0180902021381302,0.4320672054010305,0.0101793123679156,-0.8395188872564009,0.0848883738841126
21CMA-DDR1-J024846+891636,02:48:46.45,+89:16:36.3,P,0.1944970242879855,0.0339852440942157,0.1915811295357079,0.0163320413775271,0.191051063698154,0.015813743926364,0.1865808958854467,0.0173853554677311,0.1700723008509044,0.0089281774367665,-0.3663787400201238,0.2751060549897224
21CMA-DDR1-J100616+885723,10:06:15.99,+88:57:23.2,P,,,0.0680306543245487,0.0165959990874741,0.0718480754881312,0.0097389320396859,0.0669606746537947,0.0132616615513379,0.0592681351563382,0.0088359570015973,-0.7942352603310633,0.9794044000774524
21CMA-DDR1-J102452+884617,10:24:51.55,+88:46:16.5,P,0.0512865119631454,0.0131053810850525,0.0644408270684238,0.0128688324776771,0.0555942995513079,0.010472223307663,0.0528956030939443,0.0109883401550451,0.0532572125899993,0.004552982550013,-0.1270182274651538,0.4574468069479573
21CMA-DDR1-J010405+882314,01:04:04.87,+88:23:14.3,P,0.7221895039883649,0.0145445327309268,0.6345105829494948,0.015638842041418,0.6217175335570949,0.0150326844447661,0.5860602821587232,0.0093945711711248,0.3027481996616654,0.006007377214955,-1.162813534858792,0.0486389868500913
21CMA-DDR1-J005816+882210,00:58:16.36,+88:22:09.7,P,,,0.0997993827705203,0.0202748352926963,0.1130857471264895,0.0158447950687469,0.1008875670549809,0.0095251946430663,0.0991066819780765,0.007462907958311,-0.3462207993851915,0.696105397173436
21CMA-DDR1-J100231+890201,10:02:30.83,+89:02:01.2,P,,,,,0.0401424680411212,0.0113101104936981,0.0401915038095805,0.0106863321264995,0.036670345429467,0.0075597430070626,-0.6121447534108542,2.154431692022165
21CMA-DDR1-J110159+880640,11:01:58.56,+88:06:39.7,P,,,,,0.0299144654611805,0.0067924230032736,0.026489561302156,0.0070292387174429,0.0222149688666017,0.0043999367186807,-1.865548660305853,1.87703333211488
21CMA-DDR1-J111128+875506,11:11:28.38,+87:55:06.3,P,,,0.0753861410391038,0.0145785152788932,0.0577335416216506,0.0070979692405776,0.0591706488967425,0.0102982481820498,0.0513504372885174,0.0042059297296695,-1.183047702986224,0.682051771029765
21CMA-DDR1-J010224+882537,01:02:24.25,+88:25:36.5,P,,,0.0799400578418135,0.0210750793704807,0.0780023777903349,0.0213577650074043,0.0769828356611113,0.0100030221202499,0.0718994162832456,0.0070424724570152,-0.4873104832823038,0.977688876978747
21CMA-DDR1-J005150+880634,00:51:49.74,+88:06:33.8,P,0.0926949497675358,0.0216602388392089,0.099599752286241,0.0132026491724737,0.1109615846477043,0.0092888529330423,0.0919681700567899,0.0067572231902684,0.0918777287693668,0.0061152324300915,-0.3326085838969783,0.3662854290463398
21CMA-DDR1-J004547+875450,00:45:47.24,+87:54:49.9,P,,,0.071539449115891,0.0170042988747892,0.0644535556634057,0.013302697295143,0.0675861642116247,0.0128623735451471,0.0585281621411742,0.0049276086891575,-0.7846178605348268,0.8525514195009596
21CMA-DDR1-J112849+865838,11:28:48.90,+86:58:38.2,P,0.508109452732414,0.0143229573689533,0.3932611662076977,0.0110376426261443,0.3550479169443408,0.0100140443137269,0.3219506720049959,0.0088639083860556,0.276960478082436,0.0066773164488818,-1.1316261765955915,0.0667312478356693
21CMA-DDR1-J015256+890922,01:52:55.97,+89:09:22.3,P,0.1162817310683596,0.0243911043505607,0.124582644762193,0.0222832816386777,0.132466572834632,0.0087164823092552,0.1199199034996057,0.0078253052122044,0.1117186031296545,0.0049619646010211,-0.449424345031481,0.3151527465972915
21CMA-DDR1-J005054+881435,00:50:54.20,+88:14:35.5,P,0.3694795181904674,0.0142365889151009,0.2553897739086223,0.0115155309726389,0.2337788024394368,0.0082619703192023,0.2258244242430785,0.0080971213625541,0.2093416397843684,0.0048828136962965,-1.0563644525043885,0.0832292202100782
21CMA-DDR1-J091855+892401,09:18:55.33,+89:24:00.7,P,0.0644456831082708,0.0152357294050001,0.0723041910155545,0.0074195071270602,0.0813497064957698,0.0065981709272092,0.0670660480433755,0.0051992292074756,0.065110647528858,0.0036528713474886,-0.3977620171867029,0.3302003615505141
21CMA-DDR1-J010808+884047,01:08:07.89,+88:40:46.8,P,,,,,0.0319909246676851,0.0086995103792878,0.0306561441091721,0.0073258350635476,0.031480753948649,0.0052741323138696,-0.0456276897448066,1.9391335636587173
21CMA-DDR1-J110351+882258,11:03:51.49,+88:22:58.1,P,,,,,0.0210487087962052,0.006016955161834,0.0236408855401236,0.0064329600079557,0.0202760307819208,0.0054686395348598,-0.2437195843052407,2.4509382280506657
21CMA-DDR1-J013055+890105,01:30:55.04,+89:01:04.6,P,,,0.0463451314022608,0.0114718006426625,0.0362549271750646,0.0094168380154914,0.0428961224254769,0.0109982091075426,0.0325149024659214,0.0064200887861146,-1.165000150428217,1.2043519140728547
21CMA-DDR1-J113812+860439,11:38:11.65,+86:04:39.3,P,0.0824511487847882,0.0198267176140595,0.0725109714073594,0.0131989231142291,0.0607369135455297,0.0103939210080992,0.0533273227566186,0.0114898891540348,0.0635368544504055,0.0123008825939762,-0.6797592104055108,0.5508030070840239
21CMA-DDR1-J004457+881016,00:44:57.45,+88:10:15.8,P,,,,,0.0430220925395022,0.0110881110122049,0.0500934735695995,0.0091960664763943,0.056938591784522,0.0054168002525979,1.7266781677660397,1.5418685236301275
21CMA-DDR1-J050623+893850,05:06:23.10,+89:38:50.3,P,0.327387734331846,0.0191253922554284,0.2865794224172396,0.0196883510129161,0.1522085482089917,0.0088754719649081,0.150190813510091,0.008647827071631,0.1503813490441491,0.0060322889428649,-1.6264462566614633,0.1308340983826618
21CMA-DDR1-J052529+893843,05:25:29.31,+89:38:42.9,P,,,,,0.1071546564267356,0.0083505455626978,0.0866378775104065,0.0079499790427679,0.0789671487040251,0.0053197956573167,-1.8868246632047936,0.6416025528860829
21CMA-DDR1-J002649+870515,00:26:48.70,+87:05:14.9,P,0.0613889839585293,0.0167394808225206,0.0777469394633638,0.0149914561899829,0.0784299973620922,0.0133923226908725,0.0772074260439032,0.0129060823838714,0.0702338459600575,0.0057181087766873,0.0164311390992721,0.4655499263782005
21CMA-DDR1-J003826+875700,00:38:25.66,+87:56:59.9,P,,,,,0.0633903160554415,0.0183763299496445,0.061794424593074,0.0156502729305602,0.0448567090806474,0.0076543298958895,-2.422271829998045,2.032501372403364
21CMA-DDR1-J092643+892847,09:26:42.65,+89:28:46.8,P,0.081852793296388,0.0175758689014369,0.1012469099960797,0.0071735006210558,0.1039924671093697,0.0043589435359722,0.0944635680915523,0.0043840610789152,0.0984188977976053,0.0032606615585976,-0.0858011805094746,0.2263957367662795
21CMA-DDR1-J073012+893928,07:30:11.62,+89:39:28.3,P,0.0783027512002025,0.0128643623854181,0.0895966315101925,0.015223821137595,0.0885267407137819,0.0073328516058096,0.0897308696422287,0.0065467074107619,0.0898412846208882,0.0048459367631328,0.2093874490303685,0.2963068938015872
21CMA-DDR1-J105523+884956,10:55:22.59,+88:49:56.1,P,0.0797269431713685,0.0252144147072207,0.086771761200237,0.0208248662577034,0.0848887249698553,0.0171735331373917,0.0685853893782384,0.0143174751593486,0.0760214327883513,0.0071985678853527,-0.245689227733008,0.5467852840319516
21CMA-DDR1-J113610+870155,11:36:09.56,+87:01:55.2,P,0.3471161960562339,0.0155453879778625,0.2640319356193737,0.0102569398656774,0.2430568383607396,0.0091482259331641,0.2267654297360782,0.0088961079570016,0.1965380207577726,0.0059559752387243,-1.0661468099586988,0.0982383288439322
21CMA-DDR1-J002735+873112,00:27:35.46,+87:31:11.6,P,1.3879626517795451,0.0274948165167934,1.039808939347678,0.0169789248210808,1.016522155054972,0.0138816024867536,0.9328737619525308,0.0120217781410746,0.809980009467917,0.0094124175058881,-0.9907379285836178,0.0411081041807246
21CMA-DDR1-J114454+851833,11:44:54.37,+85:18:32.8,P,0.3539926688840312,0.0215921926151081,0.252903193255407,0.0161818715488193,0.2189966126194875,0.0147682102709901,0.1917872434130025,0.014273014348666,0.1833800415577678,0.0151466850964066,-1.3101064346353195,0.1661527983999824
21CMA-DDR1-J001452+852712,00:14:52.11,+85:27:12.2,P,1.020885099196111,0.0245324461919407,0.6287071895298523,0.0197603460518158,0.5666551070010025,0.0203372169708517,0.5370799161906985,0.0179788750333889,0.6002696023269015,0.0229730013073514,-1.2747887234077206,0.0700688965664649
21CMA-DDR1-J001324+851319,00:13:23.96,+85:13:18.7,P,0.1838651799030953,0.0333321044331505,0.2085768744380466,0.03452837959896,0.1816859449370093,0.0186363113728374,0.1476531082997495,0.0293876346383961,0.148818259502975,0.0255803493702867,-0.4496575809190024,0.4409103537318597
21CMA-DDR1-J001751+862714,00:17:51.29,+86:27:14.1,P,0.437382531229158,0.019483309982288,0.2630982660833485,0.0112386222918039,0.2614751393474815,0.0096049167397882,0.266135338316135,0.0130830345493578,0.2499124650253339,0.0096065602357761,-1.0323377835181968,0.1063637841597264
21CMA-DDR1-J105716+885850,10:57:15.52,+88:58:50.2,P,1.280907043205737,0.0311232474479698,1.3842696114562822,0.0230280483693809,1.415331431289365,0.0189590952002776,1.4582404508507791,0.0236555504459437,1.470432174061305,0.0182136471986305,0.2639135848719655,0.0477433111918471
21CMA-DDR1-J113305+873701,11:33:05.15,+87:37:01.2,P,0.1300407254276559,0.034110063056067,0.1547198829148847,0.0291227532238631,0.1445937816070875,0.0115190736588628,0.1307296206348998,0.0181863988787724,0.1114819369212118,0.0065102771771749,-0.8829918900177348,0.3899016746097695
21CMA-DDR1-J041756+894219,04:17:56.37,+89:42:19.2,P,,,,,0.0752924083320073,0.0118228288753227,0.065366301190479,0.0115818226477691,0.0695635314430262,0.0049943336458895,-0.344822358298527,1.0367304420129908
21CMA-DDR1-J003538+882116,00:35:38.07,+88:21:15.5,P,0.063157998443729,0.0191169726293334,0.070410822014407,0.0126835905689813,0.0685652180813332,0.0062886897809961,0.0687774782016812,0.0075976867742819,0.0692637019270852,0.0050912639540467,0.086870286190202,0.4493887239583118
21CMA-DDR1-J113703+872806,11:37:02.79,+87:28:05.7,P,1.234215247165756,0.0254396987186604,0.9065577131258834,0.0163092745262244,0.8652330692194675,0.0147316929353534,0.7656509569446023,0.0120208464067727,0.677554625912863,0.0093482412563749,-1.1265766893545992,0.0447791224625492
21CMA-DDR1-J005039+884940,00:50:38.57,+88:49:40.2,P,,,0.0407170070311523,0.0126049314228257,0.0418313683050645,0.0102843605685036,0.0379104025115145,0.0085664359688806,0.0368562727059553,0.0063365109293331,-0.523114702841146,1.2616822326088502
21CMA-DDR1-J010721+890915,01:07:20.83,+89:09:14.9,P,0.084093719568534,0.0191491800808431,0.1069980069823907,0.0179033373515958,0.1182115880962943,0.0092767751728073,0.1099174457254547,0.0080100995871262,0.1002652961879672,0.0045634796468181,-0.1749864462003147,0.3365587498106184
21CMA-DDR1-J001240+854309,00:12:39.56,+85:43:09.1,P,3.943388007460204,0.0764965858980938,2.5625884441824565,0.0599749425813638,2.3539230984630546,0.0525519977272597,2.675045924911476,0.044689288416642,3.252871046084341,0.0705653882860732,-0.6018977010183144,0.0485146585646953
21CMA-DDR1-J003209+881310,00:32:08.94,+88:13:10.4,P,,,,,0.036381427916703,0.009145091130737,0.03535318766063,0.0094358132921392,0.0260865885274595,0.0063781596330806,-2.067837028154708,2.186917917106429
21CMA-DDR1-J113011+880626,11:30:10.78,+88:06:26.0,P,0.0668445778051195,0.0163854878693374,0.0720593248863968,0.0132882719806082,0.072840539537031,0.0047883522751031,0.0701107234148399,0.0048337393741265,0.0642932640168378,0.0042079060570505,-0.33151438625691,0.379786301063595
21CMA-DDR1-J004914+885234,00:49:13.83,+88:52:33.9,P,,,0.0524499116979835,0.013632157984985,0.0498551405090956,0.0118331608507006,0.0471311036830892,0.0100101199511448,0.0392897301456386,0.0071235408115938,-1.1752879129618266,1.179446212671237
21CMA-DDR1-J031100+894247,03:11:00.42,+89:42:47.3,P,0.0850256945185486,0.0241163980660979,0.0784805897148528,0.0160723186490388,0.0853179966809069,0.0172836809801429,0.0745709968487473,0.0088022216152309,0.0734406931076353,0.0048858358354841,-0.3294280290002732,0.4652892618145782
21CMA-DDR1-J001447+864002,00:14:46.66,+86:40:02.3,P,,,,,0.0586449911961452,0.0118980038225528,0.0587302703200688,0.0110389352555525,0.0430456772212793,0.006594642718939,-2.077995683919464,1.5717952706381078
21CMA-DDR1-J002215+875355,00:22:14.52,+87:53:54.7,P,,,0.0738107346915037,0.0142901072029397,0.0808830715739393,0.0090783643931107,0.0615948029041563,0.0060876144740014,0.0587478409740971,0.0040175633241191,-1.4125060941560947,0.6243073814173705
21CMA-DDR1-J092114+894044,09:21:13.87,+89:40:44.4,P,,,0.0424601740540127,0.0135941142049378,0.0446637468806448,0.0098084647670179,0.0434641369637275,0.0082328507015113,0.0424985018855784,0.0062106123938402,-0.1213519849150271,1.18032624608866
21CMA-DDR1-J003029+883335,00:30:28.70,+88:33:34.7,P,0.048662255872414,0.0129603837050717,0.0567835797700155,0.0137165797920834,0.0566596388773475,0.0122401095818401,0.0495894417046251,0.0102494474662079,0.0458769550277249,0.0076276197678898,-0.19023822335462,0.5697127584441943
21CMA-DDR1-J111118+890619,11:11:17.90,+89:06:19.0,P,,,0.0630055402331315,0.0186952372504267,0.0698607686836766,0.0160811403519875,0.0627851986402598,0.0138400248039883,0.05697241420418,0.0110485210602696,-0.6352464026247592,1.2860608178537674
21CMA-DDR1-J011620+892844,01:16:19.93,+89:28:44.0,P,4.953132906837844,0.2059219686382311,5.661954618341875,0.1371547218802315,5.886942511284032,0.1517367885566077,5.898617324012568,0.157140947380476,5.886553788638402,0.0958656702197826,0.2681367830148758,0.0739588470736307
21CMA-DDR1-J000827+851221,00:08:27.30,+85:12:20.6,P,0.1528008606396811,0.0355220596531118,0.1893608566212768,0.0372594527233531,0.1779873023708219,0.0230457592511847,0.1405049958887682,0.03411047145225,0.1199287957989223,0.0291683319276337,-0.3147321481694956,0.5748361238137841
21CMA-DDR1-J105130+892639,10:51:30.10,+89:26:39.3,P,0.0643003909932019,0.016579425309122,0.0849586603774141,0.0063402646604997,0.0731860404544079,0.0048173376221276,0.0718010562210005,0.0038309306240995,0.0665964315090404,0.0031868179943494,-0.609131851555206,0.2864835943246158
21CMA-DDR1-J115027+855241,11:50:27.28,+85:52:41.0,P,0.0829311121926076,0.0191066345266684,0.0702509553477079,0.0175114282858541,0.0729881361705426,0.0140373855024527,0.0707745829048981,0.0138184865170848,0.0727563280814335,0.0162446602297287,-0.2690017846134525,0.555992577968444
21CMA-DDR1-J001748+880323,00:17:47.90,+88:03:23.3,P,0.0656979076280133,0.0134070501033722,0.0776370949330427,0.0133076252734169,0.0798269524300772,0.0075552056550611,0.0680247412805484,0.0060383029952245,0.0702677554586904,0.0048892178093033,-0.1077333829712042,0.3623663336785783
21CMA-DDR1-J110416+892134,11:04:15.83,+89:21:34.3,P,0.0723468082792974,0.01713625388516,0.1118168253704816,0.006918888352192,0.0963197773679706,0.0057493265288796,0.0876853156753827,0.0046590147019809,0.0878018189600743,0.0031618681311764,-0.6030303839790586,0.2368522287702468
21CMA-DDR1-J000741+852126,00:07:40.90,+85:21:26.0,P,0.1392508516246653,0.02718890619215,0.1200097563414649,0.0227839415137158,0.1011233340831165,0.0181729155713323,0.1151248609921846,0.0232717209610237,0.0923090727003936,0.0239992830516714,-0.6664916954159259,0.5153036101099117
21CMA-DDR1-J095157+894157,09:51:57.14,+89:41:56.7,P,,,,,0.0458792061366733,0.0110426334992955,0.0363204800681103,0.0084083208671266,0.0361989159966318,0.0063567324134954,-1.370333784323717,1.838789693814578
21CMA-DDR1-J114633+873317,11:46:32.88,+87:33:16.7,P,0.4320217777035254,0.043094373485814,0.2754738307992038,0.0215158211668323,0.2444688408928592,0.0129770205407257,0.2196292266848266,0.0133373292199309,0.1847307659588991,0.0084050139753336,-1.6033931471528922,0.1918400792552693
21CMA-DDR1-J000626+854219,00:06:25.55,+85:42:19.2,P,1.186213410875683,0.0443189963080537,0.8896068521029342,0.0412134742012604,0.8156379019165143,0.0276026515359817,0.928028802939029,0.029018747460601,1.092642184581182,0.0360714207401586,-0.2711041281090288,0.0884992252089492
21CMA-DDR1-J114617+875500,11:46:16.59,+87:55:00.3,P,0.3406602548908176,0.0278031827769198,0.2283553766623852,0.012219127197008,0.2125416426088587,0.0087717283643276,0.1871050889468351,0.0079916603412313,0.1706447558818573,0.0058849917306198,-1.2891671485326797,0.1499065033617678
21CMA-DDR1-J115253+860654,11:52:53.01,+86:06:54.0,P,0.2949550421756053,0.0146540382333388,0.1905424592806408,0.0142285885193931,0.1811229276821327,0.0110772855275556,0.1681829589005374,0.0103751529421837,0.196832748824894,0.0104221172490196,-0.9337937084281184,0.1280217853017136
21CMA-DDR1-J114839+874212,11:48:38.73,+87:42:12.4,P,2.3483867520063715,0.0592468488399123,1.6173783168573197,0.0299246557488581,1.521249713234519,0.0211200757175232,1.3622979412804008,0.0229504647270387,1.200074366924652,0.0163933635863152,-1.2537809259308137,0.0507707015320751
21CMA-DDR1-J114406+882448,11:44:06.13,+88:24:48.2,P,,,0.0488444234279414,0.0113924351893858,0.0477789446046741,0.0069897333623375,0.0445920529326596,0.0052657091617352,0.0456035595561616,0.0050346881513411,-0.2890055343199619,0.8553619708342816
21CMA-DDR1-J003220+891641,00:32:19.80,+89:16:40.5,P,0.1968401628349406,0.0343223771064221,0.2410505585653862,0.0173262045623001,0.2159259090660565,0.0141522750225338,0.1873670443544537,0.0115872315855967,0.1737724054846637,0.0067265927354962,-0.8677516455988161,0.2369516846221823
21CMA-DDR1-J001222+881311,00:12:21.91,+88:13:11.3,P,0.2073338038936708,0.0126538368426568,0.1514546551295359,0.0072029988724301,0.1413926091337753,0.0057056662340973,0.1301079105047687,0.0054494657819649,0.1229352675339211,0.0042883833696413,-0.9768133341715974,0.1255214639283854
21CMA-DDR1-J004334+892923,00:43:34.13,+89:29:22.9,P,1.999207373603993,0.1505188909124681,1.638927247739899,0.1087327947268897,1.6455043217257244,0.0945138935341617,1.4200333675475825,0.0906762831017798,1.3361073449269925,0.0588135635598834,-0.7839190028528448,0.1584024867004162
21CMA-DDR1-J000515+854916,00:05:15.23,+85:49:15.8,P,0.1327808215727768,0.0299425336636073,0.1617939257251064,0.0440787328659938,0.1502112312941477,0.0359491188177881,0.1373507631463386,0.029357446923026,0.1716042940807824,0.0277599277448758,0.3776186761412131,0.510674847451581
21CMA-DDR1-J001556+883918,00:15:56.21,+88:39:17.6,P,,,0.0406525027993241,0.0099381677674518,0.0449317359021012,0.0081556864821337,0.0400152045208691,0.008975457784409,0.0329164737204452,0.0060021446093554,-1.0782227571902516,1.120399909003495
21CMA-DDR1-J115022+881231,11:50:21.93,+88:12:31.2,P,1.0468607801367154,0.0251923648281214,0.4645690735560885,0.0172824681348681,0.7573146302498164,0.0134109392614578,0.6634870240902524,0.0105651766220566,0.6347715715615048,0.0066681953094651,-0.8342249147563411,0.0482166711243331
21CMA-DDR1-J115311+870239,11:53:10.75,+87:02:38.6,P,0.1007372147606031,0.0167282607234598,0.1198784224774983,0.0090102226209294,0.1058370914495804,0.0056549048788325,0.0984141948941533,0.0064628848671348,0.0880531377751645,0.0041564540637464,-0.7395269989872786,0.2476971515559586
21CMA-DDR1-J114013+890915,11:40:13.39,+89:09:15.1,P,0.3885888893940826,0.019054256477631,0.2717073424484485,0.0099099281922043,0.2642082814896379,0.0119168406976032,0.2487242763168251,0.0075582895396336,0.2351595990258855,0.0062317574903703,-0.8855132423323269,0.0986437241812484
21CMA-DDR1-J000922+883036,00:09:22.42,+88:30:35.8,P,,,0.0450117078405744,0.0121705128687671,0.0340840118401147,0.0088508499776873,0.0387437790084772,0.0109530815055463,0.029285639558515,0.0051685097477474,-1.490213317432458,1.2030121682838868
21CMA-DDR1-J115610+872828,11:56:09.73,+87:28:27.5,P,,,,,0.0534614942206423,0.0150292981563253,0.0447766649940842,0.0111525287443065,0.0364931573538601,0.0070521137366743,-2.4085891880694783,2.092579563704634
21CMA-DDR1-J000158+860941,00:01:57.68,+86:09:41.4,P,,,0.0637725929855986,0.019909517973906,,,0.0642877929087865,0.019193965819343,0.0590614199737043,0.0141985013535421,-0.2855576159115036,1.563663995668128
21CMA-DDR1-J001152+893525,00:11:51.97,+89:35:24.8,P,0.4203324352876587,0.0327864324361379,0.291297791368959,0.0378098898298386,0.2180127814899296,0.0330483362645856,0.1979839432403417,0.0236010170551112,0.2090532389014072,0.0169941787337559,-1.428175675209282,0.2040220499962145
21CMA-DDR1-J115925+853231,11:59:24.90,+85:32:30.8,P,0.8180964178831104,0.0560021968832147,0.6174370370800384,0.0335343582207709,0.4963859673823932,0.0336608171193994,0.5367443741452215,0.0353142145565422,0.5889836000052475,0.0403034737953113,-0.7725081756658105,0.1677500650134657
21CMA-DDR1-J000003+871312,00:00:02.54,+87:13:12.5,P,0.585821966736153,0.0216226462298961,0.4592129317241799,0.0161498557995396,0.4518097207568883,0.0140180162915207,0.4149508979640393,0.0101355830448388,0.3582491263739289,0.0076662010177207,-0.9134465782834036,0.0772278076836808
21CMA-DDR1-J000226+885900,00:02:26.40,+88:59:00.1,P,,,,,0.0471280538606486,0.0131494518195203,0.0404788226792401,0.0095129169751529,0.0367110708471432,0.006841533613127,-1.5254847882720988,2.0501940219137724
21CMA-DDR1-J115953+850137,11:59:52.75,+85:01:37.2,P,0.3464727314793053,0.0259719122846169,0.2243649580821299,0.0195073471062447,0.186295426694475,0.0164106046464192,0.1416971946729535,0.0257339272252753,0.1199987880597228,0.0205938137785216,-1.8549224278058287,0.2480290562474099
21CMA-DDR1-J120047+880819,12:00:47.25,+88:08:19.5,P,,,0.0905270219604961,0.0108947189916027,0.0757285049406696,0.007733356387475,0.0744702518871625,0.0060237327555199,0.0716260746281269,0.003935127016624,-0.746636949429668,0.4621577984357758
21CMA-DDR1-J233408+894641,23:34:07.58,+89:46:40.6,P,,,0.0735290620483269,0.0201906721974335,0.0789032402542327,0.0179684370719374,0.0648783653040514,0.0148996131655417,0.0769096839650232,0.0093449008737745,0.1069670602443501,1.0400885244763562
21CMA-DDR1-J120359+882220,12:03:59.38,+88:22:19.6,P,0.1681495578129804,0.0165087904962334,0.1021000968374935,0.0075279592532894,0.0987133564809003,0.0060870947689718,0.100476598142402,0.00620294907077,0.092603595540421,0.0036700960339116,-0.9312419689654,0.1824571536202676
21CMA-DDR1-J120127+870944,12:01:27.24,+87:09:43.5,P,,,0.0400561347890853,0.0111224615175889,0.0409819982453258,0.010376259216263,0.0290918397714597,0.0068113039268693,0.0215511953146047,0.0048592563680792,-2.7196327726778167,1.3409491246721434
21CMA-DDR1-J121619+893524,12:16:18.61,+89:35:23.8,P,0.0566802277349525,0.0131999201796027,0.0885523998193534,0.0064941536434412,0.0783368916896976,0.0045971684156432,0.0750119336494544,0.0039170043933729,0.0709786225502831,0.003393778891748,-0.4281856288012005,0.2753978828388664
21CMA-DDR1-J120207+852235,12:02:07.02,+85:22:34.5,P,1.006213649542718,0.0547727086762421,0.5702144356368032,0.0248501761360054,0.5454245448325546,0.028333912267455,0.5180031003987041,0.032431332524588,0.5171902804813789,0.0545809052902549,-1.471104499660171,0.1554212869514852
21CMA-DDR1-J121427+885003,12:14:27.26,+88:50:03.1,P,0.3353601175359987,0.0146308263347855,0.2144060270043193,0.0073331754223634,0.1995383412433805,0.0060594309271903,0.1855280340672616,0.0055843810387464,0.1787312045615697,0.0038710748857083,-1.1159332026877629,0.0864029238226415
21CMA-DDR1-J120917+884747,12:09:16.52,+88:47:47.0,P,0.2544850404939184,0.0144445020896316,0.1762506580763238,0.0073586569188812,0.169542966799058,0.0061630771961704,0.1689636220431463,0.006135686361105,0.1556148472526143,0.0039945163473113,-0.8186981223498525,0.1086002808103909
21CMA-DDR1-J235639+870009,23:56:38.67,+87:00:08.9,P,,,,,0.0480794958288198,0.0131993800909089,0.0408309523573586,0.0103144523276737,0.0320934380605292,0.0074662260313138,-2.5453310918123835,2.238394227243458
21CMA-DDR1-J235222+883656,23:52:22.33,+88:36:55.9,P,,,0.0480710160835472,0.0148343095036537,0.0360028437715063,0.0112735856750495,,,0.0267318339139477,0.007822995952275,-2.273705676326865,1.664044569483141
21CMA-DDR1-J120332+853435,12:03:31.83,+85:34:35.3,P,1.428418941858448,0.0448424374266671,1.0504245943312536,0.0282649778459282,0.9155693152748934,0.029242575464244,0.9460757954295071,0.0307605611674799,1.1114014088464523,0.0375066435647301,-0.6682451637133203,0.0791172253323675
21CMA-DDR1-J235340+870759,23:53:40.02,+87:07:59.1,P,0.0676672043819401,0.0204608810504817,0.0893630110444672,0.0208923685682865,0.0970142242443536,0.017685525206954,0.0936695602348883,0.0132651588067931,0.0800300688842477,0.0049007950544031,-0.0895014366427168,0.4844898774454504
21CMA-DDR1-J121053+881629,12:10:52.79,+88:16:29.1,P,,,0.0777257111256795,0.0150335368289169,0.0723432741387081,0.0066799100737312,0.0641847841813064,0.010886897928485,0.0743038810902937,0.0043733538352466,0.0525117902439009,0.5582808874155627
21CMA-DDR1-J235407+864453,23:54:07.19,+86:44:52.9,P,,,,,0.058168827534685,0.0165611859572941,0.0565697205843973,0.0128234149383192,0.0447626727210652,0.0094137951885756,-1.7649080011310276,2.1801697801926903
21CMA-DDR1-J234702+880342,23:47:01.70,+88:03:42.0,P,0.0549575825404805,0.0142062178264208,0.0564337524520195,0.0128939535131821,0.0562512175833248,0.0067754004814786,0.0574383852800442,0.0066302594348627,0.0537003239509103,0.003824200095755,-0.1098208263192753,0.4381371470952382
21CMA-DDR1-J121146+875058,12:11:46.15,+87:50:57.8,P,,,0.0708296078758859,0.0146533588309903,0.0659375879679732,0.012697848124518,0.0577203780686169,0.0069112774904075,0.0532189481437123,0.0039494038633427,-1.1837548704184295,0.7497201092064931
21CMA-DDR1-J124732+892603,12:47:32.20,+89:26:02.9,P,0.0448423789477777,0.0116893499418347,0.050371484987765,0.0113027959205917,0.0395120551227338,0.008005779236512,0.0405400174527792,0.0068795560067697,0.0335022326198924,0.0030436515514425,-0.7678759748232015,0.4774411924849282
21CMA-DDR1-J233847+882836,23:38:47.42,+88:28:36.5,P,0.4903659221265791,0.0129717759650328,0.3517818521867852,0.0096190432580944,0.3174627056091305,0.0066447422157151,0.3000540162694304,0.0062204891888176,0.2760321484069856,0.0037184596229969,-1.0740136959957114,0.0540514034687972
21CMA-DDR1-J123131+890207,12:31:30.93,+89:02:07.0,P,0.0483886255193684,0.0148532588719817,0.0506512711951748,0.0120181288824661,0.049520780988675,0.0054826689850066,0.0422165861472391,0.0087634402189589,0.0408668151591864,0.0041081844728377,-0.5856456483842801,0.5274270763113225
21CMA-DDR1-J235015+863017,23:50:14.78,+86:30:16.7,P,0.1306246763558788,0.0276385930385434,0.1022726648358526,0.0097670525222858,0.096408271130874,0.0118698529322293,0.0921655538861673,0.0112598744478528,0.0847635681604158,0.0071599528300554,-0.7824416073588084,0.3610208710552445
21CMA-DDR1-J213538+894254,21:35:37.70,+89:42:54.4,P,0.3172453023622362,0.0221334059499995,0.2958609314310298,0.0186664235962939,0.1502797293195818,0.00890096210005,0.12932247726718,0.0103371995106479,0.125521593222761,0.0044445147277686,-2.0194290501392658,0.1419715867344003
21CMA-DDR1-J212248+894107,21:22:48.07,+89:41:07.4,P,,,,,0.1085959533027914,0.0090291290582382,0.0969717166263864,0.0097989817660507,0.089875257332079,0.0044158512283339,-1.164738416857411,0.5911818179056303
21CMA-DDR1-J122536+881140,12:25:35.74,+88:11:40.1,P,,,0.098680458542425,0.0267643379051089,0.0955818596651772,0.0114985915765749,0.0787133702261094,0.0109710382698381,0.0912814338130645,0.0073878162914288,-0.2324292509393882,0.7554449155143427
21CMA-DDR1-J122050+881121,12:20:49.73,+88:11:20.6,P,,,0.0697880698429236,0.025640404788885,0.0764176767806056,0.0143234550673226,0.068619497274366,0.0151391367989305,0.0672638013905953,0.0068097404742808,-0.5061816806829098,1.0511580107665912
21CMA-DDR1-J235039+854751,23:50:39.34,+85:47:51.3,P,,,0.0608407151025009,0.0167990196326515,0.050875620969588,0.0145738918809628,,,0.0710141801541419,0.0161730631702664,0.848038388420297,1.3822156225758733
21CMA-DDR1-J120908+855010,12:09:07.85,+85:50:10.4,P,0.0802046164978268,0.0182115018434337,0.0665417799965594,0.0153171001884336,,,,,0.0725574466980234,0.0203381275876632,-0.2395399062621495,0.6814179961413959
21CMA-DDR1-J121328+865755,12:13:27.59,+86:57:54.6,P,0.0481489576861041,0.0139164744259231,0.0526589814657504,0.0123788635103919,0.0483978028362977,0.0102246487708521,0.0467264306727047,0.0092961204455736,0.0403541404098586,0.0053359495481421,-0.4652784017965601,0.5620775760146822
21CMA-DDR1-J234747+863146,23:47:47.38,+86:31:46.2,P,,,0.0603144523967202,0.0127182607827553,0.0540825037222319,0.0139206444105742,0.0575693394205197,0.0156071807350939,0.050889893082426,0.008228329801985,-0.6071086105392011,1.0210062101025288
21CMA-DDR1-J234719+862244,23:47:18.74,+86:22:44.5,P,0.0797045203107737,0.0206855456915432,0.0717504076741042,0.0150463084667312,0.0692347885149385,0.0141421783984234,0.0738912024808031,0.0131725517978821,0.0630353224808091,0.0078119813971629,-0.4169744725176527,0.5104809328486515
21CMA-DDR1-J234408+865639,23:44:08.13,+86:56:39.5,P,0.3363220770120636,0.0154516886943334,0.2628439661183654,0.0132813439442339,0.2522334505777434,0.0091835860265652,0.2424476415872361,0.0094813073738243,0.200697806552167,0.0070092625050659,-0.9171577056081756,0.1047652887710612
21CMA-DDR1-J122905+882225,12:29:05.44,+88:22:24.8,P,,,0.0480122356704325,0.0119393884800919,0.0463586540573106,0.0066806600115886,0.0463113880262848,0.0063758169524876,0.0421769056078829,0.0036196702644973,-0.5766641907812904,0.7958399411585628
21CMA-DDR1-J124225+884941,12:42:24.69,+88:49:40.5,P,0.0679396777115669,0.0151085500360101,0.0721271523065144,0.0114940463812631,0.0695391346079637,0.0037553113562788,0.069508624997904,0.0056614408192605,0.0585437166981237,0.0026011169081506,-0.6803548573741333,0.3074314221425477
21CMA-DDR1-J121716+871059,12:17:15.87,+87:10:58.6,P,0.1198122310752167,0.0153901892326549,0.1372994684866383,0.0088401020811364,0.1114225255787498,0.0062554528860199,0.108376486266406,0.0062306416991315,0.0913967461143993,0.004115680763896,-0.9175257548812504,0.2123092125473319
21CMA-DDR1-J231025+885721,23:10:24.61,+88:57:21.1,P,0.3011896363826355,0.0142286173260621,0.2225306122143668,0.0105011466202279,0.2076072124865424,0.008487399406316,0.2015429419330787,0.0068974420399644,0.2021259550690936,0.0052901929840542,-0.7275531010536559,0.0983061922742736
21CMA-DDR1-J124509+885542,12:45:08.70,+88:55:42.1,P,,,,,0.0352242630741824,0.0086523593571043,0.0284889952417783,0.008638315255563,0.0271224642993071,0.0046294640434076,-1.572302234254357,1.847923988598266
21CMA-DDR1-J233821+873042,23:38:20.99,+87:30:41.5,P,0.2201867699300129,0.0133419590839946,0.1744264901719969,0.0078132473528406,0.1660892213050567,0.0079648476820207,0.1477420308861774,0.0067941216121749,0.1243403938149367,0.0041420328732229,-1.1121577529768103,0.1232426757501273
21CMA-DDR1-J125555+885926,12:55:55.09,+88:59:26.0,P,0.4466952178430686,0.0171583567478742,0.3171971158611307,0.011236315891727,0.30224854390572,0.0100279250431882,0.2916410571029114,0.0096299193703071,0.279036363033548,0.0061687174161696,-0.848799126638566,0.0807263495606832
21CMA-DDR1-J222419+892316,22:24:18.89,+89:23:16.2,P,,,0.0728775952356905,0.0166311462028231,0.0709312108751451,0.0154639635595786,0.0725436201501408,0.0130425251057751,0.0736011768220144,0.0085676698592779,0.0888848714248196,0.9265597407545209
21CMA-DDR1-J133050+892233,13:30:49.60,+89:22:32.8,P,,,0.0334810730189575,0.009083245904834,0.0367556412863457,0.0087530525920036,0.0307428243211755,0.0054114083544909,0.0284795444613669,0.0048693485323349,-0.8919503473307929,1.175792782858098
21CMA-DDR1-J174314+894511,17:43:14.14,+89:45:10.6,P,0.0457791356349123,0.0147365275278804,0.0442829049571769,0.0078870799294586,0.0503308052857225,0.0100290506583531,0.0419687143829063,0.0093108624402997,0.0388802421886274,0.0057932583683014,-0.3886368293742658,0.5995563722146455
21CMA-DDR1-J232544+881428,23:25:44.34,+88:14:27.6,P,0.0713488391876093,0.0182946267909805,0.058085964713211,0.0106399896156783,0.055756725638828,0.00566785983799,0.0484343930239609,0.0088194413348486,0.0482303681721909,0.0041279544879428,-0.7811052102637019,0.4418877078686796
21CMA-DDR1-J231153+884639,23:11:53.22,+88:46:38.8,P,,,0.0511769475242793,0.0151633128560509,0.0511773042926861,0.0121450339709203,0.0393065278592367,0.0127254624641914,0.0392031382321476,0.0073426323597232,-1.263460071367517,1.275712608769299
21CMA-DDR1-J234118+865217,23:41:18.11,+86:52:17.2,P,,,0.0629388551189681,0.0176730757789373,0.0551525538881822,0.0156756862756733,0.047018344427317,0.014846447516136,0.044025831866768,0.0116832367191003,-1.4605898778924364,1.4714108683458451
21CMA-DDR1-J123341+881209,12:33:40.62,+88:12:09.1,P,0.7258183311133185,0.0263148477484334,0.5593225109168255,0.0161363564480897,0.5181340200131599,0.0099510014200565,0.4907917937211024,0.0115154116433049,0.4591018509421307,0.0073670820991008,-0.8494139062368146,0.0693307166367739
21CMA-DDR1-J124323+881340,12:43:23.09,+88:13:40.5,P,0.118687260274277,0.0336798839014744,,,0.1484371330219987,0.0111498911288374,0.134425565335943,0.0116320789499752,0.1278579766212012,0.0075108268340255,-0.3503134455740285,0.429710302566287
21CMA-DDR1-J123845+881252,12:38:44.92,+88:12:51.7,P,,,,,0.0529213540211527,0.0131104087779246,0.0609392817810474,0.0130121527557128,0.0613712810696643,0.0079624887636775,0.7952402348250867,1.668082208265118
21CMA-DDR1-J121700+862316,12:16:59.99,+86:23:16.5,P,0.0933460332174725,0.0236921935601418,0.1037385549690014,0.0233865154261852,0.0813827831790025,0.0089121951887831,0.0798274319442518,0.0194393082783784,0.0821458403768607,0.0075943369929326,-0.3084333551199725,0.461789090809918
21CMA-DDR1-J221643+891858,22:16:43.15,+89:18:58.2,P,0.9148759166080364,0.0303877061599003,0.6310712372660958,0.0159840947148509,0.5705118453649902,0.0136549269685647,0.5493972772609786,0.0127563405394697,0.5173394076261738,0.0091270987160639,-1.0299556366593523,0.0668897524565246
21CMA-DDR1-J220625+891953,22:06:24.74,+89:19:52.8,P,,,0.1839739333781674,0.0205795570534256,0.1780011148586426,0.0171947470191386,0.1617340691194298,0.015159855048424,0.1505099146267178,0.0103223903173931,-0.8644815787405629,0.4793936295744018
21CMA-DDR1-J233552+870807,23:35:51.94,+87:08:07.5,P,0.4849702039310781,0.0180594023611003,0.3789222769215107,0.0125168935002853,0.3700495280467978,0.0119972344296897,0.3339574749585862,0.009574070864382,0.2754922268535923,0.0068646817499834,-1.039019983683691,0.0810077529739486
21CMA-DDR1-J234206+854916,23:42:06.24,+85:49:16.2,P,0.261928574666895,0.0181170804845984,0.1792050997271418,0.0133676242310472,0.1641236410662337,0.0095507046485005,0.1811991521510994,0.01237262230643,0.2360205352312283,0.0177890902238954,-0.4945803354136261,0.1739326407116602
21CMA-DDR1-J234048+860601,23:40:48.31,+86:06:01.3,P,,,,,0.0568011296176092,0.0126640304457516,0.0486439608315163,0.0150107859759577,0.06308357757903,0.014130534925335,0.6299781321946639,1.9706377431073805
21CMA-DDR1-J234245+851756,23:42:45.08,+85:17:56.3,P,0.8843151642705769,0.0241188082276356,0.5393402316773888,0.0200829592851805,0.4890794768719674,0.0202431957863313,0.453562611572264,0.0221517381107874,0.4874080749964058,0.0229136975925201,-1.3656984762698714,0.0841918081628211
21CMA-DDR1-J125217+882606,12:52:16.98,+88:26:06.2,P,0.0616785138780175,0.0179772961265585,0.081887567274174,0.0107767520752356,0.0749338872694459,0.0063423614108787,0.074762133965828,0.0048696479274421,0.0650359753318077,0.0036358904061185,-0.5016377530456213,0.3791004630434052
21CMA-DDR1-J222121+890843,22:21:21.49,+89:08:43.0,P,1.8886268163805149,0.0499052458764683,1.2719132235056243,0.0208483011287075,1.1559542109114969,0.0146359671139431,0.9216845612080712,0.0140522039976976,0.8456643670057816,0.0101726065441936,-1.605452825182612,0.0493485829127459
21CMA-DDR1-J225257+884541,22:52:56.53,+88:45:41.5,P,0.2196052496238885,0.0166836585188978,0.1412052854346168,0.0090629790418633,0.1248270408594062,0.0090545241246947,0.1314378305736885,0.0079750454696923,0.1209014016398071,0.0049920127196551,-1.0398476006757198,0.1559675962570627
21CMA-DDR1-J123020+871759,12:30:19.51,+87:17:58.8,P,0.1170874069449873,0.0185781799922221,0.1428845184783463,0.0114634402498457,0.1283978179597233,0.0075814238024603,0.1231774896196655,0.0076621469681478,0.103965099942424,0.0055105460015697,-0.6451944227371763,0.2566817059064313
21CMA-DDR1-J232227+874302,23:22:26.88,+87:43:01.5,P,,,,,0.0339551169390679,0.0093413014230224,0.0273380272609672,0.0077862068275206,0.0212955843371891,0.0050566447249191,-2.919568441152258,2.2627532369842958
21CMA-DDR1-J223214+885928,22:32:13.59,+88:59:27.8,P,0.0832233996455679,0.0204287088344948,0.0728548277492477,0.0159308508702413,0.0755375159923714,0.0148699937901668,0.0651382836959566,0.0130596107834008,0.06920960373833,0.0091516297865534,-0.3681378697619696,0.5046652141583806
21CMA-DDR1-J122448+862749,12:24:47.90,+86:27:48.7,P,0.367629987366835,0.0304425268059413,0.2958000882173764,0.0198223214314869,0.2603945853563066,0.0124791644190227,0.2678275967296756,0.0153321921934466,0.2425294212500222,0.0091150579730671,-0.7572187207129518,0.1601462175460578
21CMA-DDR1-J122820+862752,12:28:19.69,+86:27:51.7,P,0.2114752298387758,0.0328173728687435,0.1852933392685271,0.0224393074332216,0.1789491899590332,0.0166828005881295,0.1805966234633126,0.021426448453769,0.174056227897962,0.0151181483113649,-0.3404275533571309,0.3185687223946983
21CMA-DDR1-J232937+870835,23:29:37.46,+87:08:34.6,P,,,,,0.0512148500143713,0.0166194961564126,0.0414435570417767,0.0116128198884471,0.0380200265455683,0.0093037724201236,-1.8002489901702343,2.5103605893510297
21CMA-DDR1-J125916+883010,12:59:15.60,+88:30:09.9,P,0.0619442086573662,0.0184064269753239,0.0665014384318777,0.0142562847029556,0.0600446398683452,0.006766626183444,0.0617278121462582,0.0052751180651577,0.0598640974804538,0.0032486634070468,-0.1365130400166594,0.4351690481449627
21CMA-DDR1-J122001+854334,12:20:00.79,+85:43:34.5,P,0.0986133522568525,0.0231520932647354,0.1002750358432808,0.0200496924400851,0.0809047766212921,0.0174053787035992,0.0939219092582056,0.0217806195590374,0.082353000793813,0.0261494644668124,-0.3048923235330418,0.6166245950807151
21CMA-DDR1-J231721+875254,23:17:20.58,+87:52:54.0,P,0.2896880706162969,0.0147174880197358,0.1956584397100305,0.0101253639324062,0.2074723870136053,0.0118976737632845,0.197801072212135,0.0102445092846897,0.1724534322951679,0.0054019869173566,-0.9164641415610342,0.1099317730676467
21CMA-DDR1-J124409+875513,12:44:08.91,+87:55:12.9,P,1.636467375788407,0.0309956362807477,1.3204951645554464,0.0160112853112891,1.2710017568467158,0.019709646219584,1.2033666271223662,0.0191385646285601,1.1226896529338568,0.0152886510863204,-0.6934841327912953,0.0414765436259711
21CMA-DDR1-J124815+880745,12:48:15.11,+88:07:45.0,P,,,0.0899342495846836,0.0255025481735626,0.071535567424785,0.0168903669023975,0.0664475910771064,0.0167015768270725,0.0580151326129229,0.0062886515319067,-1.6042404949918323,1.0295513623519876
21CMA-DDR1-J122908+865705,12:29:08.41,+86:57:04.7,P,,,,,0.0273670943654715,0.0078194391378187,0.0255884517842303,0.0076948542472991,0.0235987142721253,0.0059056595345323,-0.927172059171788,2.365966169212564
21CMA-DDR1-J163123+893352,16:31:23.34,+89:33:51.9,P,0.2395369297832788,0.0107177517608715,0.1897827617477906,0.0079049408800583,0.1873112932042348,0.0064599601336609,0.1833801860082076,0.0060337391743451,0.1656772620490786,0.0039481477496676,-0.6621834096852184,0.0917401491237032
21CMA-DDR1-J231618+874937,23:16:18.28,+87:49:37.3,P,0.3826864279530431,0.0137913191973975,0.358952658178006,0.0103712374454028,0.370513724767043,0.0092516426760066,0.3544918641208191,0.0081976254813614,0.3309518968934106,0.0054161895465369,-0.2888888417658307,0.0697244288158511
21CMA-DDR1-J135927+891122,13:59:26.88,+89:11:22.0,P,0.1860649768802771,0.0158767838194083,0.1076237337872641,0.0102200208803881,0.0998687854667389,0.0068588921441266,0.0942157704763957,0.0056533081177038,0.0923140955961048,0.0043763653700978,-1.274433421928404,0.178554661378286
21CMA-DDR1-J233450+861217,23:34:50.21,+86:12:16.6,P,0.143684798747287,0.0233192740689774,0.1647255894947616,0.0188441569857968,0.1760481214783515,0.0217337736349561,0.1591703057968146,0.018214364007063,0.2104329643361517,0.0262762506102987,0.5590894846109096,0.3589689754650583
21CMA-DDR1-J233319+862302,23:33:18.58,+86:23:02.5,P,1.216521234224675,0.019964543145647,0.9368937107675476,0.0177789668936943,0.9203365575588048,0.0161971072340053,0.9474515628383628,0.0167895622618153,0.982865544190742,0.0152210642646791,-0.4422923512312108,0.040312702550626
21CMA-DDR1-J145250+892401,14:52:50.31,+89:24:00.9,P,0.0462817793482633,0.0105784506614821,0.0596986270328003,0.0096815867034663,0.0551513215084966,0.0040545527656586,0.053016581557952,0.004001953535973,0.0497097868746725,0.0028219713986871,-0.2332017375609981,0.352880205687916
21CMA-DDR1-J125253+881307,12:52:52.82,+88:13:06.8,P,,,0.098909697858015,0.0256859028352824,0.0829723235244351,0.0137194760612468,0.0730382908245667,0.0102751875982783,0.0747617659803179,0.006456447765366,-0.8362917010221139,0.843269994823603
21CMA-DDR1-J122119+853614,12:21:18.98,+85:36:14.3,P,0.3760983781251177,0.0274462814587078,0.2379041678570269,0.0162664471149372,0.1893504996057828,0.0166399947624759,0.1928023465321149,0.0171881659925074,0.2200707533479245,0.0227304824107589,-1.3268945900193283,0.2014109770880939
21CMA-DDR1-J124853+880404,12:48:52.73,+88:04:03.6,P,,,,,0.0583788226485304,0.0168528062868304,0.0533429743062802,0.0150844687013098,0.0379276015666214,0.0071093904075099,-2.856880331363344,2.1069133430276046
21CMA-DDR1-J122525+860845,12:25:24.97,+86:08:45.3,P,3.611509898917449,0.0524881176399492,2.600409322191643,0.0560459805424691,2.4518772142397123,0.0810907243009816,2.5722213656970383,0.0645191567044124,2.940248602194778,0.0564401142513501,-0.5419220450680227,0.0417968011907603
21CMA-DDR1-J233732+854328,23:37:31.70,+85:43:27.7,P,,,0.0612630170300944,0.0163292725154222,0.0626558417549805,0.0175050454930041,,,0.0624737524806241,0.0170731645073836,0.0682728097159217,1.503988329969064
21CMA-DDR1-J184001+893343,18:40:00.69,+89:33:43.0,P,0.040819479980787,0.0119827455041486,0.0524413080331419,0.0109332709666612,0.0501626805559071,0.0085019827093443,0.043428846992914,0.0080590380707866,0.0456165340904048,0.0032480148452313,-0.0681845076529155,0.4773437169402262
21CMA-DDR1-J132342+884859,13:23:42.25,+88:48:59.1,P,,,,,0.0205943576029024,0.0058116772220868,0.0194792371993092,0.0055982921444785,0.0156066111661392,0.0042550119279987,-1.7275924243495275,2.4471765660043263
21CMA-DDR1-J123659+871840,12:36:59.10,+87:18:40.3,P,0.0970350384778208,0.0189341798953608,0.1150956063117881,0.0191824178257102,0.1076967272486979,0.011987339689783,0.0947729502762294,0.0100462178625025,0.0781066421352323,0.0064988480850031,-0.6714699973171068,0.3713907698002251
21CMA-DDR1-J125836+881508,12:58:35.92,+88:15:07.6,P,0.4600397092651114,0.0226041686450199,0.3221387130679551,0.0137068479784766,0.2981099711782541,0.0099313868872383,0.2833503825421923,0.0078136153765749,0.2630288001430695,0.0055116248833358,-1.0075768701985288,0.0940548791364503
21CMA-DDR1-J141434+891214,14:14:33.56,+89:12:13.6,P,,,,,0.0287798461490313,0.0087090498324893,0.0261917967345237,0.0076534572607839,0.027422303592321,0.0048295693388918,-0.196960789665252,2.122758780998774
21CMA-DDR1-J233820+850800,23:38:19.84,+85:07:59.8,P,1.2904833448429631,0.0349783890772207,0.5771148858103333,0.0237162246535645,0.5316999870931993,0.0312257098885251,0.5029529976731454,0.034874571997254,0.36951829440461,0.0570471985254547,-2.4488009682093543,0.1142158854472003
21CMA-DDR1-J233607+853630,23:36:07.35,+85:36:29.9,P,,,0.0825791841875779,0.022628959637595,0.0787197222221804,0.0202784283724394,0.0786351346889334,0.0155822284823022,0.0927361311521122,0.0239047533709266,0.3634322428363583,1.395182219261269
21CMA-DDR1-J233339+855716,23:33:39.42,+85:57:16.4,P,0.0751964662015288,0.0200311781213585,0.0797307942968967,0.0184099874759448,0.070061786558737,0.012286728826132,0.0762514244195833,0.0162214620236482,0.0852249640536654,0.015847391002247,0.1768928054864841,0.5864754099777367
21CMA-DDR1-J225148+882010,22:51:47.78,+88:20:10.1,P,0.1366211199941422,0.0313064661139773,0.1463113551171873,0.0259970121599626,0.1633059292084835,0.0217395489705406,0.1288656558327677,0.019432854838202,0.1813598504419417,0.0160157361218555,0.5395554915333501,0.4215649884554555
21CMA-DDR1-J131706+883609,13:17:05.60,+88:36:08.9,P,,,0.0552207319268821,0.014392972254244,0.059121073162984,0.0144191076428927,0.0549391418237142,0.0064045789249059,0.0508708779437893,0.0047993706832562,-0.5520787790310783,0.9410734372904448
21CMA-DDR1-J222753+884734,22:27:53.33,+88:47:33.6,P,0.0799848219610476,0.0199229807874125,0.0769194660286211,0.0143875326799151,0.0840558888305842,0.0178711282935073,0.0811751158791236,0.0141205876312786,0.0784148492074757,0.0080101166691921,-0.0200247479165857,0.4675327132284701
21CMA-DDR1-J224751+882648,22:47:51.17,+88:26:48.0,P,0.0822911833201631,0.0236730641057052,0.1148373937428706,0.0242481234191285,0.099058236081038,0.0117328109554968,0.0957096877900785,0.0117227920701012,0.0890251833542524,0.0061839896359334,-0.2573621848443432,0.4559438626209915
21CMA-DDR1-J232202+865750,23:22:01.94,+86:57:49.7,P,0.1615570665199488,0.0235338630027566,0.1801334300618082,0.0113154110717911,0.1750073707019215,0.0091146161621974,0.1702617644345714,0.008420988403625,0.144359632073285,0.0055433201636089,-0.5796086845602672,0.2104461020752017
21CMA-DDR1-J233632+850838,23:36:32.27,+85:08:38.3,P,,,0.3018275891717006,0.0244055742963048,0.3030824619871818,0.0378004692672762,0.2289065227712602,0.045353636257499,0.1949365389843586,0.0626363525129654,-1.341731432989818,0.8850246888174759
21CMA-DDR1-J231511+872257,23:15:10.74,+87:22:57.5,P,0.2017976587613984,0.0146613850058415,0.1454961819631366,0.0087787737904005,0.1340696647172574,0.0062984822388582,0.123501114505584,0.0061598120137475,0.1004189566390394,0.0037417820233456,-1.3278220893358708,0.1458067316084579
21CMA-DDR1-J122740+854916,12:27:40.49,+85:49:16.2,P,0.1024781169529605,0.0246036508153202,0.1629060167848182,0.025369475143299,0.147008194548711,0.0173803117706255,0.1355929233433667,0.01673437597087,0.1692052108001343,0.0188047929401921,0.6410366415624749,0.4513608828894386
21CMA-DDR1-J123902+870123,12:39:01.96,+87:01:23.0,P,0.053716114439881,0.0176143751752436,,,0.0562998678959969,0.0102558760355202,0.0503499433792873,0.0111480381023079,0.0412987481212423,0.0075794190391072,-0.5414987142593667,0.7029864811270248
21CMA-DDR1-J201252+892251,20:12:52.48,+89:22:50.6,P,,,0.0447080663205559,0.0126321252969512,0.0546650122381811,0.0052638275567143,0.049698051956477,0.0057057922511821,0.0472930313383379,0.0036636794464725,-0.599380057981716,0.6884144947470554
21CMA-DDR1-J160210+892424,16:02:10.36,+89:24:23.9,P,0.0638075219229127,0.0113515663407752,0.0713530905248414,0.0103543837336992,0.0736369352303244,0.0048780344412119,0.0725843912419424,0.0057453515339425,0.0689967566694273,0.0034058352216229,-0.0142538306085923,0.2930770809426719
21CMA-DDR1-J123149+862053,12:31:48.82,+86:20:53.5,P,,,,,0.0614991304691002,0.0186333984456952,0.0636501709417076,0.0186088185675205,0.0665020734393878,0.018860256838079,0.4884520878404038,2.5879669186177368
21CMA-DDR1-J125600+874805,12:56:00.40,+87:48:05.5,P,0.2206722638201744,0.0187489916866621,0.1837497539955435,0.0152316907635993,0.1618150013300323,0.0111680720517575,0.162451330238193,0.0119194616531757,0.1421371839736605,0.007356286423088,-0.8321319566789166,0.1819523845277794
21CMA-DDR1-J124353+871215,12:43:52.77,+87:12:15.3,P,0.0702730508054858,0.0163530567780825,0.0697366583097362,0.0185138927013978,0.0508324276155572,0.0066629210355219,0.0602446131081147,0.0099657644356493,0.0406274070734134,0.0042218431447383,-1.09836544171698,0.4593844464362037
21CMA-DDR1-J141445+890114,14:14:44.78,+89:01:13.5,P,0.195613441379546,0.0144533973758179,0.1392381442046951,0.0071675306161941,0.1273880255534167,0.0047453408793366,0.1197616279402122,0.0038024683667684,0.1155195266796008,0.0030492844390413,-0.917544713781108,0.1302782558902193
21CMA-DDR1-J134931+884945,13:49:31.28,+88:49:45.1,P,0.0372307600909661,0.0153713820806789,,,0.0471783467311357,0.0139087731050639,,,0.0343935442666322,0.0087671672631294,-0.1812828867309917,0.9265665499758616
21CMA-DDR1-J222440+883654,22:24:40.36,+88:36:54.2,P,0.310026882467628,0.0183663629237318,0.2192199832516964,0.0129728355454764,0.2037435627992958,0.0113737619182152,0.192142102248006,0.0095851105934199,0.1751045351898847,0.0073624602424195,-1.0649432205048353,0.132207667067655
21CMA-DDR1-J134923+884638,13:49:22.61,+88:46:37.8,P,0.7091200311087357,0.0183788534247324,0.5132924306969113,0.0113657447441736,0.4848711548507876,0.0093610764156517,0.4664975130715763,0.0093547888778885,0.4387560762289108,0.0065479349779008,-0.869850873458286,0.0540276348400206
21CMA-DDR1-J195843+892056,19:58:43.14,+89:20:55.6,P,,,0.0490792124376811,0.014976861342962,0.0493189283920279,0.0096160324413113,0.0388889278564579,0.0072025073500569,0.037413872511846,0.0051729121258666,-1.355407524186142,1.1048822483876657
21CMA-DDR1-J123838+863519,12:38:38.38,+86:35:19.0,P,0.308284171773696,0.0197157666572805,0.246603260851795,0.0130024092197294,0.2418400678069714,0.0114122311919093,0.2247208279057857,0.0104784450786967,0.2229325760367951,0.0074133797393925,-0.5953764311489272,0.129056677546626
21CMA-DDR1-J232451+861352,23:24:51.16,+86:13:52.2,P,,,,,0.0696385682103859,0.0171007150862863,0.0702918634590612,0.0131688797306854,0.0540918914186642,0.0136240031465156,-1.5219194351018317,2.1916418951281864
21CMA-DDR1-J131430+881236,13:14:29.74,+88:12:35.7,P,,,,,0.0477208951895131,0.0137386705850146,0.0430036713790029,0.0128139660990618,0.0458807454879155,0.0081512508851512,-0.1405473316005001,2.066175041099428
21CMA-DDR1-J130020+874513,13:00:20.13,+87:45:13.4,P,0.0595546745734835,0.0185530059631391,0.0866771168151429,0.0184356904126825,0.0882912720019938,0.0090501457641564,0.1012385915824228,0.011203344092513,0.0839389304202188,0.0051957824357964,0.1871137983254799,0.4516292267536879
21CMA-DDR1-J124435+865338,12:44:35.38,+86:53:37.6,P,0.1084536862579391,0.0203528332014062,0.1151283972545573,0.0126513632166175,0.0972338339467978,0.0113643547875655,0.1038700576181788,0.0083826996931439,0.0962020854163631,0.0070203510546513,-0.3372158692452819,0.3310531722272981
21CMA-DDR1-J123313+855803,12:33:13.39,+85:58:03.4,P,0.0838157885282727,0.0255719046215969,,,0.1059270799285725,0.0269749455659113,0.1049477619676597,0.0341104759570911,0.1275875263404578,0.0261647767886565,0.764641801433347,0.6927625167512211
21CMA-DDR1-J232431+860838,23:24:30.89,+86:08:38.0,P,,,,,0.0762963229149855,0.0156983214312503,0.0698443664318802,0.0200830859503379,0.0821418827991677,0.0180366780085782,0.4247874535547247,1.8744819324345643
21CMA-DDR1-J232823+853306,23:28:23.25,+85:33:05.8,P,0.5042542199814395,0.0240109828065648,0.3048136501418364,0.0189018329402591,0.2969244454534133,0.0152951470655808,0.2809970887733818,0.0162775345965722,0.3331162434663688,0.0184767634543868,-1.006159707032792,0.1250320878315472
21CMA-DDR1-J212134+890212,21:21:33.89,+89:02:11.6,P,0.5556169490478335,0.0164262328376009,0.4109729835345148,0.0103765958555799,0.3837489963663433,0.0088495380473816,0.356139883584704,0.0088601497890845,0.3355294570401632,0.0063705279101077,-0.9478303971893384,0.0637363509843562
21CMA-DDR1-J223614+881501,22:36:13.99,+88:15:01.0,P,3.9854085475015495,0.0478455356356131,2.6709543427971183,0.0338381353791424,2.529050628434563,0.0389504789696317,2.4308904006036576,0.0211783684440234,2.2519194105473,0.0187026263399778,-1.0504161287932106,0.0264706777476915
21CMA-DDR1-J143903+890216,14:39:02.92,+89:02:15.5,P,,,0.0386259461410226,0.0106384570107792,0.0351627706304101,0.0057316097127195,0.0403133356188145,0.0085209056960305,0.0356696006308647,0.002571294781577,-0.1718018222002992,0.8243774159636434
21CMA-DDR1-J210000+890659,20:59:59.63,+89:06:59.0,P,0.2162259499522268,0.0160497398491363,0.1786082261862397,0.0100282891929689,0.1679941557767293,0.0066543499938784,0.1663760555286657,0.00756498308359,0.1605811050485719,0.0059952970740469,-0.5283152883099518,0.1462340523971335
21CMA-DDR1-J232431+855556,23:24:30.89,+85:55:56.0,P,0.0792789683453544,0.0219695470854033,0.07107554742779,0.017670525306633,0.0674559107145658,0.0164655025884202,,,0.0755444534429845,0.0195192100378638,-0.1396258699060871,0.7075226181692891
21CMA-DDR1-J231547+863132,23:15:47.14,+86:31:32.1,P,0.5074930121068976,0.0192620004994446,0.3121811998924144,0.01453886507069,0.288202741227173,0.0175613860615293,0.2476273452347226,0.0148246188501553,0.2613736832935886,0.0129768476012941,-1.3919167480297974,0.1068580201594594
21CMA-DDR1-J231752+863225,23:17:51.77,+86:32:25.5,P,,,0.1068162393376198,0.0183098784541388,0.1185459020855112,0.0226075298657616,,,0.0893788050104397,0.0165908258462102,-0.7888793646017753,0.9994874739772376
21CMA-DDR1-J135223+883907,13:52:22.53,+88:39:06.9,P,0.1787729556208304,0.0159639751900343,0.1197447813509819,0.0077731035332125,0.1177640212879899,0.0069286352233034,0.1087620720123217,0.0055581929323702,0.1106500367470593,0.0041791310016484,-0.7866965304644103,0.1672985149985889
21CMA-DDR1-J194611+891646,19:46:11.17,+89:16:46.4,P,0.2068836781737798,0.0125855981079314,0.1784215114063033,0.0090779463176046,0.1695984369913008,0.0065940523770852,0.1551465750251681,0.0051158543106585,0.1573274231506208,0.0042588938178398,-0.5418278979423405,0.1170803972156786
21CMA-DDR1-J231931+861846,23:19:31.07,+86:18:46.0,P,0.07122222513991,0.0196647409894573,0.0902177474868855,0.0222751112056525,0.083022800159322,0.017877367656228,0.0844667128703006,0.0158871802530959,0.0822249551609772,0.0103712172128958,0.1709602432424254,0.5417613427808815
21CMA-DDR1-J141116+884754,14:11:16.08,+88:47:54.0,P,0.4094242426462484,0.0170779923342691,0.2964454699844166,0.0089234499726793,0.2817983758920219,0.0073357411497778,0.2792291964770932,0.0067999664683328,0.2717902124401873,0.0043579394855641,-0.652851096767423,0.0760711468199896
21CMA-DDR1-J132554+881354,13:25:54.39,+88:13:53.9,P,0.0711978130523218,0.0186145375865686,0.0834031863673577,0.0191098907658586,0.0787083947114341,0.0071595005615785,0.0794636191342102,0.0074430523302667,0.0756245711211154,0.0052251572825622,-0.0438130664033469,0.4247256077562602
21CMA-DDR1-J125143+865955,12:51:43.29,+86:59:55.2,P,0.4735785633333063,0.0198747768754519,0.3411050661449245,0.0152029336952205,0.3256095546882742,0.0138775804402053,0.2993603243213297,0.0093004738190724,0.1976936958985316,0.0060669026493346,-1.5078002142960885,0.0938898830219681
21CMA-DDR1-J231944+861108,23:19:44.48,+86:11:07.7,P,,,,,0.0656593555263993,0.0169336202937945,0.0686428941161176,0.0219766173852449,0.065015941285479,0.015309097589818,-0.0686122010370533,2.1773530707692523
21CMA-DDR1-J124131+861234,12:41:30.83,+86:12:34.3,P,2.8113681195174167,0.0560274906485973,1.8365624803327765,0.0397457015973662,1.7626004021922683,0.0361325637230453,1.844591990396509,0.0466186859410142,1.9887851606668192,0.0318632285954489,-0.6712009025193976,0.0471217012725893
21CMA-DDR1-J232423+854141,23:24:23.14,+85:41:41.5,P,,,0.0649332699498911,0.0155857080627239,0.0573192133294453,0.0163323633913244,,,0.0590609897293141,0.0186147724467182,-0.3747311928689685,1.5763630560440962
21CMA-DDR1-J213631+885022,21:36:30.70,+88:50:22.2,P,0.0546427236129839,0.014135227444006,0.057820396612995,0.0126684203571629,0.0597226009546901,0.0109442785599882,0.0516483032105591,0.0102926944852239,0.0508828201553492,0.0043227191039403,-0.2718533796110498,0.4653567336213131
21CMA-DDR1-J130905+874209,13:09:04.73,+87:42:09.1,P,0.0789750595519896,0.0203727316233732,0.0618264775994264,0.0190307148729805,0.0532992027070814,0.0118728056414268,0.0371929164524748,0.0095594961448624,0.0397300445103446,0.0066461844876489,-1.4168594319403542,0.5691593790787285
21CMA-DDR1-J123243+851009,12:32:43.10,+85:10:09.3,P,0.5219350254668736,0.0222571291554906,0.3500019060928157,0.0192434784104008,0.2924290911515183,0.0148501567937462,0.2363972613295528,0.0226259476192994,0.2507454391934647,0.0302483106933915,-1.579974354474567,0.1453548686140373
21CMA-DDR1-J232646+850953,23:26:46.17,+85:09:52.6,P,0.2011403767590692,0.033581180906164,0.282869574426502,0.0272299223006315,0.2496157176668197,0.0236651912536256,0.1534156168855135,0.0334159237395885,0.1807422190535011,0.0328688805685774,-0.2804543262355449,0.4195152347765
21CMA-DDR1-J225804+872257,22:58:03.79,+87:22:56.6,P,0.0807610989213333,0.0123870377789118,0.0798126937381222,0.0102562274735081,0.087774057893102,0.0091471636395709,0.076176539078903,0.0069684446282212,0.0586693608529338,0.0050687308674471,-0.6297593657064118,0.3142151532258301
21CMA-DDR1-J133914+881848,13:39:14.36,+88:18:48.0,P,0.6633186695491731,0.0149406429135493,0.4601690681663263,0.0087532617630925,0.4281199634423437,0.007870481564907,0.4104113939054182,0.0065641552369712,0.3888795635272652,0.0051634356861284,-0.9706152649709952,0.047072762704652
21CMA-DDR1-J135045+882822,13:50:45.46,+88:28:21.9,P,0.2853190793750597,0.0137864915350445,0.1965036410095617,0.0072065733520114,0.1831652092764325,0.0049988920291652,0.1742647048720229,0.0053526815175637,0.1660375810070518,0.0036406633951724,-0.9471827331176428,0.0926820817853297
21CMA-DDR1-J231832+860238,23:18:31.75,+86:02:38.4,P,0.1162881977755699,0.0200468254645769,0.1317159869523068,0.0254960067010672,0.1238755255654148,0.0133011904717448,0.1440090449311913,0.0154181577609885,0.1827936128089465,0.0169056948090553,0.9027502159475788,0.3558723138031033
21CMA-DDR1-J184232+891451,18:42:31.79,+89:14:51.2,P,0.0506178115489074,0.0105932375368014,0.0573053652787623,0.0057817814227454,0.0546748516515024,0.0053173700656582,0.0492658420850136,0.0040522577449059,0.0499893670308807,0.0040326258482041,-0.2840109328622983,0.3522208114707373
21CMA-DDR1-J225807+871122,22:58:07.43,+87:11:21.8,P,0.0976242124836478,0.0154413092520336,0.1121355530013479,0.0094132157721929,0.1027767233156051,0.0063524577780566,0.0964581761517538,0.0060503889768503,0.0882145221013996,0.0046680409571517,-0.5061913977612469,0.2589089642475888
21CMA-DDR1-J202005+890527,20:20:04.69,+89:05:27.0,P,,,,,0.0420336315668944,0.0118360036006603,0.0327336133080319,0.0094818420950895,0.0353811701645411,0.0099451825336442,-1.0990553290971683,2.4807826432241757
21CMA-DDR1-J230125+865921,23:01:25.48,+86:59:21.3,P,0.1060097518641221,0.0202206613530397,0.1270073173640299,0.0101222949287927,0.1187812777446488,0.0075536545589092,0.1182469944958441,0.0083579334962262,0.1063759768251442,0.0044600156978245,-0.3999047128369935,0.2571663848967814
21CMA-DDR1-J124020+854449,12:40:20.33,+85:44:49.1,P,,,0.0623209781734316,0.0173847424492016,0.0677414276075304,0.0182347452870118,0.0769336827850986,0.0227311927030546,0.0820010206201988,0.0239305158008079,1.135840760914622,1.5214423302507127
21CMA-DDR1-J140817+883244,14:08:17.18,+88:32:43.6,P,,,0.0342852731115339,0.0096568931754679,0.0352416169909793,0.0073908460472109,0.0392858934322552,0.0071020950040548,0.0331324877319867,0.0029655483999753,-0.3530071288005095,0.944380550618418
21CMA-DDR1-J155930+890243,15:59:30.02,+89:02:43.3,P,0.0891217778662084,0.018985920098589,0.1402627400001008,0.0054638109112274,0.1471283986864301,0.0050773237208736,0.1475488876837238,0.0048553447780048,0.1486073458469596,0.0023300011621144,0.2593200416068253,0.1384033103579285
21CMA-DDR1-J231750+852919,23:17:49.54,+85:29:18.8,P,0.1246798044901368,0.0328515493494897,0.1336694009751018,0.0301993355677443,0.1065162793554368,0.0172285364147737,0.1219093553079629,0.0246518002763874,0.1551870076396024,0.0334592748469142,0.2094729869264151,0.6016402967919977
21CMA-DDR1-J202914+885658,20:29:14.18,+88:56:57.7,P,0.0497180178662497,0.0131681284624033,0.0575572368660276,0.0130881335720036,0.0504042190955667,0.0113653078460347,0.0496072626231008,0.0060129975078425,0.0509474280825382,0.0057515087197019,-0.0614275459858314,0.5072666560213565
21CMA-DDR1-J132633+874450,13:26:33.30,+87:44:50.3,P,0.0501807918393269,0.0112914338001859,0.0514279061036374,0.0141567317617099,0.0423277156867022,0.0071602962443491,0.0354093573327347,0.0072430311007543,0.0301293930302204,0.0046811934552455,-1.0257186609811326,0.5037272309558675
21CMA-DDR1-J231521+854039,23:15:21.27,+85:40:38.9,P,0.0882233419327578,0.025017524888082,0.0861342728723941,0.0228664301634456,0.0878786222959289,0.0158206482434744,0.0897081616710925,0.0209103099412307,0.0947749212856453,0.0213643102861221,0.125083200564275,0.648725027032739
21CMA-DDR1-J225754+865047,22:57:53.82,+86:50:47.0,P,0.1541975250972853,0.0226118367974185,0.1739511129404713,0.0088392788192367,0.171863205018927,0.0080848268009581,0.1564648396141406,0.0063135854203069,0.1340949481895153,0.0054065380923719,-0.7286820509482745,0.2004079532461656
21CMA-DDR1-J223953+872952,22:39:52.82,+87:29:51.8,P,0.0809025671296249,0.0219615769149669,0.0795277830579222,0.024355858662864,0.0714731225180535,0.0165937910375299,0.0661832649850859,0.0150448424846478,0.0556745150334252,0.0074858197752067,-0.788755607317248,0.5544520279259193
21CMA-DDR1-J212236+883554,21:22:36.11,+88:35:53.8,P,0.7621386062992243,0.0181006761261276,0.5659838987932959,0.0128267567671906,0.4006736325798082,0.007929571358184,0.4406110589016422,0.0069206440760895,0.3400293465992004,0.0077765310784763,-1.436398717089277,0.0555207286382221
21CMA-DDR1-J230221+862731,23:02:20.84,+86:27:30.7,P,0.4655878245223145,0.0167486535964807,0.3218629791667571,0.0127675055079654,0.3120972814664957,0.0126307051804141,0.2901828130272406,0.0107808425439539,0.2655070631970026,0.0096754309265363,-1.052853114046781,0.0896688313164498
21CMA-DDR1-J175754+890654,17:57:53.82,+89:06:53.8,P,0.3506829415651185,0.0125280303032015,0.2447028274590763,0.0073569972964433,0.2381811240342677,0.0064482621489484,0.2362562335676754,0.0054557777018013,0.2198876909342024,0.0037131755990621,-0.7913697833773581,0.0702459790786981
21CMA-DDR1-J131152+870931,13:11:52.40,+87:09:31.1,P,0.0976443298740097,0.019081100897707,0.0944213004453902,0.0100388860081134,0.0936132001537963,0.0113250177507585,0.0896493621737207,0.0214297412026118,0.0763138669530529,0.0072014401612834,-0.5681576805853135,0.3732470515500051
21CMA-DDR1-J214853+882228,21:48:52.53,+88:22:27.9,P,0.0693211454723352,0.0140915633912315,0.0745039705278905,0.0154863705121251,0.0716936268321305,0.0098213707802722,0.0722061002700679,0.0092260184468048,0.0660778019695547,0.0095022900787794,-0.0694502572742398,0.4459114957577663
21CMA-DDR1-J193116+890241,19:31:16.20,+89:02:40.9,P,,,0.0442782391319066,0.0109996014559379,0.0428389083295788,0.0093546065771634,0.0404631280593297,0.0100366540207325,0.0380040114029351,0.0045904235401472,-0.6494422074805419,0.9804225181751064
21CMA-DDR1-J131435+871254,13:14:34.80,+87:12:54.1,P,0.4562835269963043,0.0173820077360676,0.3806260557401553,0.0112486036414592,0.3621328124042146,0.0114697304871185,0.3454174534488663,0.0156110601598392,0.3155770354934695,0.0077714374697714,-0.6982539800558097,0.0828905796276627
21CMA-DDR1-J223434+873346,22:34:34.27,+87:33:46.5,P,0.0743589664647751,0.0203544791714134,0.0892655070290325,0.0251228791407866,0.0815501448638663,0.0119559737106441,0.0772830083430853,0.0109990371627855,0.0664984112041973,0.0067454952270886,-0.4276640157303209,0.5099001191264715
21CMA-DDR1-J132125+872732,13:21:24.85,+87:27:32.0,P,,,0.0386697520339209,0.0116597283888999,0.0377298765794622,0.0097402761746953,0.030732475972399,0.0098336920000392,0.0268519977503576,0.0043579115285948,-1.644726014063461,1.228371295299503
21CMA-DDR1-J224859+870345,22:48:58.81,+87:03:44.5,P,0.113726784704692,0.0223478673634238,0.1818537015851172,0.0230089317087296,,,0.1676602660684625,0.0184368920966556,0.0874606195588887,0.0066343896815641,-1.0461371496879406,0.3569710961256112
21CMA-DDR1-J130336+864023,13:03:36.12,+86:40:23.1,P,0.6492951221657989,0.0205267608278552,0.4654882238377759,0.0144967370277567,0.4175080591490958,0.0115704229103403,0.3785179674192043,0.0119706756197818,0.3404683938182267,0.0084751497067558,-1.2279573528648884,0.073218330961281
21CMA-DDR1-J160456+885731,16:04:56.20,+88:57:30.8,P,0.113279378478409,0.0282924140879579,0.1320053751377974,0.0094313219907024,0.1290143688881217,0.0059271397875354,0.1312926570306921,0.0086038861807125,0.1165084830248706,0.0033648413668917,-0.4431860113287494,0.2265636655479306
21CMA-DDR1-J161222+885537,16:12:22.20,+88:55:36.7,P,,,0.0543253890460587,0.0121732232947224,0.0533464088058079,0.0059512707395238,0.0550472193541418,0.0126047010990815,0.0517478227435799,0.0033287223082381,-0.2000229609736288,0.645662582189227
21CMA-DDR1-J131720+871522,13:17:19.85,+87:15:21.7,P,0.1228362229300444,0.0254755997144348,0.0982561955284818,0.013169755101807,0.0950030102617784,0.0097199367527712,0.0798819765786296,0.0147291879240011,0.0782174166998219,0.0071641971612394,-0.9057947877391418,0.3895351420341366
21CMA-DDR1-J125027+855232,12:50:26.97,+85:52:32.3,P,0.110426572293965,0.0256528547709315,0.101603826949293,0.0257251071955553,0.0902905104420844,0.0176004653085377,0.0877072267092911,0.0205726909713399,0.1110691120653084,0.0221337633863119,-0.1442625838701385,0.5522736132863428
21CMA-DDR1-J162632+885939,16:26:31.55,+88:59:38.9,P,0.2804961407610452,0.018982361665431,0.1803652782139521,0.0074607373514787,0.1549295350397165,0.0058850926501323,0.1558422252608899,0.0065117281224145,0.1514250907056595,0.0042013447310412,-1.0033430024931511,0.1226886379598038
21CMA-DDR1-J142149+882457,14:21:48.94,+88:24:56.8,P,,,0.0343930139388995,0.0086790359175275,0.0422220702431966,0.009378538627573,0.0352715008288105,0.0080846214898436,0.0338865919530173,0.0030622132792446,-0.470356986841332,0.9117612732049862
21CMA-DDR1-J231254+852921,23:12:53.57,+85:29:20.5,P,,,0.1325144873522624,0.035214818510278,0.1130093552364972,0.0195518585652757,0.1343602027784371,0.0343916344440983,0.1362624977757721,0.029010250563683,0.4696769798128979,1.2457206762477138
21CMA-DDR1-J222356+874205,22:23:55.78,+87:42:04.5,P,0.2954124545559041,0.0164263939441176,0.2101450668526296,0.0118854690314961,0.202993958395032,0.01084658997649,0.1385431136083083,0.0074633987025019,0.1231465329531712,0.0050695288898158,-1.7080454932887466,0.1265052184514206
21CMA-DDR1-J130826+864519,13:08:25.55,+86:45:18.7,P,0.8781217617445576,0.0311546712647453,0.6449012472436972,0.0295279565300634,0.5779442859623434,0.023925816508637,0.5286042091452614,0.0215509669788233,0.3082640922803272,0.012152615292373,-1.670951233973175,0.0916548959922761
21CMA-DDR1-J230310+860540,23:03:10.23,+86:05:40.0,P,0.5580682986356976,0.0183674232093744,0.4044585258060397,0.0150200171816618,0.3928902380587133,0.0124246471732202,0.4322128196400607,0.0135061369762752,0.4762533039530385,0.013121827142827,-0.3374005704460519,0.0775249671631725
21CMA-DDR1-J225721+862906,22:57:20.95,+86:29:05.7,P,0.0760639324017157,0.0201742058216072,0.0729656242339,0.0185967898193823,0.0680110328200142,0.0166560837101497,0.0640613345134036,0.0132450966973428,0.0643932754195641,0.0117814988747919,-0.3596142920325498,0.5842124640523657
21CMA-DDR1-J222058+874446,22:20:57.79,+87:44:46.1,P,,,,,0.039627489381953,0.0118972319825753,0.0322506252103538,0.0095538344305617,0.0292541201076653,0.0067608589843458,-1.8550069019598796,2.3468022609165247
21CMA-DDR1-J195521+885500,19:55:21.30,+88:54:59.7,P,0.0635507031155395,0.0153261048424948,0.0673545931787407,0.0136171474489,0.0705169207599504,0.0113860558225709,0.0647106297152915,0.0099894268136844,0.0640484107362963,0.0053822151282817,-0.0727332003045633,0.4382942225515567
21CMA-DDR1-J143529+882906,14:35:28.84,+88:29:05.9,P,0.057407690784706,0.0137141811751987,0.0810731343715165,0.007749761487451,0.0803542365499798,0.0058882270067476,0.0747405693606588,0.0051125131431483,0.0704159000504033,0.0036406721406821,-0.2369113447514064,0.3143324757489183
21CMA-DDR1-J223720+871358,22:37:20.38,+87:13:58.3,P,0.3237201226687199,0.01475362615955,0.2287954037301389,0.0100747691305995,0.2130463305780993,0.0081999112478847,0.1910392074481968,0.0075863908696442,0.1695559929712658,0.0048085113681118,-1.2211491360901012,0.0981591821528184
21CMA-DDR1-J230729+854200,23:07:29.31,+85:42:00.0,P,,,,,0.0508101081667417,0.0146697294914035,0.0603509370568164,0.0185835050182657,0.067086059430398,0.0204780763463202,1.7434771824879909,2.616591509532788
21CMA-DDR1-J150029+883645,15:00:28.92,+88:36:44.9,P,0.0407447596856084,0.0096428023081937,0.0630975590263786,0.0063823666395186,0.0599714050383994,0.0036587202044489,0.0601906523262839,0.0050431195051394,0.0601507533218735,0.0031393919002237,0.2255751292960998,0.3137456793077373
21CMA-DDR1-J203952+884215,20:39:52.15,+88:42:14.8,P,0.0857920020400071,0.0161785655293664,0.0921025578395458,0.0181966779861014,0.1063798233276507,0.0119936906183604,0.0982627402486603,0.0092369897640503,0.0901997085151266,0.0062807902236845,-0.0218550299811369,0.3531842075208688
21CMA-DDR1-J131325+865034,13:13:24.75,+86:50:33.9,P,0.0916154840606484,0.0267799703183702,0.0923348090136945,0.0258786924105435,0.0596518498229251,0.0119223021674191,0.0655733481019507,0.0161946592943413,0.0500152747271747,0.0102027653444668,-1.2033037816636871,0.6484556830739296
21CMA-DDR1-J205321+883555,20:53:20.59,+88:35:55.1,P,0.0775563449915898,0.0176752895694735,0.0782700492059874,0.0181264618951411,0.0733031608111485,0.0068734404640309,0.0722202761645893,0.0054622015609838,0.0717981757377338,0.0047164610707916,-0.1680639407209899,0.3909426516268942
21CMA-DDR1-J130245+861511,13:02:44.58,+86:15:10.6,P,0.0823978684927218,0.025863760374969,0.0613317919825899,0.0165642269119916,0.0466137714861049,0.0110617359925918,0.0501807228231533,0.0152015928423817,0.0480950503513491,0.0125732565600519,-1.0914661798503562,0.7331791485779338
21CMA-DDR1-J154145+884418,15:41:45.10,+88:44:17.6,P,0.1155377098977993,0.0131805887913977,0.081010465366503,0.0063604831364904,0.0825767738865991,0.0068424041996664,0.0731138662269725,0.0069242989678021,0.0490685202105735,0.0035088009876391,-1.5529289251715952,0.240705583915403
21CMA-DDR1-J211328+882717,21:13:27.79,+88:27:17.3,P,,,0.042157275986562,0.0131118142518861,0.0369286446268682,0.0099366550888147,0.0363786229641455,0.0092068354790292,0.0321325707721892,0.0079124534435032,-0.9835562832937818,1.4784428512854988
21CMA-DDR1-J140947+880339,14:09:47.25,+88:03:38.7,P,0.0724100625053652,0.0136862233190953,0.0788422788148895,0.0085212701769573,0.0819283011305052,0.0072196595376764,0.0663534009209099,0.0050601820130759,0.0580512083659348,0.003326638965907,-0.849830743088946,0.3075088541470649
21CMA-DDR1-J133747+873029,13:37:46.98,+87:30:28.7,P,,,0.042807582881922,0.0116285068427321,0.0356026063959196,0.0071263449243877,0.0351458956404868,0.0069505870583211,0.0268703577129279,0.0046873677220883,-1.73374154926343,1.160671353064789
21CMA-DDR1-J143846+882220,14:38:46.09,+88:22:20.0,P,0.0551736862681886,0.0171243778102809,0.0651846922112294,0.0101173263910717,0.0682057894598651,0.0118030321524704,0.0639925128406734,0.0105945155840287,0.0614886517826746,0.005988167981006,-0.0075443868350112,0.5001333259118145
21CMA-DDR1-J142035+881053,14:20:34.73,+88:10:53.1,P,0.1750958409452859,0.0110322747893101,0.1309175185382134,0.0079038607387226,0.1206204396943884,0.0057788775143884,0.1174351560422703,0.005401172229015,0.1148613593358407,0.0036044354482569,-0.7605868849213803,0.1271741047115155
21CMA-DDR1-J140304+875706,14:03:03.81,+87:57:05.6,P,0.1677447624065598,0.0133806973352242,0.1198487376943146,0.0075134543451219,0.1179424442978582,0.0063481548005548,0.1131664465845967,0.0061876234919194,0.1057145017883355,0.0041350664977215,-0.8005534631609655,0.1574212975420622
21CMA-DDR1-J184149+885525,18:41:48.98,+88:55:24.8,P,0.0415669329918491,0.01114824703755,0.0516516885699545,0.0117691033374224,0.0446384926229823,0.0053640803536912,0.0430020167354852,0.0080634056961632,0.0423262066488278,0.0031298038293078,-0.1694056702289697,0.4511058185773075
21CMA-DDR1-J144638+882432,14:46:38.06,+88:24:31.7,P,0.4423440188350444,0.013148320963721,0.3294979133500672,0.0087182160389011,0.3187485847204923,0.0074059900349208,0.3118141221776033,0.0072459943126928,0.2939737247850895,0.00465463246738,-0.7235808202097551,0.0608521509519526
21CMA-DDR1-J224308+864436,22:43:08.18,+86:44:35.6,P,0.058259987376517,0.0137444378264099,0.0628500914955857,0.0159612563322722,0.0509995255690217,0.0094836872888319,0.0517500971461379,0.0072016378417113,0.0531766102028276,0.0066881041843008,-0.2376527507681639,0.4856560103439639
21CMA-DDR1-J140114+875055,14:01:13.82,+87:50:54.9,P,0.1811794099074838,0.0150391784208924,0.145333141517194,0.0078834954314875,0.1401917918601112,0.0071193512892396,0.1408622944206757,0.0070639918254167,0.1360263620035326,0.0054514851891723,-0.4649999374165944,0.1592942058324923
21CMA-DDR1-J203856+883541,20:38:56.13,+88:35:40.8,P,,,,,0.0362146408995154,0.011917010101757,0.0356915195223892,0.0087507795242689,0.0359386630439522,0.0063212135318199,-0.022381996560394,2.2088459426815525
21CMA-DDR1-J224707+862749,22:47:06.51,+86:27:49.0,P,0.4758824091841723,0.016792254387493,0.3544729303496629,0.0124203472915161,0.3372922808057159,0.0089983230793719,0.3289758403642921,0.0082764510350117,0.2939157741675496,0.0070716261404295,-0.8692266979935014,0.0772402598817455
21CMA-DDR1-J205635+882724,20:56:35.03,+88:27:24.0,P,0.0694171514530279,0.0196271268534973,0.0715370484512327,0.01519297045397,0.0770789927978353,0.0073767642394914,0.0735104712052874,0.0050802258397022,0.0708502455744869,0.0041759562604336,-0.1399691050536029,0.4222311017172417
21CMA-DDR1-J140702+875237,14:07:02.32,+87:52:37.0,P,0.0766193663429401,0.0211848983442513,0.0896220869663966,0.0094571078859293,0.0785570205793822,0.0083262289608075,0.0709996532480758,0.0074041382225224,0.0729112575443764,0.0052212592658075,-0.5063693730148153,0.3861860155459033
21CMA-DDR1-J151335+883024,15:13:34.92,+88:30:24.3,P,,,,,0.0206204300760626,0.006655374812503,0.0212029988048319,0.0066733607538366,0.0184380500469682,0.0046374920400738,-0.7631384961002179,2.535989699871793
21CMA-DDR1-J214043+875800,21:40:43.42,+87:57:59.8,P,0.7282552816136209,0.0171232153357106,0.5243504349317611,0.0131623192047401,0.5215824785856819,0.0113071257581611,0.4863532015829243,0.0090593253817979,0.4609922346741884,0.0081648284269524,-0.8487327007390046,0.0532138750271796
21CMA-DDR1-J221136+872956,22:11:36.40,+87:29:55.7,P,,,0.0401600139259702,0.0125786441702278,,,0.0437784304721812,0.0102811583571247,0.040876615506188,0.0085850160637025,0.0722997526827641,1.5005316419975818
21CMA-DDR1-J213023+880709,21:30:23.20,+88:07:08.8,P,,,0.0461014845159351,0.0143602352314567,0.0479090242374289,0.0114400860387943,0.0401059943230117,0.0090552759460389,0.0381316078803261,0.0068842872128529,-0.9807934864829267,1.283920116099241
21CMA-DDR1-J135016+873036,13:50:16.43,+87:30:35.5,P,,,0.0371109038818674,0.011468164577266,0.0307507439485911,0.0079905669502662,0.0295017129592411,0.0068616379598803,0.0287189613603825,0.0056443685509969,-0.874403683257673,1.338398650455807
21CMA-DDR1-J173747+885011,17:37:47.38,+88:50:10.9,P,0.0349161663691527,0.0094526689737722,,,0.0221286039517632,0.0064347616465114,0.0242445995328343,0.0058590382490057,0.0229835726624148,0.00426255231487,-0.7909301719629197,0.6148314038860131
21CMA-DDR1-J192444+884417,19:24:44.42,+88:44:16.9,P,0.0434536756544878,0.0111005691182382,0.0384907779103037,0.0119304565969202,0.0406432550379238,0.0105953647097529,0.0415558486479768,0.0077282296029011,0.0385243287596965,0.0062429294982033,-0.177450366046312,0.5549768131449441
21CMA-DDR1-J162204+884238,16:22:04.08,+88:42:37.6,P,,,0.0288667383253487,0.0094372272397676,0.0272406933495478,0.0071428271129283,,,0.022337791458425,0.0044510775337187,-1.083788604565524,1.3894180489706185
21CMA-DDR1-J164255+884403,16:42:55.10,+88:44:03.3,P,0.059377159394547,0.0116254417748147,0.0754238963805151,0.0053166775745522,0.070707904109779,0.0045398642549904,0.0683871986970862,0.0043791445841031,0.0653421027309747,0.00266306705635,-0.2849872670055746,0.2481251719299022
21CMA-DDR1-J185022+884612,18:50:22.45,+88:46:12.1,P,,,0.0305650242385409,0.0097327033078059,0.0315378750758953,0.0075068035739522,0.0299483237379939,0.0087076197361549,0.0275877843409156,0.0053956560081243,-0.5303405801936183,1.34095340100914
21CMA-DDR1-J202327+882957,20:23:26.84,+88:29:56.9,P,0.0939839399184929,0.0187076835053502,0.1128409835849643,0.0108339742943679,0.1066955470365242,0.0070183304434458,0.1039214584121301,0.0072874638418499,0.0962480453958356,0.0040128772842329,-0.3358751379498022,0.2740463556269753
21CMA-DDR1-J225711+853015,22:57:10.91,+85:30:14.8,P,0.0737346524413983,0.0227583188085409,0.0792035577159075,0.0208401782773922,0.0621266658603841,0.01764604447585,0.0883621267711015,0.024475446292577,0.112174070336207,0.0325913951893443,0.6108017794841017,0.7404856206506569
21CMA-DDR1-J161016+883708,16:10:16.44,+88:37:07.7,P,0.0522126348653169,0.0138115127380666,0.0560437723066268,0.0058142450277881,0.0555774160398554,0.0045263789477041,0.0542674571118752,0.0048871436614096,0.0517637862898581,0.0029835133814724,-0.2186972654478921,0.3472819112112014
21CMA-DDR1-J130257+853032,13:02:57.36,+85:30:31.7,P,0.1325174342090913,0.0386469717912157,0.1259897349880564,0.0355928185950057,0.1215030530389026,0.0294779183716594,0.1363502477735872,0.0313296812795174,0.1417731101183093,0.0408108413398845,0.1044487751962579,0.699356362406589
21CMA-DDR1-J133223+865009,13:32:23.32,+86:50:09.0,P,4.599417018172092,0.055988693403182,3.332151463125105,0.0569323640327432,2.978197502753334,0.0619113705732274,2.586051178029482,0.0597986271066949,2.262278707101413,0.0398078470382112,-1.31517256888962,0.0361423062522262
21CMA-DDR1-J221828+870641,22:18:28.40,+87:06:41.1,P,0.0688683602016782,0.0210206584893362,0.0891959290719063,0.0118263336919534,0.0859162233487333,0.009654182367764,0.0735774857244217,0.0073678670367375,0.0647355200539945,0.0053575675876783,-0.7875418220407638,0.446151925752887
21CMA-DDR1-J171656+884411,17:16:55.81,+88:44:10.9,P,0.103969942305304,0.0184681836661877,0.0536114118742405,0.0101366597846844,0.0408420328732185,0.0063650565518088,0.0404336829483605,0.005876432372807,0.0425483030915284,0.0046158741387299,-1.679260967996176,0.3816383503686031
21CMA-DDR1-J134604+871224,13:46:03.57,+87:12:24.2,P,0.2686316588528233,0.0158205072534827,0.1882877789667324,0.0107507556491713,0.1778876683190536,0.006875723905577,0.1610549548785566,0.0080040016470323,0.1522182382496114,0.0065559885942119,-1.0762834748142855,0.1323186137410188
21CMA-DDR1-J130209+852341,13:02:08.68,+85:23:40.6,P,0.0931817521316429,0.0233256284191951,0.1001033765614192,0.0257996469782762,0.1049643559545158,0.0230173677935297,0.0958550175162893,0.0253605259098795,0.1192412827461338,0.0317624349724427,0.3325366691241531,0.6303950223048588
21CMA-DDR1-J135238+872145,13:52:38.29,+87:21:44.7,P,0.0606734390505972,0.0144942156007416,0.0660907358196812,0.0108844002068251,0.0516952042614455,0.0103866715159743,0.0554846166829982,0.008240623006168,0.0554648818893868,0.0040120984982084,-0.2795371783717388,0.4114521696830858
21CMA-DDR1-J130820+854431,13:08:19.79,+85:44:30.9,P,4.71953951363618,0.0736287788294937,2.9769598444101413,0.0571053340904724,2.748774253336111,0.0820770191823276,3.114727094852052,0.0851694030692151,3.776954035944844,0.1094918295282185,-0.8416085061592559,0.0495894771679409
21CMA-DDR1-J223118+864119,22:31:17.64,+86:41:19.1,P,0.0491260659132647,0.0146222722284661,0.0611440117572842,0.0167755009409018,0.041589922138508,0.0093255782598317,0.0456304740701496,0.0103216678477338,0.0359564548524471,0.007059455797207,-0.6798261261802725,0.6459355979932085
21CMA-DDR1-J224719+855540,22:47:19.38,+85:55:39.6,P,3.754359118558965,0.0642762367632003,2.527411756345589,0.0535185623325266,2.52008654402412,0.0648177478094624,2.772584285761043,0.0521331018434821,3.1609919777142457,0.0571807274123302,-0.4419905147942424,0.0435697022200641
21CMA-DDR1-J162429+883651,16:24:29.12,+88:36:51.2,P,0.2044056298535627,0.0139059919887148,0.1684938176411314,0.0069970297385808,0.1712886960210921,0.0063583989569036,0.1703044646873164,0.0056312574666903,0.1633577278255207,0.0037719302209365,-0.3244704894660397,0.1163899296919667
21CMA-DDR1-J180202+884310,18:02:01.89,+88:43:09.7,P,0.278013460632839,0.0124145017356836,0.1768903499316485,0.0086478100388639,0.1633205221250494,0.0049131489305133,0.1535892843045007,0.0053596188570242,0.1386664807974132,0.0036577697044665,-1.2828711152782186,0.095036594838158
21CMA-DDR1-J221652+870401,22:16:52.13,+87:04:01.1,P,,,0.0504884704747542,0.0161722620061652,0.0451241744591919,0.0124183701087078,0.0416390971339745,0.0128978238636094,0.0323645051077732,0.00655036630747,-1.8158834812428384,1.3894547970739304
21CMA-DDR1-J140916+873552,14:09:15.57,+87:35:51.6,P,0.0609115734634345,0.0122867074567864,0.067990213092967,0.0115542657097769,0.067451110445034,0.0103573557162575,0.0614104541831274,0.0086308871779845,0.0555446273191732,0.0052787738348796,-0.2971491689555499,0.3968760334942759
21CMA-DDR1-J223238+863157,22:32:37.88,+86:31:56.8,P,0.08673936853222,0.0163575042009039,0.1070202276144905,0.0141788471848462,0.093597009859748,0.0092714291692325,0.083851885925424,0.010766314234662,0.06744688873312,0.0065753061635577,-0.7438722148974343,0.3731874815749706
21CMA-DDR1-J223123+863609,22:31:23.32,+86:36:09.5,P,,,,,0.0496565534931125,0.0142363507555783,0.0364444024067872,0.0115627299107932,0.0298769999931307,0.0097200657824789,-3.198089594922473,2.69260313135335
21CMA-DDR1-J175113+884300,17:51:12.59,+88:42:59.6,P,,,,,0.0285154352915898,0.0063760618408981,0.0219060809879807,0.0072045669012769,0.0234042325593434,0.0055472642114237,-1.2707409017951394,2.0302523226905502
21CMA-DDR1-J171251+884125,17:12:51.04,+88:41:24.9,P,,,0.0283411312710591,0.0084204814917387,,,0.028309229597532,0.0075575500751326,0.0279108298029629,0.0060487002282589,-0.0588262059887545,1.4616762220634247
21CMA-DDR1-J204219+881648,20:42:18.65,+88:16:47.8,P,0.7600991100919661,0.0149188470449805,0.5904170763272671,0.0103486720128422,0.5793257678874485,0.009309848396432,0.5759249823521088,0.007755206155526,0.5473114231997864,0.006106092051023,-0.5700530253659036,0.0407389829486331
21CMA-DDR1-J143336+875115,14:33:35.73,+87:51:14.6,P,0.2914320678833978,0.0179266862634999,0.2410559568131289,0.0228164495496384,0.2335041857500356,0.0200341677236916,0.1376103602778225,0.0137505298220862,0.1299376710307519,0.0054990781051242,-1.590845922966037,0.1404086456218503
21CMA-DDR1-J205450+881056,20:54:50.47,+88:10:55.6,P,0.7708968075542604,0.013019198544752,0.589004190334714,0.0102259714967529,0.5607607625852681,0.00886260969661,0.5427390070116729,0.007964017358926,0.5313189397378055,0.0063186059682425,-0.6994313414223727,0.0377113480092369
21CMA-DDR1-J132409+862232,13:24:08.81,+86:22:32.3,P,0.1186215213609704,0.0236084289271189,0.1235227293374459,0.0213279287574635,0.1127224405047618,0.0184898981776159,0.1087304324546068,0.0188158851704639,0.0796103108503085,0.0083436655531368,-0.8680314911692216,0.4064221551811399
21CMA-DDR1-J142745+874747,14:27:45.10,+87:47:47.0,P,0.5964597686057992,0.0134542052797949,0.4206180065329176,0.0172306635781439,0.3765755513125106,0.015006082796855,0.304526094496744,0.0161765195960212,0.3471243796214298,0.0086713941911707,-1.1041194983587497,0.0617213009071744
21CMA-DDR1-J225024+853445,22:50:23.57,+85:34:44.9,P,0.1472737294198958,0.0254335308337358,0.1350202654455397,0.0166715320291754,0.1414872754840181,0.0181032377670406,0.1552794640101106,0.0177650838329324,0.2226960925181863,0.0342576938220299,0.6006766928940459,0.392621174789116
21CMA-DDR1-J164630+883627,16:46:29.98,+88:36:27.2,P,,,0.0251740170607172,0.0079180253761464,0.0234845026329642,0.0064222357053329,0.0222044191567878,0.006388998417348,0.0203700942765443,0.0041693815211634,-0.8459889686130588,1.382221961504808
21CMA-DDR1-J183611+883927,18:36:11.40,+88:39:27.0,P,,,0.0295223506663536,0.0088058663267546,0.028472321474505,0.0070144923239254,0.0236186266649936,0.0057755907176904,0.0228281832070072,0.0049427911100302,-1.1591291775075736,1.3620319779349463
21CMA-DDR1-J130923+853325,13:09:23.37,+85:33:24.9,P,0.1693208325720281,0.0468363522602288,0.1619533439487155,0.0444128988115681,0.1534217202766027,0.035417728665368,0.2164069593877468,0.0490385148686347,0.1790483788530461,0.0363667916185245,0.2657673828835901,0.6216475066935552
21CMA-DDR1-J224502+855024,22:45:01.88,+85:50:23.7,P,0.1504790607293553,0.0439292826911615,0.1311396117534478,0.0400635749831657,0.1507028929808453,0.0408250470930676,0.1415857485450919,0.0370449422121864,0.1763696078121586,0.0506270322902942,0.1793867965389365,0.710764884070071
21CMA-DDR1-J162607+883148,16:26:07.36,+88:31:48.5,P,,,,,0.0233590992282381,0.0072042308232482,0.019251555103916,0.0056493898325925,0.0186845588929235,0.004179939023297,-1.314747914105333,2.350105637959063
21CMA-DDR1-J153039+881634,15:30:39.14,+88:16:34.0,P,0.2114578279885347,0.0120211798736189,0.1404696898268335,0.0064065856867785,0.1361130258679511,0.0044058982104261,0.1317783248435202,0.0051526298230073,0.1258155538158945,0.0029014217785358,-0.8553864944578454,0.1064360877251661
21CMA-DDR1-J130636+851337,13:06:35.78,+85:13:36.7,P,0.2560392227704377,0.0221247027390364,0.2106095376484683,0.028698150505577,0.1815430408584956,0.01566788220001,0.1464644447635806,0.0258321522725923,0.1698757046759803,0.0257545009998129,-0.9319419423916117,0.2617853951118214
21CMA-DDR1-J134631+865420,13:46:31.49,+86:54:19.9,P,,,0.0670198580376903,0.0198217784129274,0.0748608738130866,0.0185115090372818,0.0630961957282272,0.0160599675790742,0.0529490988859637,0.0102827779008464,-1.2353994900834064,1.29811859178443
21CMA-DDR1-J132356+860321,13:23:56.15,+86:03:21.3,P,0.4080508843301603,0.0146056832120652,0.2885130520993617,0.0112979966634814,0.2771935007021752,0.0103890444903662,0.2649781100928119,0.0169448547442701,0.2642970312879844,0.0125377808699907,-0.9085067026332196,0.1004568089407604
21CMA-DDR1-J224818+852514,22:48:17.87,+85:25:13.6,P,,,0.1243951089817421,0.0367277182648793,0.1095881656232709,0.035336576907431,,,0.1348062177529244,0.0442124736880192,0.3871788012229997,1.7477423624820945
21CMA-DDR1-J185237+883210,18:52:37.46,+88:32:10.3,P,0.1844812363533068,0.0140832166989454,0.1338223150650346,0.0095543290716571,0.12520923840171,0.0095495072409687,0.0863551248502013,0.0058123454098136,0.0919261728770736,0.0046249108425483,-1.4356669406762372,0.1668708549484558
21CMA-DDR1-J181201+883349,18:12:00.62,+88:33:49.0,P,0.0749740211552425,0.0139598639575691,,,0.0916732544041134,0.0080073421921663,0.0868079736256946,0.0082035965030712,0.0497914204473148,0.0039679902329436,-1.0655632298750657,0.3708555027079757
21CMA-DDR1-J215052+871842,21:50:51.84,+87:18:42.2,P,0.0411366805983234,0.012385304974824,0.0469303396695563,0.0120007221589847,0.0515620075015441,0.0145611955357498,0.0489606896957802,0.0097116118099101,0.0377012811997205,0.0061286139075779,-0.191042533788274,0.6139774994133387
21CMA-DDR1-J211433+874729,21:14:32.61,+87:47:29.4,P,0.3997483432097468,0.0149510291900574,0.3190262141372781,0.0091339147955842,0.297577244864963,0.006517713932376,0.3025580610610204,0.0070799131291082,0.2770211244539833,0.0058988127451843,-0.6414237994780446,0.0763906479448326
21CMA-DDR1-J221833+863420,22:18:32.92,+86:34:19.9,P,0.1074651356152036,0.0205977488220339,0.0872596895872053,0.0233923724021988,0.0745783071069369,0.0109281435813793,0.0686631167924965,0.0101860397258047,0.0562543153259301,0.0060139161794051,-1.2506548675191032,0.4060986184131757
21CMA-DDR1-J134143+863431,13:41:43.00,+86:34:30.7,P,0.1252980223239243,0.0257808587726037,0.1378499311058907,0.0234897173897111,0.1224078133243205,0.0118750334564586,0.1235261631773162,0.0129552217367205,0.1126602740397328,0.0084356563553363,-0.3249148806136347,0.3718493158283535
21CMA-DDR1-J143112+873535,14:31:12.34,+87:35:35.0,P,0.3026396032711616,0.0156242555416815,0.2314438405297088,0.010549713351696,0.2142582291399982,0.0075734181943884,0.2103527642601851,0.0076778395453371,0.2015734266078934,0.0058470618535246,-0.7392762565539911,0.1067948808201477
21CMA-DDR1-J224525+852159,22:45:24.70,+85:21:58.9,P,0.3571604191148076,0.0280596570989932,0.2781430847360293,0.0302520609949396,0.2443197796902411,0.0229794067679066,0.2813482482941236,0.0400578911723066,0.3334070329710842,0.0412575804232411,-0.4663228250557545,0.2332615746747501
21CMA-DDR1-J144041+874113,14:40:40.91,+87:41:13.4,P,0.3187748539615658,0.0139591206874973,0.2427706303657307,0.0096152399222835,0.2367879055568028,0.0070757280185716,0.235749635769607,0.0061843727129919,0.2213699434774264,0.0048683395351177,-0.6269684946438062,0.08772575937179
21CMA-DDR1-J191846+882535,19:18:45.51,+88:25:34.9,P,,,,,0.0258767379395712,0.0077505266077457,0.0258937136345927,0.0082770375147868,0.0244169215355624,0.0065721941424699,-0.3694219763967872,2.509867656976351
21CMA-DDR1-J215608+870132,21:56:07.65,+87:01:31.8,P,0.6879561783263208,0.0359448072534765,0.539201842629069,0.0174079728865193,0.3347013459155059,0.0143993377321265,0.4706178320879919,0.0176224010236411,0.2920285701410367,0.0094363396296955,-1.590457563136893,0.1079897709821617
21CMA-DDR1-J201159+881146,20:11:58.66,+88:11:46.3,P,1.063967859175297,0.017577518523619,0.9044926217635746,0.0137370353200522,0.9081227940745004,0.0148226439245457,0.8907057891885419,0.009686052478071,0.8875665964559929,0.0101373468289853,-0.3267663623180548,0.0359743748724937
21CMA-DDR1-J164707+882446,16:47:06.95,+88:24:46.2,P,,,0.0475126234378958,0.0115593537551736,0.0381896651312687,0.0096449518259061,0.0449618265598146,0.0115851280223705,0.0550094396883055,0.0083809018761898,0.9130073797248462,1.0733008971891616
21CMA-DDR1-J150020+875042,15:00:19.57,+87:50:42.0,P,0.5927026078691756,0.0181535099408117,0.5118930745488174,0.0121823540064526,0.5017436282007027,0.0101252245087756,0.4882508433721585,0.0102369909327531,0.4450900152329767,0.0077874981175061,-0.5229091844751262,0.0629617767575519
21CMA-DDR1-J150317+874910,15:03:17.21,+87:49:10.4,P,,,0.1004267316377953,0.0129145259163538,0.0974821655130827,0.0094651881442718,0.1079989933300513,0.0102555434992106,0.1039820966411361,0.0083623070246911,0.2544582470128795,0.5454039402516813
21CMA-DDR1-J141425+871717,14:14:25.04,+87:17:17.0,P,,,0.059306969355836,0.0157902167863583,0.0502654172547478,0.0105564974834765,0.048045233922681,0.0086347185576627,0.0413476045486261,0.0075225815151208,-1.331759511996942,1.1756185807996946
21CMA-DDR1-J180336+882925,18:03:35.98,+88:29:24.5,P,0.0688570377232795,0.0178644791757895,0.0654105423270785,0.0146175623882316,0.0542988620512066,0.0054647691259169,0.0512291567893345,0.006023917178324,0.0544059503752983,0.0041803864692754,-0.4151443553446806,0.439290626753968
21CMA-DDR1-J131145+850624,13:11:44.58,+85:06:24.3,P,0.2779347332008001,0.0253787452854414,0.182937417082311,0.0168871668654675,0.162827952108296,0.0151125526018036,0.1629235903533659,0.0283239771575476,0.1768061081738762,0.0297039577765042,-1.1812025879668837,0.2779489855202038
21CMA-DDR1-J223040+855914,22:30:40.49,+85:59:14.1,P,0.1630087488285775,0.0263405306127076,0.1808113187257418,0.0148993040013262,0.1862339161050939,0.0131424845791479,0.2154438839495834,0.0152422076731834,0.2950021731046331,0.0157751591372416,1.503313714226991,0.2631883955961722
21CMA-DDR1-J165404+882434,16:54:04.28,+88:24:33.9,P,0.250747228107085,0.0115036400707296,0.1806364788516438,0.0072196580275776,0.1733447242197207,0.006835982906217,0.1736150178774307,0.005422207655746,0.1591679602171334,0.0037671176258167,-0.7897053813522178,0.0927159304568741
21CMA-DDR1-J221941+862408,22:19:41.48,+86:24:07.9,P,0.0655652175779213,0.0204175407655946,0.0778442972649202,0.0169242115559337,0.0765038333534655,0.0079795575896977,0.0671869927142643,0.0133862441519692,0.0617346112795773,0.00641065383123,-0.4984410659624556,0.5297677059288719
21CMA-DDR1-J133325+860841,13:33:24.63,+86:08:40.6,P,0.1556436959025851,0.0341275560255699,0.1467878464343279,0.0269572378428498,0.1322009079548188,0.0151389169315999,0.1335148927120349,0.0164539628956741,0.1254916576401897,0.0107442184194747,-0.4294189077571647,0.4062555152230596
21CMA-DDR1-J194246+881735,19:42:45.67,+88:17:35.4,P,,,,,0.042972717337012,0.0120180395847276,0.0409002381638185,0.0126395458472873,0.0374614486785583,0.0064144081234028,-0.8811225393846589,2.0058303645151887
21CMA-DDR1-J151254+875529,15:12:53.58,+87:55:29.2,P,,,,,0.041308350334301,0.0128971095832305,0.0393129815177755,0.0089645596686001,0.0339788355116866,0.0071108312494505,-1.308536601119988,2.2880203660919447
21CMA-DDR1-J210527+873946,21:05:27.17,+87:39:45.9,P,0.941323655500298,0.0199534129348734,0.7513210995162207,0.0118802057334516,0.6973982847591302,0.0099473489415259,0.6368202222299151,0.008605400084093,0.5900585020084864,0.0078551363275836,-0.9020441756698324,0.0443794001232849
21CMA-DDR1-J210707+874216,21:07:07.28,+87:42:16.3,P,,,0.2359492369063358,0.011709302498183,0.2454927271067687,0.0110992299571179,0.2333687200127014,0.0101952869293027,0.2241997575633072,0.009765087090922,-0.256490207008416,0.2478748525868687
21CMA-DDR1-J131938+852402,13:19:37.54,+85:24:02.3,P,0.1801427061431361,0.0244708809857532,0.1442245128776639,0.0157257337546581,0.1432973245993176,0.0159716583381382,0.1782615022474508,0.0275306835819581,0.1871851799497574,0.0223502521420257,0.0815518882149224,0.3252994993182972
21CMA-DDR1-J203226+875926,20:32:26.31,+87:59:26.4,P,1.9101881848670064,0.0417661861843536,1.360427958305658,0.0188847285120994,1.3354675230170772,0.0177195758560111,1.2693368545624368,0.0140936466769141,1.201479378274622,0.0125516638027151,-0.7789221232932433,0.0414247448140897
21CMA-DDR1-J192708+881750,19:27:07.67,+88:17:49.8,P,,,,,0.0291604451151623,0.0094330849042952,0.0324182051619012,0.0091468627412188,0.0274322749895267,0.0062188629621171,-0.5525913999051486,2.426216038342438
21CMA-DDR1-J170935+882245,17:09:35.12,+88:22:45.3,P,,,,,0.0281093443486093,0.0075355662313617,0.0248982906269894,0.0075753222898069,0.0244215037482576,0.0049439679980197,-0.8441652605625276,2.0816262288454537
21CMA-DDR1-J133814+861033,13:38:13.88,+86:10:32.9,P,0.4037096019450856,0.0407218501554973,0.2290758867464359,0.0210903288452683,0.2411825489381905,0.0124432106231428,0.217550984492917,0.0148263378974062,0.2118667437452562,0.0117525748024802,-1.117471561721413,0.2072652220489073
21CMA-DDR1-J143429+872655,14:34:29.33,+87:26:54.7,P,0.1686540843997642,0.0283932450114729,0.1964288962865213,0.0178778005217545,0.1821284991070382,0.0152229270435989,0.1808279484929186,0.0185678599440853,0.0917565385206491,0.0059716721134795,-1.7581702597932916,0.2935020984707817
21CMA-DDR1-J181755+882349,18:17:54.58,+88:23:48.9,P,0.0649008772446616,0.0167688691009668,0.0658907558016027,0.0085795404714498,0.0642204746913924,0.0093405870642552,0.0623173156116061,0.0077146160670363,0.0558010648988336,0.0053702476357838,-0.4157165286511941,0.4383027349557508
21CMA-DDR1-J152242+875628,15:22:42.04,+87:56:28.2,P,,,,,0.0429592106216397,0.0098776630414892,0.0460851007803447,0.0090599709700815,0.0354136844343546,0.0061997694308978,-1.3745680850859034,1.786012855242628
21CMA-DDR1-J181103+882325,18:11:03.32,+88:23:24.6,P,0.0714988565201167,0.0190766690807649,0.0786707676400271,0.0111988240206732,0.0695067743868557,0.0082303510276371,0.0586932473803213,0.0074339180417495,0.0561032808319023,0.0037858246079109,-0.8821679709920098,0.4062968198117564
21CMA-DDR1-J223357+853557,22:33:57.15,+85:35:57.2,P,0.1457563636105007,0.0228642139529603,0.1377180934335595,0.0166049625272497,0.1563222912141426,0.0304940881495788,0.1733077987322765,0.0398113229402827,0.184971502342831,0.0491045736043101,0.3502558619806557,0.46245087951297
21CMA-DDR1-J191120+881800,19:11:19.84,+88:17:59.8,P,0.0617704481092161,0.0164107230576292,0.0736536350619543,0.0151539480704693,0.0691477207881419,0.0143133667406164,0.0688621069885872,0.0079165075053407,0.0587362595553688,0.0046149939871429,-0.3376381862355652,0.4631593722951891
21CMA-DDR1-J151752+875205,15:17:51.87,+87:52:05.3,P,,,0.0790764881544713,0.0216347725521177,0.070965526008712,0.0125015194149081,0.0792668671931936,0.0137082130815737,0.0673870787150674,0.0075935351835844,-0.525620048434476,0.9579660872952442
21CMA-DDR1-J135853+864314,13:58:53.03,+86:43:13.9,P,0.0733007344351497,0.0187870997517257,0.0740046544088089,0.0183434579984803,0.0689967610942224,0.0153036307062266,0.0645473449815389,0.0153358288794598,0.0582656790232659,0.010717314827962,-0.4543289359977477,0.5757846777489636
21CMA-DDR1-J221433+861715,22:14:32.51,+86:17:15.4,P,0.1045457992198592,0.0248733698545857,0.0985121962084623,0.0201586250214655,0.0945976109668536,0.0168516499978602,0.0883617888526008,0.0195584358559253,0.0757945932001296,0.0123813959597923,-0.6134965678911518,0.5253099895868178
21CMA-DDR1-J214110+870601,21:41:10.32,+87:06:00.9,P,,,,,0.0524814631130294,0.0151192217220922,0.0425891164382788,0.0106894718409935,0.0484270942906756,0.010795880635098,-0.3488832681917143,2.2542123799944616
21CMA-DDR1-J152357+875124,15:23:57.09,+87:51:24.1,P,0.1466150205677618,0.0269433403543162,0.1472184146554506,0.01292242603594,0.144446483478407,0.0084201337476504,0.1497095742857196,0.0098334024849703,0.1341675754334765,0.0060852488139039,-0.2704752490171739,0.264275815029005
21CMA-DDR1-J144414+872820,14:44:14.03,+87:28:20.3,P,,,0.070478310951823,0.0207669571385461,0.0683493356750019,0.0164957568075699,0.0598410022963988,0.0161150479503041,0.0537405584153847,0.006570510602347,-1.2218575252474988,1.0917253324335618
21CMA-DDR1-J195234+880619,19:52:33.56,+88:06:19.2,P,,,0.0668359738451352,0.0156022908218448,0.0619251804729428,0.0155419582744548,0.071649140988331,0.0140871462351531,0.0549184519101798,0.0094923404533081,-0.6410537005565127,1.1003315479567366
21CMA-DDR1-J163626+881254,16:36:26.12,+88:12:53.6,P,,,0.0427904363249464,0.0108187368964619,0.0415037105032011,0.0108637069267787,0.03431412324781,0.0107428435582494,0.0354338116104904,0.0075619760440182,-0.845228599351633,1.264298382388855
21CMA-DDR1-J215539+864353,21:55:39.28,+86:43:52.6,P,0.0758487794279715,0.013394608933125,0.0818574104824687,0.0144504835186155,0.0750746263443865,0.0094602449033704,0.0669442652815461,0.0119210043010424,0.0535566676221132,0.0051117327436829,-0.7858720855156852,0.3673569914844445
21CMA-DDR1-J222705+854225,22:27:05.37,+85:42:25.5,P,,,0.1048765835080834,0.0246752270585717,0.1176162218472612,0.021728711197399,0.1259857425230695,0.028694865466829,0.1389451870947261,0.02690901649453,1.0862304375226723,1.1348919810358375
21CMA-DDR1-J222542+854509,22:25:42.02,+85:45:08.5,P,0.1343859399806671,0.0291156385045713,0.1418580838981922,0.0195178278242732,0.1495870736422515,0.0202553549469855,0.172393994607905,0.0297209589844569,0.1670001839592373,0.0278307762511318,0.5065791644329259,0.4809289793168415
21CMA-DDR1-J213008+871210,21:30:08.07,+87:12:10.0,P,0.1282425487454636,0.0282428544073365,0.1263825738916117,0.0136332220746497,0.1166486950053164,0.0123308380815886,0.1129679901339069,0.0133256043323183,0.0944463160381316,0.008619923000863,-0.7561269037260505,0.3846728176320476
21CMA-DDR1-J175333+881805,17:53:33.16,+88:18:04.7,P,,,0.0342240210640186,0.009261867087028,0.0293438677980455,0.0070437433182628,0.0257154835946183,0.0072906282401896,0.024828912224031,0.003564636610967,-1.2125010056122094,1.1023007270553806
21CMA-DDR1-J200133+880123,20:01:32.60,+88:01:23.5,P,0.0903945373929694,0.0200831383190191,0.0919522213724617,0.0166785897378532,0.0986628515223259,0.0101424259208153,0.0975779410075626,0.008286181416953,0.0971151629584372,0.0065669946882374,0.1171315926202007,0.3819611885453614
21CMA-DDR1-J193108+880802,19:31:07.65,+88:08:01.7,P,1.7475805064489407,0.0315471548581988,1.2021770554420663,0.0180687632532215,1.1289885988893409,0.0150915620375967,1.0666703209458337,0.0119147891105322,0.9990631335445012,0.0106055744592517,-1.016312630774371,0.0374336925579832
21CMA-DDR1-J134115+855838,13:41:15.08,+85:58:38.3,P,1.3982211682879548,0.0285513015923184,1.024789560092463,0.0193595216044634,0.9793260393010864,0.0258283681039788,0.9812217682083848,0.0277864751705826,0.8962347148570211,0.0187166308537355,-0.832979309027565,0.052364778719151
21CMA-DDR1-J223436+851831,22:34:36.26,+85:18:30.7,P,0.0918851353572491,0.0201947591711616,0.0854237638901753,0.0204147365154086,0.0700130431787098,0.0214965064032231,0.1053794928650269,0.0309787286010816,0.112658786702847,0.0369284875393887,0.1908014256216438,0.6253817618804374
21CMA-DDR1-J220637+862107,22:06:37.33,+86:21:06.5,P,0.7663650882110478,0.0216911350232382,0.5497048621866352,0.0164626415961348,0.5352746163223964,0.0134517550323078,0.4853385839996941,0.013131161790061,0.4288719865270932,0.0091716245467812,-1.073678381241775,0.0647850002984677
21CMA-DDR1-J182723+881544,18:27:22.59,+88:15:44.2,P,0.1668814456970614,0.0138531518291407,0.1515592895593056,0.008213881050214,0.1593373455109268,0.0065676054213876,0.1609301583091925,0.0056272398947587,0.1604710230233533,0.0038866931036117,0.0192728187161389,0.1374240204749587
21CMA-DDR1-J202657+875042,20:26:56.92,+87:50:41.5,P,,,,,0.0457472949227087,0.0118352204103168,0.0421352745473509,0.010156826219906,0.0368551869627742,0.0082520032268401,-1.361038524448868,2.129993243821007
21CMA-DDR1-J213919+865813,21:39:18.64,+86:58:12.9,P,1.8866401691981065,0.0315750311433958,1.4496134693820877,0.0219905017318922,1.374970619581478,0.0209416801603124,1.2269201349710002,0.0149056093979907,1.099086451595799,0.0144253984149046,-1.0117624570445694,0.0377701867187028
21CMA-DDR1-J173129+881503,17:31:29.32,+88:15:03.4,P,0.0630371084230708,0.0138377058093196,0.065909349570696,0.0119731617097959,0.053103537743014,0.0104742614730927,0.0526546653657324,0.0092390490401625,0.0492431316428327,0.0054680776149004,-0.5830736407093698,0.4410744762601722
21CMA-DDR1-J141529+865042,14:15:28.75,+86:50:41.8,P,0.2723532322383833,0.0159558929578424,0.2060112302228933,0.0106493015708832,0.183343422207711,0.0073910802665603,0.1596993263874654,0.0082604748622808,0.1448753895871122,0.0058071080497991,-1.2287451186197578,0.1290619301847231
21CMA-DDR1-J205100+873650,20:50:59.74,+87:36:49.8,P,0.3433866816261831,0.0126207122162816,0.2245067303373708,0.0090270805308078,0.232320344157499,0.0084742674848095,0.2229485828324322,0.0061124832395551,0.206775022742613,0.0060622804498694,-0.9101112536767536,0.0840333423445294
21CMA-DDR1-J144316+871402,14:43:15.98,+87:14:01.6,P,2.6660946394157405,0.0385965101562576,2.0021686547323303,0.0264395744372034,1.8865634689112123,0.0236228777400935,1.7013076794725426,0.0261488476308884,0.6958164123673443,0.0109003683036693,-1.9274031706704235,0.0365553739450526
21CMA-DDR1-J221325+860431,22:13:24.85,+86:04:31.2,P,,,0.0625583800047208,0.0179891118287033,0.0534964530139085,0.0130005290162039,0.0642383375844849,0.0147460699773217,0.06295063789394,0.0134718303790836,0.3152146569216187,1.3289639287792234
21CMA-DDR1-J165325+880914,16:53:24.63,+88:09:14.5,P,0.2707992069329721,0.0236772441967156,0.1981491656299226,0.0106496108090511,0.1857689037220273,0.0067539858492382,0.182885256718063,0.006556555462767,0.1605641536395773,0.0042871987255354,-0.922284394925874,0.1435226617326545
21CMA-DDR1-J150638+873241,15:06:37.60,+87:32:40.9,P,0.1289712335014076,0.0243177816417636,0.1335168137749579,0.028325329843153,0.1729806822924535,0.0133768359832081,0.1273888261993007,0.018877483188302,0.1310339061572422,0.009206868016981,-0.2831296711154669,0.3498371420273571
21CMA-DDR1-J181243+881241,18:12:43.04,+88:12:40.8,P,0.0612765883846286,0.0186375856529154,0.0622714703621567,0.0083181901842099,0.0591107156942553,0.0047790292418635,0.0540929087017302,0.0046425552093235,0.0514818327019464,0.0032159759010953,-0.624052493587794,0.3970580241262111
21CMA-DDR1-J212357+870910,21:23:57.21,+87:09:10.4,P,0.1094700022048572,0.0318308756505718,0.1347905235250746,0.0146128411490847,0.132700886068671,0.0133259140746577,0.1196896495230093,0.010132943816071,0.1046609893332256,0.0070415402767443,-0.6914432109491186,0.3861189118712729
21CMA-DDR1-J163941+880508,16:39:41.13,+88:05:08.4,P,1.2907509695159298,0.0439942763178746,1.011278527923617,0.0176341286824989,0.9653051647030196,0.0147108346666831,0.929493510263814,0.0164147542764472,0.860757692920852,0.0106670666657073,-0.713998455970416,0.0574171988612448
21CMA-DDR1-J152712+874323,15:27:11.97,+87:43:23.0,P,0.0738722160777437,0.0195310998776361,0.0888893917251799,0.0171241626860622,0.0845797057122219,0.008541307263499,0.0732658152027284,0.0064281482622348,0.0743117549778978,0.004789043347592,-0.3185315492010629,0.4161162596250344
21CMA-DDR1-J220619+861338,22:06:19.45,+86:13:38.1,P,,,0.0972320837494638,0.0208684389407707,0.0781750360221402,0.0101912975139663,0.0720046658833193,0.014454578660895,0.0776078568988399,0.0118646139863619,-0.6776137937260093,0.9425008178424747
21CMA-DDR1-J215050+863728,21:50:49.98,+86:37:28.4,P,0.0528511830185125,0.0143583111787111,0.0585300452574963,0.0135942764706039,0.0511856362737616,0.0103243228672799,0.0458675343470747,0.0099390124882404,0.036834002580035,0.005881333694327,-0.8107891957231403,0.5701671080300332
21CMA-DDR1-J135933+862157,13:59:32.98,+86:21:57.3,P,0.8146626134449242,0.0201535221987524,0.5571343686107173,0.0205778350262392,0.5203220959068948,0.015318212409717,0.4371538409103494,0.0149811442221609,0.3935132132875947,0.0122154799751303,-1.368762809918432,0.0672816396330166
21CMA-DDR1-J180114+881123,18:01:14.21,+88:11:23.2,P,0.0881372893651736,0.0161557627522166,0.0971416779334329,0.0072682830117699,0.0884303108079984,0.0049024074518182,0.0881480277994826,0.0041164976865602,0.0810816387923172,0.0033615359155377,-0.4434941291528099,0.2453636698970893
21CMA-DDR1-J171142+880750,17:11:41.63,+88:07:50.3,P,0.0655381972921924,0.0203794785145078,0.0763112906874331,0.0152971612543058,0.0686128870325055,0.0110014668388669,0.0707536637336775,0.0119056341414738,0.0575252998723061,0.007045143333335,-0.4674630840863741,0.5591817760425937
21CMA-DDR1-J201058+874720,20:10:58.00,+87:47:20.2,P,0.1197607062149444,0.0184193904060882,0.1453083347148388,0.0082774319485719,0.1387321465882589,0.0061744293710212,0.1354709441933442,0.0050226799204615,0.1234963550103383,0.0043131923144727,-0.3713564846784527,0.1998183738906356
21CMA-DDR1-J181935+880753,18:19:34.63,+88:07:53.5,P,,,0.0556577736989929,0.0129359155152289,0.0472718427723249,0.0051106522306275,0.0463848217800612,0.0095214610177012,0.0408561247824358,0.0035102940896884,-1.042674534583219,0.714298915877286
21CMA-DDR1-J133738+852951,13:37:37.71,+85:29:50.7,P,0.1523661298181016,0.0229955567469963,0.1494994772502257,0.0171674630774078,0.1199099381969341,0.0168649507273502,0.1499394831663747,0.0266220415404678,0.1473413622669364,0.0240336623127154,-0.1507341442640223,0.3846278011869751
21CMA-DDR1-J205309+872547,20:53:08.91,+87:25:46.5,P,0.073325725177826,0.0144334577305952,0.0743030124695665,0.0142976494297539,0.0759361032905669,0.009470375343734,0.0733942796660071,0.0093239009212429,0.0642674457976294,0.0061436106024168,-0.2938861871288106,0.3935744002798312
21CMA-DDR1-J134555+854914,13:45:54.59,+85:49:14.2,P,,,0.1016055177146672,0.0324034885965406,,,0.1206250898314267,0.034958774414729,0.0746155946010115,0.0201745652597963,-0.995116390459036,1.649451374435046
21CMA-DDR1-J195721+875115,19:57:21.41,+87:51:15.4,P,,,,,0.0436661165064403,0.0123826596286055,0.042525493296383,0.0088924820148673,0.0346457318365646,0.007291841474015,-1.5658698434741138,2.173448983978008
21CMA-DDR1-J221752+853826,22:17:52.02,+85:38:26.5,P,0.2815341344768369,0.0185238620529954,0.1851892126896372,0.017292868799545,0.1998830420856515,0.0173009566453505,0.2330097463287803,0.0219451517248672,0.2214526865144772,0.0258875552863157,-0.5697269062464884,0.1961333671078582
21CMA-DDR1-J212437+865957,21:24:36.80,+86:59:57.4,P,0.3358300981259682,0.0187013097068494,0.2297769572771203,0.0137423636012595,0.232676074439024,0.0117131925116302,0.213053472297194,0.0087279057889982,0.185078302965824,0.0089309822064094,-1.0586943911392916,0.1294400088768507
21CMA-DDR1-J172650+880553,17:26:50.22,+88:05:53.0,P,0.4386479448938935,0.0164574312989317,0.3414844605012558,0.0095643155335051,0.3337243416410266,0.0092382264764358,0.3027560928236991,0.008098622992914,0.2800552295227045,0.0065723792532892,-0.8378617270407429,0.0789750950808136
21CMA-DDR1-J170310+880347,17:03:10.43,+88:03:47.1,P,,,,,0.0515008388793735,0.0160054486021668,0.0467748618528858,0.0134666245765132,0.0428616072031974,0.008054733807724,-1.1440180268113411,2.2055789963903543
21CMA-DDR1-J215626+861950,21:56:26.19,+86:19:49.5,P,0.0677887131944139,0.0153832687323875,0.0806578218579732,0.0197401230601359,0.0767979584335153,0.0121198995644081,0.0676051499492811,0.0138658312498178,0.0548643487023804,0.007285177653063,-0.4969999626386758,0.483434918402
21CMA-DDR1-J141202+863320,14:12:02.31,+86:33:19.9,P,0.0638131057485568,0.0191518529594418,0.072642881956427,0.0192588888344595,0.073316169945316,0.0130307452479819,0.0610649815620341,0.0120155522590145,0.0519409263542098,0.0093360820553368,-0.5002665850658582,0.6290744717526903
21CMA-DDR1-J221125+855154,22:11:24.63,+85:51:54.3,P,,,,,0.0682586066539567,0.0163847797037804,0.074606239557021,0.0222414682843829,0.0673120180924922,0.0178723558900872,-0.0425309576945143,2.2264790982008127
21CMA-DDR1-J203703+873351,20:37:03.13,+87:33:50.6,P,,,,,0.0340806515774512,0.0088444474988034,0.0303830562897268,0.0069960045937189,0.0336378076108175,0.0065112297372589,0.0284196936343412,1.9988481867615977
21CMA-DDR1-J171742+880430,17:17:41.98,+88:04:29.7,P,,,0.0942234967861452,0.027102223007815,,,0.0700818127736261,0.0215268313976737,0.0616929728571981,0.0106749975065153,-1.6847958353396484,1.334608690473031
21CMA-DDR1-J162750+875635,16:27:50.40,+87:56:35.0,P,0.0875613103326888,0.0234719707821901,0.0824344500848028,0.0179162203313813,0.0827783488156413,0.0088298756115077,0.0787794445930983,0.0095226043231649,0.0752700216639662,0.0070531828120888,-0.3452369868484122,0.4731861254883949
21CMA-DDR1-J190116+880137,19:01:16.12,+88:01:36.7,P,0.0760918785216801,0.0145736601416425,0.079817931891795,0.0138598125353859,0.0875911899006599,0.0137954015744062,0.0888101866427225,0.0081493073626687,0.0772915497634244,0.005349950215426,-0.0183004237845775,0.3560081903394142
21CMA-DDR1-J220603+855847,22:06:03.38,+85:58:47.0,P,0.5492529034674003,0.0185043388017157,0.3885176954591012,0.0181122751462847,0.3694826716305723,0.0134142423930615,0.3948530518006458,0.015833614413653,0.357892896072667,0.0110376206447484,-0.7988803741762595,0.0827847725869821
21CMA-DDR1-J133258+851019,13:32:58.08,+85:10:18.6,P,0.250316336111304,0.0216153821338093,0.152518980195399,0.0207178870368421,0.1584807428846943,0.0172142001105594,0.1655411159906996,0.0337859600915403,0.1668681494197301,0.027776577711422,-1.0172003157268812,0.2783550776809312
21CMA-DDR1-J160036+874707,16:00:36.02,+87:47:07.4,P,1.6770328602585671,0.0267457541366781,1.20325923218095,0.0144056023185121,1.1774361116363814,0.0174028722038096,1.1402824252234027,0.0193739975574371,1.0653665333033493,0.0146662545030998,-0.8255556837903582,0.0378006590631671
21CMA-DDR1-J140050+860944,14:00:50.43,+86:09:43.7,P,2.160349173312302,0.0311567839846024,1.6499821682380125,0.037958648437934,1.5441874616738571,0.0354511863903083,1.3722030803218406,0.0409634420298833,1.2332206797607526,0.02312442430774,-1.0422977003235605,0.0414885152968355
21CMA-DDR1-J152144+872859,15:21:43.87,+87:28:59.2,P,2.046954375853393,0.0376202727487297,1.4732549677602418,0.0239914954524769,1.416712954394879,0.0237398034439443,1.332325395725643,0.0250151649308514,1.225822233935858,0.0178966602758435,-0.9489067115615644,0.0425959853505705
21CMA-DDR1-J153902+873749,15:39:02.14,+87:37:49.3,P,0.5469923665743218,0.0278403473305218,0.3936238052617286,0.0112950114353856,0.3750205691020013,0.0097407254327648,0.3567491462074788,0.0101005244245644,0.3346944173793864,0.0073423276309197,-0.8386316772423793,0.0922329927237296
21CMA-DDR1-J202046+873744,20:20:46.49,+87:37:43.8,P,,,0.043178480929057,0.0125538450601038,0.0401948505369926,0.0087935236451,0.0370962420429678,0.0095613461315122,0.0340984708395089,0.0064356413245353,-0.961387863749827,1.254403497467962
21CMA-DDR1-J182356+880255,18:23:56.23,+88:02:54.6,P,0.0664260035737108,0.013782107059437,0.0615606762068803,0.0090069854409493,0.0617164108698863,0.0053387364028645,0.0614216823861823,0.0072289026449604,0.0516664966073986,0.0030318508038545,-0.6236171249425716,0.3409632904500666
21CMA-DDR1-J143903+865819,14:39:02.56,+86:58:18.9,P,,,0.0661841712393255,0.0139958391859986,0.0547683831454613,0.0130302910494146,0.0461694725087851,0.0141113604089726,0.0433112129103667,0.0092300289855168,-1.7071820057268452,1.15690010404071
21CMA-DDR1-J164405+875409,16:44:04.90,+87:54:08.8,P,0.3425109094350799,0.0166855712765253,0.2692445020440355,0.0128201090362105,0.2518948595468875,0.0105791886955555,0.247388702465222,0.0116567491726222,0.2191787647074531,0.009231379796899,-0.8128163263299767,0.1154427878611204
21CMA-DDR1-J214550+862316,21:45:49.85,+86:23:16.5,P,0.0599598712931859,0.0163076474996571,0.0863085417927707,0.0179732870653708,0.0687945581699335,0.0151151951422975,0.0513089361960794,0.011542348020297,0.0497293380420174,0.0088653999957963,-0.6713569826623615,0.585534133231176
21CMA-DDR1-J174933+875824,17:49:32.96,+87:58:23.9,P,0.1825933364047696,0.0106584238942895,0.1397989641533939,0.0064080192368118,0.1274353463205484,0.0052903990248829,0.1140372693232834,0.0048113831030812,0.1106951141043826,0.0034386041540583,-0.9703981169390096,0.1180276288774308
21CMA-DDR1-J133603+850057,13:36:02.73,+85:00:57.4,P,0.4913848514847592,0.0284097684370026,0.2938230486419217,0.0287429585822096,0.2989288667777841,0.0205488612567786,0.2611590072519015,0.0378009392024258,0.1654377150289367,0.0277287978152156,-1.5868689046213718,0.2012273579888579
21CMA-DDR1-J141652+862347,14:16:51.79,+86:23:47.1,P,,,,,0.044668712660001,0.008772227621765,0.0324687289094895,0.0099128685120975,0.022957117368034,0.0063705501687609,-4.1217261563784815,2.08531228585274
21CMA-DDR1-J145535+870257,14:55:35.17,+87:02:57.1,P,0.3273192020610704,0.0288377035459755,0.2571461415840096,0.0136626261687754,0.2153008289799912,0.0109057645042063,0.1910635932577782,0.008298789320837,0.2029290447892581,0.0082902467938088,-0.9923238149592866,0.1641502372123758
21CMA-DDR1-J214135+862028,21:41:35.08,+86:20:28.2,P,0.3750557748413973,0.022452950944836,0.2893691735498096,0.0162150186796377,0.2695511576402271,0.0139317305708779,0.2313357222607366,0.0171970642546228,0.2227053202392759,0.0116815807307175,-1.008745456172994,0.1445584354971804
21CMA-DDR1-J171825+875400,17:18:24.84,+87:54:00.4,P,0.0794877598129331,0.015499579984593,0.0841019361501893,0.009706947582559,0.0844590740127462,0.0078526404399192,0.0781919687925609,0.0094897512788798,0.071799687581916,0.0076687053330331,-0.2830232727177722,0.3840268368087455
21CMA-DDR1-J212813+863801,21:28:12.92,+86:38:00.7,P,0.059231522642082,0.0162879508370346,0.06540260958276,0.0153187641262559,0.0642467218668343,0.0153906681116339,0.0502237496434708,0.0146485881577981,0.0398772822583044,0.0100298888092573,-0.6704688338296789,0.664111216281875
21CMA-DDR1-J185513+875210,18:55:13.20,+87:52:10.0,P,,,0.0331685382645269,0.0081554190071944,0.0344745279934057,0.0094238962342365,0.0271476254911123,0.0075370972626499,0.0211725876145317,0.0043515897544692,-1.9203500068423305,1.2264337170666246
21CMA-DDR1-J173107+875414,17:31:06.97,+87:54:14.1,P,0.5561794074212074,0.0154307484028804,0.4409039005939231,0.0107317189751889,0.4180876482855529,0.0113682818605091,0.3888482052111843,0.0129075312510532,0.3564150454994196,0.0114180733065901,-0.8248141557987602,0.0722463384049933
21CMA-DDR1-J155123+873245,15:51:23.20,+87:32:44.9,P,0.0512853342326449,0.0150498479189018,0.0726483714144674,0.0179107880730323,0.0583754821217676,0.0117927676270106,0.0481433819620995,0.0116619459688954,0.0490333326274001,0.0081870233721499,-0.3556998761808808,0.6101696488294929
21CMA-DDR1-J184334+875037,18:43:34.38,+87:50:37.3,P,0.1617554962172903,0.0160078983344382,0.1337305936019683,0.0124017465252825,0.132041200085415,0.0108033551411244,,,0.1036369602208797,0.0069736629507812,-0.8512021282553085,0.2245401524851087
21CMA-DDR1-J150740+870611,15:07:39.95,+87:06:10.7,P,1.9045806936088865,0.0348212455638076,1.4471154713086598,0.0245599612951909,1.3301229804839116,0.0246652237187789,1.187102011393276,0.0260009886479444,1.1654237423559928,0.0217619670824249,-0.9721349323535116,0.0461365068883128
21CMA-DDR1-J212743+863503,21:27:43.31,+86:35:02.9,P,,,0.0520975549172289,0.0143186848024888,0.0500575518676643,0.0161280503708934,,,0.0310422858916732,0.0100195947960563,-2.101745994144254,1.6833888164496509
21CMA-DDR1-J161515+873756,16:15:14.70,+87:37:56.0,P,0.0985053873762095,0.0195213269795118,0.0953959494993689,0.0176571563999174,0.093664018463087,0.0088614651914071,0.0917075395268509,0.0074514873664691,0.0840004016022914,0.0066034479299965,-0.3480800651080525,0.3695017282035548
21CMA-DDR1-J164025+874352,16:40:25.02,+87:43:51.9,P,0.6349490291679335,0.0178220009679034,0.4864362328195816,0.0125849787155195,0.4546720081770999,0.0114629691859928,0.4465799554184665,0.01979195819648,0.3863212504791555,0.0139579098944005,-0.906425046067036,0.0767816745769709
21CMA-DDR1-J163324+874242,16:33:23.89,+87:42:41.7,P,0.2368291787022383,0.0212796038258015,0.1589793196424586,0.0140645876158586,0.1395883804887107,0.013758777069704,0.1557563642295775,0.022414299739035,0.1240310150108067,0.0151405217951222,-1.2114945979235965,0.2522508993254608
21CMA-DDR1-J213052+862856,21:30:51.77,+86:28:55.6,P,,,0.0477602108665439,0.014918501030387,0.0515836192291275,0.0169551108538333,,,0.0434695469588174,0.0131324493713263,-0.4554101116180657,1.704492166869884
21CMA-DDR1-J161016+873405,16:10:16.05,+87:34:05.0,P,0.1936513196142323,0.0282137881459334,0.102579275602809,0.0124726362491064,0.1292465146023736,0.0090530646525028,0.0966767760907198,0.0107523462960469,0.1131077953561832,0.0066234991895381,-0.8225615626099259,0.2721701660327882
21CMA-DDR1-J160712+873323,16:07:11.99,+87:33:23.1,P,,,0.1268972728617455,0.0172489472010754,0.0888657126235617,0.0088536168747381,0.1019392671880464,0.0153042860102839,0.0752863016896792,0.0062013834570379,-1.6872079359976744,0.5682351541326831
21CMA-DDR1-J214904+855959,21:49:04.10,+85:59:59.4,P,0.1690331102744123,0.0194281583456088,0.1427849225956096,0.0138494980668469,0.1386360322756095,0.0121678805027336,0.1204826669878111,0.0113410959349692,0.1306152714306253,0.0122633138060515,-0.5712261064912411,0.2636964730787983
21CMA-DDR1-J190314+874446,19:03:14.16,+87:44:45.7,P,0.0425012894265225,0.0111752344869466,0.0461500300416215,0.0087143216966708,0.0485725595194699,0.0054000065414844,0.042789890944794,0.0070073050297134,0.0400998030903376,0.0034362722374877,-0.3613983983699013,0.4514124688830268
21CMA-DDR1-J162611+873825,16:26:11.23,+87:38:24.8,P,,,0.054332668386709,0.0153522251552818,0.0478884114441326,0.0103034698752921,0.0502395200012748,0.0128435285621087,0.0438712908178886,0.0099684386779965,-0.6914565731445662,1.3420403982551643
21CMA-DDR1-J211347+864309,21:13:47.42,+86:43:09.5,P,,,0.0711371359537567,0.0169986252374765,0.069135602359907,0.0152465832204494,0.0451060839768285,0.0118694100496669,0.0455206854703894,0.0087463431817896,-2.0540472595369303,1.1583129969031818
21CMA-DDR1-J135351+852558,13:53:50.84,+85:25:58.0,P,0.3683868919795077,0.0234772138028802,0.2716586793315554,0.0201499473755774,0.3034467019442567,0.0217569016829167,0.3514771067313799,0.0282872040814977,0.2503300399329524,0.0192393682171213,-0.506019252277768,0.169586029901175
21CMA-DDR1-J213904+861348,21:39:04.16,+86:13:48.3,P,,,,,0.0550042257696787,0.0156388712135468,0.0457434235173811,0.0133421487810253,0.0484640708333084,0.0105907839678762,-0.7009343314304204,2.221859774022691
21CMA-DDR1-J181654+874847,18:16:54.08,+87:48:47.2,P,,,0.0519899514792372,0.0106214605358364,0.0465031868408805,0.0064539416859402,0.0439312074976384,0.0082204085485605,0.0395938391215032,0.0032331732269253,-1.054447421149003,0.7177112914069258
21CMA-DDR1-J171650+874708,17:16:50.10,+87:47:07.6,P,,,0.0368606334152859,0.0107736239775053,0.0434660294442097,0.0118628061405444,0.0326710445824938,0.0106162556350475,0.0269756963042841,0.0076400322581935,-1.4663328008868195,1.5428266828739223
21CMA-DDR1-J211046+864438,21:10:46.20,+86:44:37.8,P,0.0961099538964844,0.0201934318748804,0.0938796705452247,0.0154700732487702,0.0866020774389331,0.0119398858678788,0.0832019385501972,0.0121936315370554,0.0636285237715225,0.0068901858744027,-0.8727089320868853,0.4204256482467123
21CMA-DDR1-J200334+872622,20:03:34.21,+87:26:22.3,P,0.218812096434338,0.0162802841198464,0.1763768184920561,0.0128030122320127,0.1729012078914417,0.0098558163441781,0.1507835309789594,0.008096602523802,0.1424527864894822,0.0045914595665698,-0.8463887902744481,0.1451798003101367
21CMA-DDR1-J142755+862043,14:27:55.43,+86:20:42.7,P,0.0898386062154072,0.0189086160290001,0.1162244433239853,0.0193275771879112,0.0892370085810058,0.0091994077906597,0.0858444181158723,0.0152986468326911,0.0892216707565892,0.0067212720203781,-0.2129333337614518,0.3785635759564493
21CMA-DDR1-J151312+870306,15:13:12.31,+87:03:06.4,P,,,0.1457714588704015,0.0313504917429682,0.1442635536862749,0.020226829145801,0.1313138252998137,0.0188229676516066,0.1311560420443078,0.0179659942358649,-0.517533272729614,0.8984105627947253
21CMA-DDR1-J141227+855732,14:12:26.64,+85:57:32.0,P,0.1408893048996056,0.0304876946331547,0.1484565207360134,0.0236827725262528,0.1402000490452427,0.0226319056191635,0.1118575342558315,0.0245504853312851,0.0913785042654215,0.0139868241735519,-0.9028295312366974,0.4804114481242127
21CMA-DDR1-J140729+854901,14:07:29.40,+85:49:00.6,P,0.0627018318985913,0.0201667437978893,0.0743328806128217,0.0143226465238726,0.0731779035440484,0.0146284139462169,0.0731300638173877,0.0198208777732275,0.0428305929851387,0.0108912709026612,-0.5536508706081853,0.7202387575199068
21CMA-DDR1-J144853+864227,14:48:52.79,+86:42:26.6,P,,,0.0632831454577875,0.017216529422559,0.0434180550034951,0.010334863007365,0.0427510497974969,0.0112272370533664,0.031544199538185,0.0063569861693742,-2.516068607468355,1.2637575251418618
21CMA-DDR1-J141619+860221,14:16:18.70,+86:02:20.9,P,0.1281434012843899,0.0237376444217164,0.1286000603240633,0.0210889579837304,0.1143182442682733,0.0175734667002048,0.090989981049685,0.0159454688295179,0.0714489974199499,0.008554903000033,-1.215009314937104,0.4027338124502528
21CMA-DDR1-J141034+855351,14:10:34.41,+85:53:51.5,P,0.0942514786868192,0.029529790945361,0.084880359930542,0.0231980939348499,,,,,0.0564314839784257,0.0145287930698406,-1.0143821930922816,0.7717030508293359
21CMA-DDR1-J201327+872011,20:13:27.06,+87:20:11.2,P,0.0483658317929496,0.0148706784819602,0.055157189850253,0.0130235872191385,0.049797783897277,0.013235132705281,0.0468624429045647,0.0095377165574741,0.0428196156495424,0.0068906820941745,-0.365663975622564,0.6164686472467062
21CMA-DDR1-J213033+861946,21:30:33.29,+86:19:45.5,P,0.0771975605094538,0.0192319640428145,0.0870732758184132,0.0180565028779154,0.074877662553096,0.0163821650235683,0.0633060958244187,0.0128678761341899,0.0590899915599829,0.0123751405313173,-0.6021801892927674,0.5754295485626005
21CMA-DDR1-J195706+872632,19:57:05.54,+87:26:31.9,P,0.0914073908145119,0.0321053637913765,,,,,0.0583398574616332,0.0174647076557869,0.0533758705681247,0.0067785602280059,-1.0289211604353958,0.7133136743819349
21CMA-DDR1-J135127+851313,13:51:26.65,+85:13:12.6,P,0.2292863741853648,0.0176567877818543,0.1461993259651213,0.0177209388353897,0.1893315551561013,0.0172897434059537,0.266350615330502,0.0458237798952159,0.1463698582213648,0.0236902922438121,-0.530329799157381,0.2498726752242467
21CMA-DDR1-J195312+872610,19:53:12.26,+87:26:10.3,P,0.1926731351884527,0.0265655425484274,0.2190883360029623,0.033393631678325,0.1968922239756576,0.0235235704984051,0.173624816765264,0.0186111539252756,0.1687770561294038,0.0102548421722252,-0.3739458987753865,0.2732864987140586
21CMA-DDR1-J200917+872007,20:09:17.39,+87:20:07.1,P,0.3084119772844111,0.0175775949764696,0.212038661710077,0.0100789659436281,0.2011925225759558,0.010751523324965,0.1811878836064744,0.0061055669816899,0.1676318230837491,0.005037774161281,-1.130002193266165,0.1149925232806261
21CMA-DDR1-J182626+874337,18:26:25.57,+87:43:36.6,P,0.1185543233267102,0.0155035715249762,0.1434274731564846,0.0099228026728301,0.1437164627816681,0.0064600899304204,0.1287835877533506,0.0073884543832258,0.1196393372888531,0.0059859519000103,-0.319125831093301,0.2226954428663926
21CMA-DDR1-J214139+860030,21:41:39.46,+86:00:29.8,P,0.3358408474317026,0.0165219705368908,0.2295300998089363,0.0128842105949717,0.20271766991439,0.0113419657457717,0.1779724187788783,0.0099301554773718,0.1619180966254038,0.0102668408863398,-1.4044551134658347,0.1314129189062062
21CMA-DDR1-J215332+853926,21:53:31.99,+85:39:26.3,P,3.402172235106897,0.059135664630421,2.3985673006394785,0.0466185336816161,2.704487922821635,0.0594827173819509,3.1346462946785105,0.060639012466057,4.990709072044224,0.8570042980814554,-0.3341349530324723,0.054233996038684
21CMA-DDR1-J135701+852149,13:57:00.74,+85:21:48.6,P,0.1354312094012287,0.0267542786374703,0.1452288156856114,0.0266672708444896,0.175464299870277,0.0354774967225496,0.2207358942579581,0.0435826498156231,0.1217796945322841,0.0207006270069742,0.1751757863069087,0.4685157669182464
21CMA-DDR1-J140632+853741,14:06:31.65,+85:37:41.3,P,0.1019395248289085,0.0239369013971787,0.1129633381836401,0.0253693889268312,0.1009510608698328,0.0157175821727634,0.1197662638788489,0.0208861298952296,0.0937490651016658,0.0175527106919159,-0.0262050431481539,0.5340249109119726
21CMA-DDR1-J211019+863447,21:10:18.94,+86:34:46.7,P,0.1705106729703195,0.0252539310555241,0.1858247580686041,0.0134505682502206,0.1788297217418276,0.0122446322420432,0.1369309973943289,0.0108121350322756,0.1252159299884541,0.0070778228819627,-1.0473774097367,0.2516339446043852
21CMA-DDR1-J144051+862512,14:40:51.32,+86:25:11.8,P,0.1507715760703445,0.021187260787371,0.1532514924416593,0.0123325570856579,0.1299225502250007,0.009234345763559,0.0977550553482265,0.0078739330528109,0.1102393690804135,0.0066911216276807,-0.9316948143327952,0.255611471621887
21CMA-DDR1-J214509+854915,21:45:09.25,+85:49:15.3,P,0.0958584889679687,0.0253400569468335,0.1056729086446334,0.0241235792495367,0.1026673523394872,0.0224751823431829,0.1057034122573405,0.0193077228631414,0.0848672470482846,0.0220564544379782,-0.047359548578662,0.6214381634770821
21CMA-DDR1-J194729+872335,19:47:28.51,+87:23:35.1,P,0.0952915110818926,0.0302533095797369,0.1230428645947776,0.0381003076118541,0.1022064849575045,0.0237700099459846,0.0749158165066855,0.0130072797077474,0.0709888156748936,0.009598170576105,-0.9001277374412413,0.6149238207799167
21CMA-DDR1-J160019+871831,16:00:18.97,+87:18:30.6,P,0.1088000723588147,0.020710574179493,0.089368386146545,0.0172778166777213,0.0783474361096389,0.0084606783207107,0.075047851042113,0.009903122011036,0.0810493528759081,0.0073409296885411,-0.5300507681992015,0.3794004350730877
21CMA-DDR1-J163252+872857,16:32:52.12,+87:28:57.3,P,0.0799975255983902,0.0145279175886969,0.0948545427349122,0.0078186430250657,0.0944924272049111,0.008653766658753,0.0937111479450085,0.0096375794962017,0.0788569516828438,0.0057368764411919,-0.2718568846941379,0.3101043875561394
21CMA-DDR1-J173714+873822,17:37:14.30,+87:38:22.5,P,0.4790248876869891,0.0117597843711171,0.3628403454720586,0.0114563906926695,0.3538339305427654,0.0101498245030022,0.3245145019537716,0.0100765330401251,0.2956447759892784,0.0105540655026928,-0.8881286976430575,0.0684223476693037
21CMA-DDR1-J200410+871524,20:04:09.84,+87:15:24.2,P,,,0.0741873404806229,0.0182705755527394,0.0667199856792398,0.0135452040862798,0.0564418349914472,0.0101806765720942,0.0536130807769421,0.0058155549289261,-1.3016198443801654,0.9300713592048616
21CMA-DDR1-J195227+872022,19:52:26.97,+87:20:22.0,P,0.0926547399604744,0.0224058244237477,0.0929915843374368,0.0268832259638014,0.0714963022388121,0.0203191126695428,0.0551586762088516,0.0137971482155763,0.0457068159929118,0.0096830702738355,-1.3615313480204088,0.5808910412730761
21CMA-DDR1-J211957+861909,21:19:56.71,+86:19:09.5,P,0.3174531751438733,0.0235289864450499,0.2236156667515802,0.0174592992141991,0.2225855383219586,0.0158704505351931,0.1790926191670256,0.0141008472473627,0.1681065518963487,0.0114505419069629,-1.2082906848747288,0.1801522061509808
21CMA-DDR1-J193218+872518,19:32:18.40,+87:25:18.3,P,0.1588324857473587,0.0120878316177319,0.1233644038711446,0.0067535122739753,0.1119959624405374,0.0064687487599863,0.1051252442411992,0.0060842000440039,0.0943613908496099,0.0041948078699064,-0.9930377689336884,0.1571730936656999
21CMA-DDR1-J202527+870254,20:25:27.00,+87:02:53.5,P,0.0724569512713483,0.0139993750621829,0.0818026560592097,0.0144444137795522,0.073196640321124,0.0082401383092483,0.0700058663354108,0.0068296176566186,0.0626416260536574,0.0057750135899349,-0.394801169743608,0.3799834294703448
21CMA-DDR1-J155729+871436,15:57:28.77,+87:14:36.0,P,0.0663635237425993,0.0196155762515917,0.0812230255753436,0.0201471280407117,0.0658234549141769,0.0094874081460576,0.0555469771088586,0.0118542841353218,0.0457599799476244,0.0060051848017104,-1.0626956575250697,0.5686262863764044
21CMA-DDR1-J204027+865242,20:40:26.91,+86:52:42.2,P,0.3419453473911614,0.0166733888344084,0.2692966405576757,0.0122319964956013,0.263550047834126,0.0093193372898323,0.2314236877403002,0.0075521262513961,0.2160822782062774,0.0053932080666708,-0.8912802920577203,0.0986963545127912
21CMA-DDR1-J181332+873714,18:13:31.70,+87:37:14.3,P,,,0.0470094565861723,0.0140621258228642,0.0414453427933993,0.0087041698337201,0.0339207754264684,0.0087706634613994,0.032536681356877,0.0059798276524589,-1.5133933488248417,1.2483900746019103
21CMA-DDR1-J151307+864933,15:13:06.77,+86:49:33.1,P,,,0.0524647102404536,0.0164094442703362,0.0436594195608672,0.0095290525265517,0.0416541845510246,0.0114015344700495,0.040191850510756,0.0095844960778617,-0.9219518715316912,1.4367636947116138
21CMA-DDR1-J150034+863829,15:00:33.59,+86:38:29.3,P,,,,,0.0315286202467014,0.0089945948632736,0.0351805830314475,0.0089590548912282,0.0251674070998336,0.0080730943160691,-1.2220504594309956,2.6636469293452167
21CMA-DDR1-J200449+871134,20:04:49.02,+87:11:34.3,P,0.2661030242009695,0.0210958854068916,0.2132545652724186,0.012308083061536,0.2035576869469999,0.0094985089710013,0.1856009000793212,0.0097119205128973,0.1723277154982929,0.0057242349995718,-0.8447057997410251,0.1482141560693591
21CMA-DDR1-J211523+862003,21:15:23.18,+86:20:03.3,P,1.030093140588478,0.0189983244400874,0.8156057369367476,0.0183181016545667,0.7894739439609912,0.0183853652334087,0.7049017081901259,0.014547165109002,0.6481946498650403,0.0115385019694929,-0.8672686700717812,0.045796588493187
21CMA-DDR1-J151249+864627,15:12:49.32,+86:46:26.8,P,0.2465376268693119,0.0163533608663736,0.1825833998594836,0.0117352657070848,0.1579436580439036,0.0092315617510972,0.1429873303997544,0.0101908209475319,0.1501327670777048,0.006520474306707,-0.9733473382654664,0.145977207049919
21CMA-DDR1-J183224+873407,18:32:23.92,+87:34:06.9,P,0.4402821548156841,0.0204369060940611,0.3069782452133152,0.0179931387749259,0.3001486828194162,0.0126420087260753,0.26016812582129,0.0226541058349085,0.2244250400881499,0.0162194608644859,-1.186972290769255,0.1347438099001597
21CMA-DDR1-J174722+873536,17:47:22.01,+87:35:35.5,P,,,0.0457715410398946,0.0147746996448514,0.0480018619573049,0.0112516311423309,0.0425512862800269,0.009405623639339,0.0348709328417572,0.006011625924396,-1.383596021055043,1.277059470551511
21CMA-DDR1-J152551+865456,15:25:51.39,+86:54:55.7,P,0.1035829453032474,0.0251684664061598,0.1413256711487362,0.0137448144683121,0.1170930446583366,0.0091532031146442,0.132051390016216,0.0117532335228017,0.104986432615026,0.0068407591211826,-0.5088073928666225,0.344902794049531
21CMA-DDR1-J171219+873137,17:12:18.73,+87:31:37.2,P,0.3727003476035449,0.0155379268136652,0.2870855048920768,0.0108146540595036,0.2961665479852898,0.0116415260925697,0.2803378236836186,0.0129448185999638,0.2382082926785165,0.0085080123413402,-0.7740515566330378,0.0993340331094705
21CMA-DDR1-J195803+871301,19:58:03.19,+87:13:00.7,P,0.0735944524953224,0.0229985506528454,,,0.0669554633746545,0.0164468376904336,0.0545185087449643,0.0165223390309628,0.0631443060999598,0.0046366562735145,-0.2772474472776013,0.5829257104196987
21CMA-DDR1-J194242+871832,19:42:42.10,+87:18:32.3,P,0.0985353483643298,0.0208645265247463,0.1086764753661818,0.0155045727468223,0.0946704828928038,0.0130498090863801,0.0854945267071711,0.0098882971815801,0.0744160361329921,0.0073038433347201,-0.765716908074267,0.4022269685158599
21CMA-DDR1-J183924+873212,18:39:23.73,+87:32:11.6,P,0.9398128263805317,0.0208369820180629,0.6487617365657041,0.0238603405198553,0.607117855688434,0.0191522738487559,0.5338212181529927,0.0260772287213703,0.403933803761134,0.0180223785221758,-1.4034291297090074,0.0728249645097355
21CMA-DDR1-J142323+855145,14:23:22.59,+85:51:45.1,P,,,,,0.0615749084397518,0.0164157628843896,0.0513172145693267,0.0105803195611673,0.0490396369530864,0.0120393707542609,-1.4049366951884514,2.259388170164774
21CMA-DDR1-J144521+861904,14:45:21.39,+86:19:04.0,P,,,,,0.0520889356759418,0.0117324216492271,0.0431969067582434,0.0114151364797436,0.0502220614981693,0.0099083856080307,-0.1807951965338821,1.8655038136416788
21CMA-DDR1-J144139+861440,14:41:38.75,+86:14:39.6,P,,,0.0710696975703263,0.0182052121023263,0.0575907290990287,0.0115727951018449,0.045504377456561,0.0110029138706231,0.0529346482942033,0.0106952927437569,-1.1997626148646718,1.210964873875818
21CMA-DDR1-J140952+852555,14:09:52.40,+85:25:54.6,P,0.7353809078373095,0.0201789672737182,0.5487791282979629,0.0230834205250472,0.645322509966937,0.0238719461957979,0.6682165020781529,0.0289050887500039,0.4367087218401567,0.014812035605991,-0.7313518742154724,0.0755209151128441
21CMA-DDR1-J191015+872553,19:10:15.26,+87:25:52.8,P,0.0485843492837591,0.0123055532880793,0.0488784946931177,0.0119412676472516,0.0465741824081325,0.005408407831193,0.0438933554934031,0.0099798890710424,0.0384253090063688,0.0049820326131035,-0.5316486260920883,0.5149957862674184
21CMA-DDR1-J161605+871607,16:16:05.03,+87:16:07.0,P,,,0.0385126661788403,0.0126071710985264,0.0415870524119179,0.0111858481217036,0.0461272736186321,0.0099749373221055,0.0341537164182431,0.0066020261721806,-0.6001503139824697,1.3722796411476883
21CMA-DDR1-J200244+870754,20:02:44.12,+87:07:54.4,P,,,0.0684339500357577,0.0158658973027093,0.0710582638407752,0.0149884716515754,0.0502213199905792,0.0103721584977287,0.0504527504298173,0.0070162061916867,-1.4757309423788365,0.9916346698113908
21CMA-DDR1-J170825+872821,17:08:24.75,+87:28:20.9,P,0.1157052267803864,0.0220077133796964,0.1094080361980408,0.0125738862994345,0.1054770167807545,0.0222758978984102,0.0865342678666183,0.0142255662371999,0.0770813923051413,0.0094008556389638,-0.8819068398329712,0.4012175701781041
21CMA-DDR1-J212342+860129,21:23:41.53,+86:01:29.1,P,0.3222320666867209,0.0208688913466723,0.1911665042296865,0.0147596960726317,0.262832946398766,0.0219737644450853,0.190857225994587,0.0227264821919728,0.1610758035311884,0.0161539972369185,-1.1474492951794226,0.1926485584992843
21CMA-DDR1-J205704+863330,20:57:03.87,+86:33:30.0,P,,,0.0639613639597572,0.0208969842386214,0.061008112476057,0.0179975674638788,0.0568941382172742,0.0164776783209951,0.0364223455448093,0.0099338391927673,-2.1884318435475625,1.597467287046045
21CMA-DDR1-J140459+851406,14:04:59.29,+85:14:05.5,P,0.4530504868819161,0.019853047182667,0.3133041880881685,0.0180736077287336,0.405247638724589,0.0214868115615663,0.4082504660979079,0.024807392143305,0.2156141525908389,0.018814404047433,-0.6633830928718711,0.1319366828516982
21CMA-DDR1-J214036+853822,21:40:36.22,+85:38:21.9,P,0.1957468761535535,0.0377622423645998,0.2109343941385122,0.0238557223362961,0.2123983024791164,0.0245010424517941,0.1701898518371837,0.0217022034317467,0.1694605937994297,0.0281184664016072,-0.3925712292883753,0.4294772513439728
21CMA-DDR1-J203315+864856,20:33:15.17,+86:48:56.3,P,0.4280446368102786,0.0184540123394054,0.295947516155894,0.0123147823162152,0.2645777883975043,0.0082098005563648,0.252770744007214,0.0107189983631359,0.2255302008955108,0.0090300010879328,-1.2099674166063057,0.1039996917110761
21CMA-DDR1-J153158+865151,15:31:58.44,+86:51:50.6,P,0.1065190095792018,0.0282763738983823,0.0870200196557299,0.0128247012975559,0.088913473678896,0.0087231057860288,0.0759691562110131,0.0131466011909863,0.0761609794612044,0.0067131857347729,-0.6664114085226495,0.4392391265376661
21CMA-DDR1-J155155+870201,15:51:54.70,+87:02:01.0,P,0.0980350529589622,0.0177552208757399,0.1190087669260941,0.009408326543815,0.1072456961887405,0.0063093962572183,0.0980588074229625,0.0077749458495374,0.0855565129997649,0.0049269503030533,-0.7810117738936879,0.2792947352639327
21CMA-DDR1-J151326+863751,15:13:25.83,+86:37:51.4,P,,,,,0.0409194215775653,0.0112902970540163,0.0364663554287679,0.0114137437334274,0.0317610569513624,0.0067095737857335,-1.5909215249901911,2.154694743516897
21CMA-DDR1-J141737+852943,14:17:37.16,+85:29:43.5,P,2.227698263006219,0.0464337090038628,1.5443015135119404,0.0348520243609229,1.6071827558328282,0.0327187100635489,1.4739386022367675,0.0363155018259248,1.1061479119536777,0.0237203630087519,-1.1713051139870871,0.0526895719744588
21CMA-DDR1-J144326+860507,14:43:25.85,+86:05:07.2,P,0.5368643249995156,0.0180138472805884,0.3726603567964991,0.0113239228845466,0.2951394319029425,0.0108544570864975,0.2267861357821559,0.0111134648786998,0.2528470801327165,0.0102049268542257,-1.5972108766480573,0.0903537043759764
21CMA-DDR1-J153116+864701,15:31:15.81,+86:47:00.7,P,0.086388197530218,0.0214209336477327,0.080911041688209,0.0124938976066527,0.0756098042953053,0.0086170614671511,0.0617912973672838,0.0165458773297503,0.0638358343556238,0.0060563090536126,-0.7244729736286372,0.4422462893482919
21CMA-DDR1-J200953+865758,20:09:53.11,+86:57:58.0,P,,,0.0592434309699172,0.0143388175518608,0.0549162386020478,0.0140950757202858,,,0.0351637814002993,0.0108259088392154,-2.0891264075628,1.557809391154552
21CMA-DDR1-J161902+870953,16:19:02.13,+87:09:52.9,P,,,,,0.0447638814187472,0.0106883257126381,0.0503875536561296,0.0105642804373725,0.0339928654907227,0.0059219534436404,-2.005883222410328,1.821560594903892
21CMA-DDR1-J204342+863523,20:43:42.38,+86:35:23.2,P,2.3406710736809693,0.060390760300086,1.64473254036538,0.0543330756982399,1.5084609064865362,0.0381538971097895,1.294112072188633,0.0486491972411951,1.0041762067232394,0.0331382208383111,-1.465810485115954,0.0703328710749167
21CMA-DDR1-J201845+865159,20:18:44.58,+86:51:58.9,P,0.8800121628176157,0.0199883237477689,0.6494594675208173,0.0156951673612312,0.5956601949879106,0.0145411899814281,0.5203429736981744,0.020921864793532,0.4406961875704989,0.0186979839122171,-1.1963199232986874,0.0692326858179103
21CMA-DDR1-J172842+872310,17:28:41.62,+87:23:10.2,P,0.11399770858487,0.020605263986652,0.1220239174488806,0.0134645412773325,0.1177324331562973,0.0097758890289948,0.1090956237344353,0.009463997218607,0.0966954799477147,0.0069440906630332,-0.5175567122451264,0.3216157218923202
21CMA-DDR1-J171743+872156,17:17:42.92,+87:21:55.8,P,0.3400332589138852,0.0206535528337146,0.2874655503595092,0.0124523874232647,0.2862934587071634,0.0146511747946131,0.2786736426666502,0.0139401117727967,0.2241862300080045,0.0109221917217661,-0.684081137037929,0.1377966312075338
21CMA-DDR1-J205914+862014,20:59:14.12,+86:20:14.5,P,0.1105824338346796,0.021747474468367,0.132171958732274,0.0174969395327883,0.1271769603629726,0.0133364409772579,0.0968553807161559,0.0165704621834329,0.0872562830851076,0.0155881281243662,-0.4621542095894969,0.4596591908588568
21CMA-DDR1-J200406+865711,20:04:05.71,+86:57:11.4,P,0.3328940608761249,0.0152361212984898,0.2572704754792481,0.0095098301203304,0.2395849945721965,0.0106449845460223,0.2153389873426697,0.0135282621935104,0.193491634408119,0.0109963719960181,-0.9981227787141852,0.1229903042171349
21CMA-DDR1-J192151+871301,19:21:51.22,+87:13:00.6,P,0.0563662446759621,0.0137653724014011,0.0602452248143576,0.0170259730187311,0.0670605544610892,0.0135169191850262,0.0454757087666129,0.0114483161766851,0.0436618519151405,0.005817410746038,-0.6199487803885749,0.5135043417673836
21CMA-DDR1-J185423+871846,18:54:23.34,+87:18:46.1,P,0.270663000801824,0.0166648561827482,0.1885995867332684,0.0126861981735291,0.1734727626613665,0.0089132400139156,0.1544210393393735,0.0098483279477338,0.1467200882552179,0.0085259496718566,-1.189306218464688,0.1503056117448301
21CMA-DDR1-J210116+861658,21:01:15.67,+86:16:58.2,P,0.1080951589690778,0.0189706371237596,0.1154180267470961,0.0162668316039569,0.1136300299221031,0.0113576976169362,0.0845642421617205,0.01130583390442,0.079846975231492,0.0119812656483296,-0.6354405226234079,0.4032554016474193
21CMA-DDR1-J180402+872245,18:04:02.07,+87:22:44.9,P,0.1107313851618726,0.0174931688648702,0.1208855347789833,0.0073982268502937,0.1198387141170821,0.0085533507846845,0.1124155415927928,0.0091863344716229,0.0932510827229523,0.0056982745504565,-0.6109306740095183,0.2572244697008585
21CMA-DDR1-J194644+870334,19:46:44.18,+87:03:34.4,P,0.2374485029591308,0.018389938248037,0.1873999157621726,0.0100161733275382,0.1726876899390148,0.0098227962104251,0.1577519470272915,0.0111863021225995,0.1425478116507007,0.0077671197573405,-0.9767413208727036,0.1701324840010588
21CMA-DDR1-J175113+872202,17:51:12.70,+87:22:02.4,P,,,0.0549707267385444,0.0109596591057314,0.0458526788916209,0.0106760619860765,0.0388244430470289,0.0088466013565824,0.0403168006966226,0.0057954285444402,-1.2067055423129336,0.938166067403329
21CMA-DDR1-J141426+851424,14:14:25.86,+85:14:23.6,P,0.2875373915658122,0.0426607928149816,0.2711210447083974,0.0247859476685422,0.3036765568443125,0.0241005238238199,0.3238117775848699,0.0518585404839915,0.1666702967798328,0.0244032405240251,-0.4933091366658475,0.3588103654643517
21CMA-DDR1-J141918+852103,14:19:18.03,+85:21:03.0,P,0.2957893226498885,0.0534635197177955,0.2896215641675818,0.0257137353440888,0.3055176517037825,0.023859155436932,0.2795713432793281,0.0513704620260812,0.1909615949428571,0.0138015069016648,-1.1716763870602611,0.3161471135525366
21CMA-DDR1-J142430+853032,14:24:29.85,+85:30:31.8,P,,,0.1264558538726346,0.0299193169307375,0.1019926424682808,0.0245624156639805,0.0934191684866477,0.0236254951352641,0.0787977869504155,0.018894613567144,-1.8072060810703936,1.275834763381159
21CMA-DDR1-J143112+854011,14:31:11.90,+85:40:10.9,P,0.1897661158734557,0.031866562895059,0.2026709683354527,0.0175372438273576,0.1487617186880221,0.0187613102151984,0.1239011310529969,0.0169024440818562,0.1318833806947194,0.0180942179654793,-1.0635634582916234,0.3755961169428179
21CMA-DDR1-J210621+860535,21:06:20.86,+86:05:34.8,P,0.6160405722261114,0.0205155244246753,0.589771727026981,0.0277687228635446,0.5597384307079482,0.0236458807751428,0.5034730947239782,0.0281014056890071,0.4605277158208715,0.0191759207097666,-0.4904610772802923,0.0922591003188535
21CMA-DDR1-J210824+860231,21:08:24.19,+86:02:31.0,P,0.472854940946461,0.0219267329788039,0.4012882309069054,0.0191505711238864,0.3960315397086486,0.0190206566520948,0.3486907211208107,0.023697232239724,0.36928466940409,0.0199080317887507,-0.5184605196745767,0.1235011070893062
21CMA-DDR1-J170113+871337,17:01:12.73,+87:13:36.7,P,0.5483728653191988,0.0140952996013099,0.4318594011562321,0.0117222806679589,0.4169188222634667,0.0108267835417128,0.3767002792768908,0.0149268723693511,0.3387762266796393,0.0112757039062611,-0.8669771478137538,0.0707221197117975
21CMA-DDR1-J173728+871746,17:37:28.32,+87:17:45.9,P,0.0692309444273776,0.0171277749881674,0.0806039814322911,0.0157445885330671,0.0920825733094066,0.009986093418105,0.0839888753946461,0.0077640675311239,0.0909995163082914,0.0055174071752489,0.4043696601826409,0.400142835419638
21CMA-DDR1-J203044+863534,20:30:44.18,+86:35:34.3,P,0.1170519885437841,0.0246058195648066,0.115131148335975,0.0236075210294475,0.1081661660423067,0.0219204293888886,0.0987820883153643,0.0273516469109985,0.0823020972498878,0.0127075207902672,-0.6779438253695094,0.4825740338774
21CMA-DDR1-J141848+851450,14:18:48.25,+85:14:49.7,P,0.9171018906427336,0.0417009689492804,0.6154378972487952,0.0264617442055365,0.7025664142336409,0.0287519566515009,0.6285655804820265,0.0401839272230667,0.4099666367692551,0.0204118263414376,-1.2405462713425344,0.1181340638323922
21CMA-DDR1-J175801+871541,17:58:00.69,+87:15:40.9,P,0.2211659208503041,0.018950774718086,0.1549270598714706,0.0085446725412865,0.1644606875111656,0.0076696661910727,0.1450807145005458,0.0092944878005296,0.1296672841478273,0.0056658142947349,-0.9417420718781072,0.1679543629142543
21CMA-DDR1-J214623+850136,21:46:22.77,+85:01:36.0,P,0.3035619361694904,0.0418592138393002,0.2702055782103864,0.0193108422324963,0.3654719462537587,0.0321491484541341,0.3566315243391671,0.0729171001059112,0.1546217154980282,0.0378691729248846,0.0170892317948657,0.3875573405858792
21CMA-DDR1-J150217+860815,15:02:16.61,+86:08:15.3,P,1.4083285177085243,0.0486062044083567,1.2402216776709447,0.0344194019035429,1.0372436336815452,0.0246472322745861,0.8767076581783981,0.0365315838239362,1.0070062157552853,0.0305620688536539,-0.784601396988359,0.0827617588846559
21CMA-DDR1-J203957+862335,20:39:57.15,+86:23:35.0,P,0.2616685676408254,0.0195819593095782,0.2042074478689589,0.016174286511145,0.198190754402852,0.015453563864886,0.1847246244320606,0.0166115729650149,0.1428877669801144,0.0143227812173031,-0.960950193367511,0.2025333136725861
21CMA-DDR1-J162610+865853,16:26:10.27,+86:58:52.5,P,0.3146851549394271,0.016025242531657,0.233816876411303,0.0137695630018556,0.2225204394611594,0.0108700884178305,0.22706181617254,0.0114462952829054,0.1840935406747038,0.0087091710238545,-0.9238576069164762,0.1236322146513067
21CMA-DDR1-J150135+860515,15:01:35.44,+86:05:14.9,P,0.5439216350090176,0.0506595005100727,0.4062934838444867,0.0339868031517704,0.3202243608208291,0.0224284118052559,0.2481108359173336,0.0374680526917013,0.319174348037414,0.0338892185101097,-1.2634823341778625,0.24504738024768
21CMA-DDR1-J185216+870800,18:52:15.77,+87:07:59.7,P,0.0882556377490822,0.0195104389940284,0.0790795002473944,0.0107010766189719,0.0656015138216235,0.0070662306743047,0.0644941027323508,0.0083502396442229,0.0592973623157144,0.0072840252572243,-0.8384914742079425,0.4372865189443773
21CMA-DDR1-J193904+865500,19:39:04.32,+86:55:00.0,P,0.4235441354881286,0.0182757474776995,0.3435970636920619,0.012135174987657,0.3223111895399828,0.0115359933100587,0.2983734252108314,0.0150238571963247,0.2654337633576459,0.0108091706037037,-0.8602309189602829,0.105714269598423
21CMA-DDR1-J190532+870510,19:05:31.75,+87:05:10.3,P,0.0711930846305231,0.0163372397144082,0.0662942680928451,0.0144913254166616,0.0589612980692016,0.0130363372223084,0.0537617265821803,0.0129975629898388,0.050485614938169,0.0069344032913544,-0.7091853802105239,0.4911138433012476
21CMA-DDR1-J161942+865514,16:19:41.83,+86:55:14.3,P,0.0965031825908,0.0239385012922605,0.0977462225506697,0.0221871279529593,0.0783478970073477,0.0170088256479387,0.0955698914161587,0.0220639866840918,0.0635686571670834,0.0141775208035781,-0.6172010692079211,0.5911169301412357
21CMA-DDR1-J212812+852527,21:28:11.95,+85:25:26.7,P,0.2261249137111063,0.0255401221571291,0.2094291606523141,0.0191703660457057,0.2000949741877244,0.0202113291403195,0.1604451904816575,0.0236824300633891,0.1277598726606642,0.0305449991966247,-0.6968283352191981,0.3313507448470302
21CMA-DDR1-J190032+870338,19:00:32.32,+87:03:37.7,P,0.1229121372748555,0.0208670481129846,0.1266955261329817,0.0118207877760939,0.1148798892277202,0.0109174348381698,0.0887796121985203,0.0136759508747276,0.0917167943169799,0.0071657583113732,-0.826080001779905,0.317381224502437
21CMA-DDR1-J145409+855247,14:54:09.26,+85:52:46.6,P,0.1821972431914624,0.0368563182560923,0.2262933430924074,0.0476226844354519,0.1371724216844944,0.0245201960843678,0.1009423267790553,0.0232897277029111,0.088099864573861,0.0147838347934214,-1.5264730337886343,0.4795850983787167
21CMA-DDR1-J195538+864209,19:55:37.89,+86:42:09.2,P,0.6031694030705251,0.0147003339034633,0.4533524187702429,0.016769629556149,0.4136203907234932,0.0132761685857842,0.3644931538455306,0.016514856922801,0.31437078833171,0.0129192896664555,-1.1613101368508163,0.0744110087128275
21CMA-DDR1-J154420+863119,15:44:19.92,+86:31:18.8,P,0.1289812972586893,0.0198366301223528,0.1760504989516381,0.0226332623244044,0.1580549769950962,0.0174423826602989,0.1280243194019248,0.0189236487604795,0.1594538793990426,0.0204807140066032,0.1966236325041722,0.3589360336037195
21CMA-DDR1-J210405+855107,21:04:04.58,+85:51:07.1,P,0.085859587500484,0.0194992501423655,0.0878455348486635,0.0236461601535466,0.0759065122964142,0.0197027939607887,0.0599777318259934,0.0182760820722171,0.0537216694046921,0.017268391958916,-0.7718788118588849,0.6333390136547615
21CMA-DDR1-J183633+870339,18:36:32.82,+87:03:38.9,P,0.1275540458746069,0.0251424421317712,0.0798696529119682,0.0168230635291118,0.0745454545071526,0.0164293408413651,0.0782371839198688,0.0158308678123135,0.051519643969074,0.0096298980430257,-1.5181861851956235,0.482486353633543
21CMA-DDR1-J183325+870225,18:33:24.68,+87:02:24.6,P,0.39144612518997,0.0215992303080286,0.3264812223095939,0.0224548181521542,0.3200923198002328,0.0237789099850932,0.3117976295289052,0.0208603462154134,0.2624816255780321,0.0183346521113116,-0.6536789136562007,0.1486532569855029
21CMA-DDR1-J201041+863150,20:10:41.43,+86:31:50.1,P,,,0.078574126385307,0.0255926567028002,0.0772426802534711,0.0207359169329933,0.0733944205214607,0.0191494174948434,0.0532275138650284,0.0088522734350134,-1.7878599127758248,1.2940658388188828
21CMA-DDR1-J182749+870347,18:27:48.75,+87:03:46.6,P,0.0768739788019833,0.0181725889984667,0.0674598961953046,0.0163040699617478,0.0620168092950393,0.0159464348137297,0.048979439554308,0.0133176322271802,0.0375646742384794,0.0079004812476873,-1.3002598162780994,0.5728268774115937
21CMA-DDR1-J212505+851835,21:25:05.00,+85:18:34.9,P,1.005925539903005,0.0276388884089294,0.8067317506108044,0.0254109595050115,0.7722335271897466,0.0258014652143376,0.5876240998403478,0.0378445305886472,0.4795002170032949,0.0276546258744713,-1.080219867608753,0.0895154242283487
21CMA-DDR1-J143152+851410,14:31:52.02,+85:14:10.5,P,0.160897768237253,0.0242786514520766,0.1603392138422513,0.0156378210799326,0.1690480627853053,0.0144452091427985,0.1341116497372131,0.0272740604058204,0.096886610512558,0.0183593743061243,-0.5073011114395256,0.3932020055812906
21CMA-DDR1-J200125+863507,20:01:25.19,+86:35:07.4,P,0.0780045941457852,0.0200196397426252,0.0782300457161283,0.0194871093732427,0.0725224573251243,0.018904306527419,0.0591452633580113,0.0133680684215132,0.0551080372685521,0.0102615843534958,-0.7282010732123159,0.5768754610731025
21CMA-DDR1-J154309+862427,15:43:08.80,+86:24:27.3,P,0.3776556107807656,0.0207737993674793,0.3100391216732382,0.0226823747658567,0.2760386319997552,0.0212589585880341,0.2180292303219335,0.0163335631477857,0.1996017496538711,0.0131812330312588,-1.1920412341722202,0.1481677584611955
21CMA-DDR1-J171339+865752,17:13:39.11,+86:57:51.7,P,2.82598738132037,0.0773092027925037,1.990424244100916,0.0521386595100697,1.976680547127072,0.0497618673536512,1.8808711339453423,0.0608316378356826,1.6098183253212826,0.0513507008340324,-0.9956637656497148,0.0712384282514629
21CMA-DDR1-J200639+862950,20:06:39.17,+86:29:50.2,P,0.3112891575295552,0.0241255403393094,0.2439959033334919,0.0157248167345707,0.2294164013431469,0.0175967630191418,0.2081482301621886,0.0172523199887711,0.1721076730308741,0.0107008166095891,-1.0916530663675692,0.180358224108933
21CMA-DDR1-J144827+853339,14:48:27.19,+85:33:39.4,P,0.112161130233426,0.0223948236515444,0.1098478687826634,0.0229358482364593,0.0940008488267964,0.0202602476341683,0.0637509392503729,0.0149001229980806,0.0754382445914385,0.01714715399365,-0.9185608959253356,0.5186944890267606
21CMA-DDR1-J165638+865349,16:56:38.27,+86:53:49.1,P,0.2482747798109636,0.0177252601178482,0.1814294394150335,0.0162246634749969,0.1743913162558512,0.0140072366935343,0.1705928745591202,0.0138322368759039,0.1456828626327652,0.0097280131899844,-0.9624324720111112,0.1758278482731921
21CMA-DDR1-J160747+863623,16:07:46.78,+86:36:22.6,P,0.1135299751291639,0.0259045889022267,0.0778842081049609,0.0182371579129796,0.0704930025275696,0.0127725882454518,0.0553197407834423,0.0131375509775528,0.0431692102638166,0.0080964231837744,-1.7970363516797982,0.5363803979919497
21CMA-DDR1-J151236+855840,15:12:36.49,+85:58:39.7,P,0.1061047557064747,0.0223246569128953,0.1396846863042489,0.0253904813809889,0.1208290276222257,0.0162596621016632,0.0942285803782753,0.0180540275263627,0.1024359619007675,0.0202803876600495,-0.2148058115624426,0.5038021651810293
21CMA-DDR1-J190025+865215,19:00:24.71,+86:52:15.1,P,0.2002560162986713,0.0243131449950488,0.1280160307206273,0.0136783688365558,0.1204199136832159,0.0121206022984014,0.1059311299004269,0.0116981687237468,0.105937107387297,0.0097231024474522,-1.2225393166834533,0.2754242766764505
21CMA-DDR1-J163252+864449,16:32:52.11,+86:44:49.5,P,0.0951349116024513,0.0212852235817155,0.0966975623635552,0.0183613152472048,0.0927184283884503,0.0087034643140887,0.1029957287036414,0.011959895647742,0.0734162382135948,0.0103498299330766,-0.323985739263627,0.4662776492069153
21CMA-DDR1-J162149+864044,16:21:48.83,+86:40:44.0,P,0.1167601159654413,0.0196808008965493,0.1294365612967067,0.0235500452407728,0.1351600211369753,0.014250905383185,0.1280229178863082,0.0130119739966835,0.123752321726155,0.0150716750176323,0.107854820299352,0.3712255032155265
21CMA-DDR1-J203249+860753,20:32:49.31,+86:07:52.8,P,0.7025242551542563,0.0201791641057324,0.5449783965403484,0.0143922642700659,0.4848557223246463,0.016994123722477,0.4116624680957916,0.0185277844726453,0.3460773739228344,0.0176260102462884,-1.2057513898009098,0.0862242762979283
21CMA-DDR1-J191911+864518,19:19:11.16,+86:45:18.4,P,0.2113907687600131,0.0153102739972226,0.1684528938213471,0.0098902613368143,0.1725598031509973,0.0097851323186602,0.141594937525708,0.0095992830042045,0.1310400039254722,0.007554850639457,-0.8965276243326181,0.1664244062404762
21CMA-DDR1-J154549+862014,15:45:49.06,+86:20:13.7,P,0.0955093867527518,0.0238483698162105,0.10828950936122,0.0250752895470549,0.1048350157434227,0.0210172443838935,0.072510677159386,0.0195520366090195,0.07582317175243,0.0097615596910629,-0.636591146264066,0.5108546857815259
21CMA-DDR1-J174939+865550,17:49:38.74,+86:55:50.0,P,0.0605771368285688,0.0144628446221189,0.077194425101153,0.0149358004107899,0.0772438738245867,0.0068265268052571,0.0595697787092114,0.0104989369227872,0.0608999703525484,0.0046892620753926,-0.4426212004293015,0.411084169326896
21CMA-DDR1-J150329+854244,15:03:29.38,+85:42:44.4,P,2.494549033594478,0.0591170234867362,1.9013568498716,0.0750887682034383,1.6263050456566683,0.0479313319688215,1.22614768016588,0.0521067498382677,1.25458020315464,0.0556693022220238,-1.3428904278574842,0.0735404462967364
21CMA-DDR1-J200731+861944,20:07:30.59,+86:19:44.3,P,,,0.0748546082562067,0.0177230255662595,0.0651989316995575,0.0147318892154284,0.0738447964437745,0.0104104097015522,0.0486962539705767,0.0115631597518618,-1.0574288281318862,1.216902844720907
21CMA-DDR1-J184844+864755,18:48:43.80,+86:47:55.1,P,0.9771543795185276,0.0181657927335158,0.7629179863349882,0.0182343715322436,0.7366158595454442,0.0154011211147082,0.6950962411814164,0.0245428193411356,0.6018985090388476,0.0146241577179409,-0.8668618355830418,0.0523961174515476
21CMA-DDR1-J200436+862026,20:04:35.91,+86:20:25.8,P,,,,,0.0526503761068996,0.0163679307592602,0.0503867360510558,0.015655140814417,0.0332409362042075,0.0105175053384784,-2.820844225885696,2.764852975611896
21CMA-DDR1-J161738+863119,16:17:38.27,+86:31:19.1,P,0.0813166026601507,0.0200242771314077,0.0785604659893493,0.0163886933679407,0.0910128633693945,0.0139788628470183,0.0798006100017715,0.0154959602761331,0.0585906991599875,0.0079346001923269,-0.6622228319010333,0.506539665958405
21CMA-DDR1-J165325+864332,16:53:25.42,+86:43:32.1,P,,,0.0523452884809794,0.0154690624489666,0.0695384239269497,0.0170899340044327,,,0.0412728701001604,0.011341860181976,-1.3405098408225156,1.5677596667464708
21CMA-DDR1-J193854+863157,19:38:54.30,+86:31:57.3,P,0.3436113290240756,0.0148198157847279,0.2429867936704983,0.0149352382771607,0.2223446549321166,0.0141334328783601,0.2251528491888633,0.0174527846175982,0.1835957869986267,0.0132477920104802,-1.134156615740016,0.1319182790464034
21CMA-DDR1-J192819+863533,19:28:19.10,+86:35:32.6,P,0.0765776895055692,0.0158878047081072,0.0838345623448297,0.0107105963732643,0.0789857583172038,0.0114507228707344,0.0651320496236246,0.0088375773602752,0.0634792814328031,0.0078213549806432,-0.5606653250259033,0.4213330424522006
21CMA-DDR1-J204846+854220,20:48:46.30,+85:42:20.4,P,0.4592288868797486,0.0292465749726417,0.3578985190229468,0.0295552505109808,0.3379588462408907,0.0242921418098741,0.2342514082019739,0.0227830890227047,0.3436237859990555,0.0327397266435234,-0.888881450039397,0.1826009994304596
21CMA-DDR1-J210945+851806,21:09:45.31,+85:18:06.2,P,0.1790669389719991,0.0251101848953675,0.1950902246861256,0.0189180249892316,0.1611307482736528,0.020646640601783,0.1352646550832526,0.0315211859260137,0.0769582817323948,0.0230657224488991,-0.7186831372955959,0.4261483458787921
21CMA-DDR1-J175438+864839,17:54:37.75,+86:48:39.4,P,0.1063670199791686,0.0291024770747892,0.1176335144642697,0.0276368522607136,0.0966999630817037,0.0254822477491257,0.0724427699501482,0.0198656707597254,0.0753167911143694,0.013537835464019,-0.8503749613882351,0.5980997221034354
21CMA-DDR1-J180204+864828,18:02:03.84,+86:48:27.8,P,0.3431141123369258,0.0245340217970067,0.2467058543531377,0.0204064706929458,0.2418205556824439,0.0185026833772041,0.2431641458233148,0.0172322506638426,0.2154840370357502,0.0163093076605916,-0.83350035887697,0.1794200499419032
21CMA-DDR1-J181244+864743,18:12:44.33,+86:47:43.1,P,0.3208678657340846,0.0194058081516252,0.2044400086806177,0.012095061099666,0.1856668603917571,0.0116581916047606,0.1710249863473237,0.0138517072127799,0.1477925475554525,0.0085022106374993,-1.4568674202056826,0.1508203091701581
21CMA-DDR1-J194653+862455,19:46:53.47,+86:24:54.6,P,0.5581482110045963,0.0255750029215517,0.3906386641634995,0.0168742651455113,0.3550381080075431,0.014741923064654,0.3140692298596521,0.0174803992613569,0.2819849473270552,0.0171585105026682,-1.2861275611516936,0.1232192483246811
21CMA-DDR1-J171939+864420,17:19:39.08,+86:44:20.2,P,0.265965057013666,0.0185803540856136,0.2189836631537023,0.0105049550769701,0.2218860922011362,0.0113032668708943,0.2097420163531746,0.0167395003095668,0.1934880234369828,0.0112796712086468,-0.5576651766143852,0.1637576473925255
21CMA-DDR1-J144752+851148,14:47:52.38,+85:11:47.8,P,0.9798853437658274,0.0263876357029563,0.7494073591895988,0.0301984116428482,0.7072583151185514,0.0301058631575421,0.4454788084329624,0.0253914361443902,0.3183034530824347,0.0187003770291537,-1.6284141644701071,0.0906519060877122
21CMA-DDR1-J195706+861851,19:57:05.63,+86:18:50.8,P,0.108698959428069,0.0309743723160301,0.0989449886874604,0.0177691325188569,0.091155299391915,0.0199767139579123,0.0922426268034874,0.019143514395969,0.0666100149607176,0.013568424966366,-0.8492381547890684,0.6154973873556702
21CMA-DDR1-J195229+862008,19:52:28.86,+86:20:08.4,P,0.708558450935208,0.047232790972105,0.4691831029433632,0.024736030194339,0.4599921262468935,0.0261681558823458,0.4295751769121003,0.0293423187456287,0.3811007166579701,0.0215866741436144,-1.1218318703433512,0.1569553691370906
21CMA-DDR1-J194414+862400,19:44:13.79,+86:24:00.2,P,0.3901600629205996,0.0266098661870969,0.2777651558242284,0.0160989742977055,0.274520589684982,0.0153964960704857,0.2306407172030206,0.0170244914771539,0.2206114495796134,0.0177349780989328,-1.0825870070233734,0.1756330502901439
21CMA-DDR1-J163932+863155,16:39:32.48,+86:31:54.7,P,1.2716029455933244,0.0452398030748223,1.662934474507428,0.0483404555720684,1.8416401559070497,0.0498134826350198,2.0123458414818,0.07846462918777,1.8473262050330777,0.0683246721718464,0.8347797073259484,0.0888190935627433
21CMA-DDR1-J185225+863847,18:52:24.51,+86:38:46.9,P,0.5987442490195745,0.0246785078036088,0.4051467067056751,0.0192899120745654,0.3771922164269272,0.0154270669129661,0.3929946755171056,0.0205924814699883,0.329890947011048,0.0117760112443542,-1.0919999886115446,0.0997730572602389
21CMA-DDR1-J150751+853156,15:07:51.47,+85:31:56.2,P,0.9280127460736334,0.0289302056299824,0.6534959697155381,0.0264205236933424,0.5614690272883069,0.0255479367513688,0.4318116087767406,0.0306674731094955,0.3733141059133303,0.0246982791569536,-1.589385962226323,0.1040165722394287
21CMA-DDR1-J202225+855837,20:22:25.24,+85:58:36.5,P,0.1724461408220933,0.0269467086152367,0.1822091916269995,0.0138740886587887,0.1686029347704287,0.0130370305701806,0.1269235982114991,0.0140245633145531,0.1346869111683172,0.0113777086195225,-0.7845339006347669,0.3016393363539581
21CMA-DDR1-J202814+855326,20:28:14.36,+85:53:26.4,P,,,0.0754852428668099,0.021607411263472,0.074510077456488,0.0194090221169858,0.0562890280733198,0.0178819867046965,0.0700741112829076,0.0204756558890472,-0.6014238189588648,1.5454337748849485
21CMA-DDR1-J201904+860034,20:19:04.26,+86:00:34.0,P,0.0892567588825863,0.0270674150161131,0.0904667612852287,0.0198734145358324,0.0860169184308591,0.0204547210264915,0.0818056655458765,0.0210271415988652,0.0599615947968468,0.0136685840516908,-0.7021240217326821,0.6777076628022257
21CMA-DDR1-J205854+852243,20:58:53.68,+85:22:42.9,P,0.1821462177167521,0.0264468516483494,0.186748840859894,0.0253769919058427,0.1890667657084075,0.0187263064056051,0.1165618103799748,0.030553671647035,0.0995337010252762,0.0282845270345703,-0.46601101228188,0.4241685728289405
21CMA-DDR1-J172927+863938,17:29:26.71,+86:39:37.6,P,0.2202530313047859,0.0184487148537323,0.1581207276089347,0.011571871076277,0.1603554065611293,0.0091087105362844,0.1645141796726522,0.0112334657867007,0.1374692480059487,0.0094679862121016,-0.7670312007328568,0.1926090679559105
21CMA-DDR1-J152409+854438,15:24:08.99,+85:44:37.6,P,0.1370703851248378,0.0295052656136797,0.1453335907561499,0.0210362149966862,0.1737530534002725,0.0180342457857475,0.1325475564399183,0.0236264100735034,0.1295868626815358,0.0215273898943447,-0.0728204288346527,0.4807394351839325
21CMA-DDR1-J155122+860214,15:51:21.93,+86:02:13.8,P,0.7804803992469999,0.0165729087877853,0.6117583683848312,0.0215786289205211,0.5523752094391983,0.0209995534207084,0.4902757879830113,0.0268767907662592,0.4481754688774831,0.0231157779502751,-1.0089043066985546,0.0767865417043046
21CMA-DDR1-J161125+861342,16:11:24.59,+86:13:41.7,P,0.1197935478904931,0.0208355659411677,0.1163738179457042,0.0138370658792724,0.1006428712656605,0.0153407637591449,0.1087709200222311,0.024786039931119,0.0802496344202681,0.010041241716097,-0.7861518582793796,0.3914365971062438
21CMA-DDR1-J174451+863739,17:44:51.47,+86:37:38.7,P,0.4278894852461593,0.0179080648317795,0.3160061052082357,0.0112139769929017,0.3140835766752712,0.0098514541823104,0.3090574475941282,0.012736657910775,0.2848142200408362,0.0097182183305797,-0.725121869818717,0.0972677514065146
21CMA-DDR1-J152728+854354,15:27:28.13,+85:43:53.7,P,0.1346039230071179,0.035749926867755,0.1549445508643553,0.0364340638129685,0.1501057748079896,0.0220334087812056,0.0998515306685599,0.0236546454957891,0.109112570935961,0.0240599164085698,-0.5322766214515295,0.6160456912074828
21CMA-DDR1-J162528+861940,16:25:27.53,+86:19:39.5,P,0.2338123356942477,0.0217592722441573,0.179930390927706,0.0171297559720334,0.1704747835686218,0.0108086062581532,0.1483028969352023,0.0243963814487616,0.1417601059059306,0.0124595281376105,-0.9446429827623846,0.2326669157623864
21CMA-DDR1-J191214+862708,19:12:13.51,+86:27:07.9,P,0.5375842788948655,0.0212658440000825,0.378636898136717,0.0203212322970678,0.3476630402609409,0.0179817069426288,0.3110625375732011,0.0235234043522316,0.2627925720235097,0.0143270692491309,-1.3086345539897453,0.1142670288838865
21CMA-DDR1-J180233+863712,18:02:32.60,+86:37:12.4,P,0.111660395255743,0.0174374647731515,0.1195541214419078,0.0104363102755603,0.1072852426054887,0.008907938744478,0.0974756810922143,0.0118187295938948,0.0987926084919326,0.0084062329825429,-0.4047948690106145,0.3084844831165192
21CMA-DDR1-J160212+860534,16:02:12.01,+86:05:34.2,P,0.0774866105385903,0.0184435658226051,0.0814524046431664,0.0224742590142721,0.0850455872052652,0.0194132444034499,0.0822767197531899,0.0217652840799472,0.0759825396713228,0.0137717422693919,-0.0122294466903428,0.5512654532425239
21CMA-DDR1-J194921+860911,19:49:21.32,+86:09:11.4,P,0.1205656529618321,0.0273790740907039,0.1366150996209235,0.0156922222456065,0.1285086821399321,0.016517313590072,0.1186945310827842,0.016307593023995,0.0964420296556249,0.0137826319155894,-0.5572346205789279,0.4565540384946437
21CMA-DDR1-J171553+863039,17:15:52.54,+86:30:39.3,P,0.1081729480312903,0.0206161106110719,0.1068200879961796,0.0207933298097621,0.11004168490589,0.0157581669671501,0.0904918476806248,0.0161904055527923,0.1015460106420401,0.0111806636582293,-0.1807167394451911,0.4039768624737829
21CMA-DDR1-J151615+852811,15:16:15.49,+85:28:11.5,P,0.2406591733094105,0.0268508369795597,0.253541296694744,0.0207305906902747,0.2457482530935517,0.0199236258971036,0.1807544578964567,0.0216578829501059,0.1280853868678195,0.019322514472565,-0.776469936521946,0.2932678180825158
21CMA-DDR1-J165255+862430,16:52:55.49,+86:24:30.0,P,0.750879799583547,0.0278459445877608,0.5494802387918913,0.0197874532271256,0.526322103202578,0.0185942047801464,0.5249754643191419,0.0259348575666,0.4959699583225168,0.019016554047601,-0.7989109421539214,0.0945999826218901
21CMA-DDR1-J190116+862352,19:01:15.73,+86:23:52.5,P,0.6854514210787708,0.0287035731243063,0.6360253328331037,0.0214740076404923,0.6463165699001634,0.0231175296321994,0.686650435374806,0.0337419542267563,0.6431294987483718,0.0229183008698103,-0.0785994701259283,0.0995704166708252
21CMA-DDR1-J194913+860536,19:49:13.48,+86:05:35.9,P,0.0922146604022354,0.0233270276288396,0.0960443843018971,0.0184270915902343,0.0953358011378761,0.0254579646612545,0.0817122107882597,0.0219756786295854,0.0594331667869559,0.0123540288136029,-0.7795045071774228,0.5913680201002285
21CMA-DDR1-J191947+861814,19:19:47.49,+86:18:14.2,P,0.0551034506866869,0.0149625482215243,0.0584016111815391,0.0181559917057696,0.0600974949955179,0.0183503550505915,,,0.0490130844312472,0.0113536268292364,-0.2003040840670469,0.6748439969138278
21CMA-DDR1-J153101+853622,15:31:00.98,+85:36:21.5,P,1.2435159622196694,0.1463229727755294,0.9579778491355276,0.0368159449744043,0.8488954972613321,0.031990001563,0.7005606906993713,0.0350819093828637,0.603761107269448,0.0323224847203688,-1.5953812130147391,0.1929603774196134
21CMA-DDR1-J173928+862917,17:39:28.36,+86:29:16.5,P,0.1001363900227952,0.0221907796839527,0.0806979794976639,0.0129813950136292,0.0865355221301198,0.0158658541782989,0.0742281497132849,0.0138153559572153,0.0873568918496077,0.0130346891295673,-0.2678358080952004,0.4796436013049474
21CMA-DDR1-J153050+853319,15:30:49.59,+85:33:19.4,P,0.5238263401896501,0.1051193704826186,0.4021350829903034,0.0340103913673474,0.3673006831624367,0.0300829922632971,0.2782194363193314,0.0366554602073878,0.2518397651556901,0.0299291198714372,-1.5563728890661,0.3898995011486748
21CMA-DDR1-J204621+851609,20:46:21.30,+85:16:09.1,P,0.3853442492029129,0.0187872968209039,0.2572912531324031,0.0181550277176468,0.2610050575894836,0.0221239230926982,0.1593807138131261,0.0193399043665168,0.1257034296184593,0.0161397646308684,-1.7110013094082006,0.1770809852590632
21CMA-DDR1-J171211+862247,17:12:10.89,+86:22:46.7,P,0.1072803083570376,0.0213394754227487,0.1018501902766608,0.0186974473586419,0.1016968542864286,0.0137531544443052,0.1076608211478765,0.0164469336972303,0.0991094421898628,0.012438004727043,-0.1042705230191367,0.4268650696284647
21CMA-DDR1-J175037+862636,17:50:36.64,+86:26:35.8,P,0.3195612212814074,0.0183908359258469,0.23376605271952,0.0145910623449584,0.237163184654136,0.0136584457807548,0.2416689503591076,0.0199044629240709,0.2138201812327597,0.0127968527440994,-0.7276983740666936,0.1480579767021469
21CMA-DDR1-J182044+862357,18:20:43.73,+86:23:56.8,P,0.2500889909113659,0.0143012500520175,0.2083547052416715,0.0108887710693133,0.1874314836966588,0.0111710595636705,0.1957210799644941,0.0157501631633562,0.1828827560969024,0.012348579542417,-0.61663918399567,0.1524305825546133
21CMA-DDR1-J192958+860514,19:29:58.14,+86:05:13.9,P,1.0002052199550084,0.0381811082366077,0.3799492131876222,0.0205049076575108,0.3209494573128799,0.0190679690920781,0.3401971750418414,0.0249143735140071,0.3032685896001071,0.0225231882269396,-2.593390260089324,0.1229671126367273
21CMA-DDR1-J192814+860430,19:28:14.42,+86:04:30.1,P,,,0.2494892546843233,0.0185434582563753,0.2687822657138978,0.0200249246544495,0.3002612543849681,0.0257378714467916,0.2494223694674592,0.0225229641225449,0.2266458861382434,0.4361859798555163
21CMA-DDR1-J164742+861204,16:47:42.25,+86:12:04.2,P,0.0821265044804545,0.0211845812127252,0.0887476623209361,0.0231220039198594,0.0816831682866941,0.0168353968849771,0.1264712714600341,0.0324804193712876,0.0901425298065294,0.0196294326746232,0.3653168577823469,0.6088893863414281
21CMA-DDR1-J152903+851927,15:29:03.41,+85:19:27.1,P,0.7105469914984263,0.0287418114322228,0.5652666700226237,0.0307846313758549,0.4815616656301733,0.0227829456413193,0.3749612300139139,0.0238121663490981,0.3261851244266978,0.0206131019752299,-1.3689788150654585,0.1178134799538968
21CMA-DDR1-J185342+861005,18:53:42.24,+86:10:05.1,P,3.538790408293565,0.1051819390799297,2.0845364650281666,0.05308433891242,1.9319899867328203,0.0444648160619908,2.08069591637222,0.0882809381571227,1.8911583729254275,0.0612093328311189,-1.2447273563988528,0.076724847769282
21CMA-DDR1-J182002+861527,18:20:02.08,+86:15:27.5,P,0.4265915124057309,0.0196949274648399,0.3244996431918038,0.0184610311720042,0.2999120978422825,0.0175030923141115,0.2949004953362821,0.0214587395246121,0.3188013806561214,0.022035153123298,-0.7190756716715275,0.1337209627799652
21CMA-DDR1-J155115+853443,15:51:14.81,+85:34:42.8,P,0.5787211344212778,0.0297808434460804,0.4373670854201235,0.0238270117874011,0.4019466392967333,0.0263020062370093,0.3834292485448076,0.042789392250075,0.3146600644455729,0.0327779179218046,-1.051396129681819,0.1658193588889764
21CMA-DDR1-J161949+854924,16:19:49.39,+85:49:23.8,P,8.152409212404324,0.2630364310568785,5.823613186215241,0.1778600189606998,5.911227870174209,0.2487349511843143,6.464863521801973,0.3386222539994815,6.774669428016659,0.331906560552603,-0.5267086974283004,0.0942432139924469
21CMA-DDR1-J163923+855557,16:39:22.80,+85:55:57.2,P,0.1527464288360049,0.0230278362967604,0.1667166014056066,0.0200953259274516,0.1749382000781692,0.0188374728185081,0.150036184642833,0.0288312903581461,0.1586447212044479,0.0225634446186475,0.0749790125473512,0.3701898232839823
21CMA-DDR1-J181348+860953,18:13:47.92,+86:09:53.4,P,0.6114178637592685,0.0315349365051879,0.4525150912014104,0.022677996498355,0.4093234285105703,0.0208158509155829,0.4611578930363353,0.0329510401186117,0.4588332657968469,0.0278915677145155,-0.646878669869857,0.1369900342395817
21CMA-DDR1-J173613+860651,17:36:12.56,+86:06:50.7,P,0.0789782442479689,0.0207044023323553,0.0750677854114647,0.0218390132115208,0.0799673386809809,0.0192696947487675,0.0999660471315649,0.0250091246857332,0.0833235598808997,0.0164486635371411,0.2304596954940842,0.6002705562021888
21CMA-DDR1-J180914+860756,18:09:14.18,+86:07:56.0,P,0.1296764596909761,0.0243385864322311,0.1299915136475284,0.0203251297359297,0.1096672239186619,0.0144766393379987,0.1143075555313325,0.0208958098816855,0.118765054254885,0.0229343549750069,-0.2811345987851613,0.4617642050939183
21CMA-DDR1-J185710+855833,18:57:09.57,+85:58:33.3,P,0.2247963403529629,0.0314817447019981,0.2248577694307211,0.0182065684679448,0.2184898083718119,0.0232414969857548,0.2605499738232772,0.0305283294645088,0.2544699588751867,0.0213341965375732,0.3218254931444803,0.2872721149846428
21CMA-DDR1-J192524+854732,19:25:24.23,+85:47:32.0,P,0.1273610464487336,0.0273594043205596,0.1134556962930171,0.0291723184243559,0.1182630996531188,0.0190539344579629,0.1064885382746746,0.0281252950165788,0.0938312733510954,0.0222654638187571,-0.467226639194723,0.5518277415469365
21CMA-DDR1-J201820+851212,20:18:19.81,+85:12:12.0,P,0.6174270152716446,0.0208167520353516,0.5213075648563671,0.0224714666998463,0.6047707165134114,0.0206478993012683,0.5849611557318908,0.0381968360248706,0.326828882526303,0.0252423956533711,-0.425670072789195,0.1068497819485449
21CMA-DDR1-J182003+860228,18:20:02.84,+86:02:28.1,P,0.1091234563667278,0.0252155521182886,0.1070682827599631,0.018538403686591,0.0964003685158172,0.0123304855996606,0.1129142699156728,0.0223748066862407,0.1124412546698467,0.0180946209480274,0.0673844500726232,0.5064055378289687
21CMA-DDR1-J192712+854452,19:27:12.34,+85:44:52.3,P,0.1247221590638876,0.0292738548027106,0.1121275376345398,0.0270802326370113,0.109098886142297,0.0141943083107599,0.1266412051421558,0.0341255381669827,0.1102040870785219,0.0239192533853185,-0.1871260697898847,0.5703472006142686
21CMA-DDR1-J164428+854754,16:44:28.06,+85:47:54.0,P,0.1050291830453182,0.0215423700359176,0.0944107262866126,0.0210706256939901,0.0973021036058818,0.018464026063137,0.1069237076927399,0.0217140026086406,0.0851687864612667,0.0251891184983176,-0.1598878815075319,0.5460737951014286
21CMA-DDR1-J193604+853724,19:36:03.51,+85:37:23.6,P,0.4529757968875719,0.0243050794219661,0.2852177730699295,0.0226563704817611,0.2943626610685445,0.0201683140314128,0.3064847637362735,0.0377662884861903,0.292778967963825,0.0318379164793488,-1.014624097168222,0.174797124971488
21CMA-DDR1-J172256+855606,17:22:56.34,+85:56:06.1,P,0.1331684235518763,0.0310220201976274,0.1213241872664717,0.0185313278393751,0.1240121803352777,0.0180343250051362,0.1292156688743866,0.0203189029421038,0.1321178917284692,0.0175996249369794,0.0600793110096322,0.4716427750731342
21CMA-DDR1-J160640+852611,16:06:40.34,+85:26:10.8,P,1.885759151333345,0.054304545199043,1.1641043225787129,0.0406932554809141,1.0657549512141642,0.0440937721341721,1.0153590917182802,0.0500201459082365,0.97220979272611,0.0559043864295323,-1.410497309624221,0.0909897765493121
21CMA-DDR1-J173227+855634,17:32:27.02,+85:56:34.1,P,1.005984358783616,0.0310659542083725,0.6880760601083165,0.0244087764466169,0.6425599057217483,0.0261870353322463,0.7544873041498034,0.0381788377191065,0.7926168311516968,0.0393759279877274,-0.6981070206507498,0.0917234299814879
21CMA-DDR1-J195833+852138,19:58:33.12,+85:21:37.6,P,0.120032048619135,0.0221418857547365,0.1003645482089413,0.0231303971663769,0.1520799041378177,0.0308090902541321,,,0.1169724365159715,0.0327734533315322,0.1625779120240622,0.5678021699380201
21CMA-DDR1-J185200+855031,18:52:00.22,+85:50:30.9,P,0.1958794137741023,0.0320922564910229,0.1516547318854161,0.0297842297650232,0.1190475283623369,0.022525982289281,,,0.1875362360759273,0.0530983790537047,-0.6444483928648024,0.5283481777788128
21CMA-DDR1-J180551+855541,18:05:50.85,+85:55:40.9,P,0.0810416175738759,0.0186823200680033,0.0807750592388848,0.0191500013255826,0.0727498561403914,0.0109447700969002,0.0754663644390604,0.0213653384053298,0.0754677722636931,0.0229659240759956,-0.2036888287406955,0.6108142817953467
21CMA-DDR1-J175044+855252,17:50:43.89,+85:52:52.2,P,0.1036189030634068,0.0180851561959934,0.0671018890736288,0.0137117343736825,0.0755365846534888,0.0205653908364581,0.0872960064748802,0.0214370700904921,0.0679632274034532,0.0166452345926497,-0.6835035829846768,0.4943173779303594
21CMA-DDR1-J174210+855116,17:42:09.56,+85:51:16.3,P,0.395904769880561,0.0253993327384489,0.2453348954667235,0.0189929240542508,0.2221411777320001,0.0185481423617821,0.2343472479912042,0.0217316699040457,0.2586501276348216,0.0180882033854564,-0.9492702758714682,0.168537425785453
21CMA-DDR1-J170944+854443,17:09:44.31,+85:44:43.4,P,1.5876669855989702,0.0434328552717013,0.8679380732504092,0.0230857755071602,0.6988884436934267,0.021553412393615,0.8533001637091417,0.045467618324573,0.7102185438638051,0.0332284228342836,-1.7532302284624983,0.082971781065598
21CMA-DDR1-J165904+853958,16:59:03.56,+85:39:57.9,P,0.2985816731269243,0.0290674380006582,0.1902708874922848,0.0189566633175977,0.176541740593339,0.015565411076882,0.1909471905170061,0.0233723797476348,0.1927455079020057,0.0237353707917417,-0.9792935804561412,0.2600083693052016
21CMA-DDR1-J160040+850948,16:00:40.19,+85:09:48.4,P,0.3382145538232983,0.0488507627171871,0.3406413333016219,0.0264249996791244,0.3330221683701655,0.0300539580587634,0.2757193791923352,0.0371254468992795,0.2968339170469872,0.0390798237481528,-0.3490143205982259,0.3374757020417911
21CMA-DDR1-J173353+854647,17:33:53.01,+85:46:47.5,P,,,0.0773537071043608,0.0218283515000394,0.0660315843039527,0.0182392731189735,0.0978016333289798,0.0279661107697963,0.0808505102803721,0.0219987572806142,0.6145511106629856,1.4824716761475571
21CMA-DDR1-J161541+851910,16:15:41.26,+85:19:09.9,P,0.2742430994449548,0.0407890079778891,0.2717826037277723,0.0284654406696789,0.284700392805861,0.0199687781486563,0.2581743891147543,0.0405539523076631,0.2075807096068561,0.03464328047846,-0.2652237467837599,0.3693403553511817
21CMA-DDR1-J190359+853647,19:03:59.00,+85:36:47.0,P,8.03575019162988,0.3218631334242783,4.588935643232347,0.1513667574978927,4.288164778469292,0.1891450187029845,4.498228848444299,0.3814964290956413,4.696840146347089,0.2983063654288085,-1.3267540848865913,0.1197847128654734
21CMA-DDR1-J181426+854220,18:14:26.11,+85:42:19.8,P,0.1203604833837265,0.0252786888006418,0.1115106470172098,0.024253622269239,0.0843659392251611,0.0154349587735206,0.107574432809218,0.0292009808062925,0.1168465667963991,0.0345660449669309,-0.3506247846188164,0.5749171317048152
21CMA-DDR1-J171933+853832,17:19:33.15,+85:38:32.3,P,0.1236090267737069,0.030559153240151,0.0983981517194942,0.0208685754148308,0.075762876156845,0.0182621977158259,0.0879599408655473,0.0212860876582234,0.101629575589666,0.0262994478009622,-0.5821555652437006,0.6147522738936502
21CMA-DDR1-J174418+853905,17:44:17.55,+85:39:05.2,P,0.427931582117276,0.0206887128161441,0.2789883098538209,0.014798350874048,0.2823553976056996,0.0135439696394979,0.3397966509312309,0.0242953783508541,0.3361765187156887,0.0172181919365651,-0.526363192401049,0.1253072941718585
21CMA-DDR1-J160741+850153,16:07:41.45,+85:01:52.9,P,4.447435662548279,0.190767208504881,3.1078614219976446,0.1560137541211054,3.1653905896635703,0.2032489482643102,2.508174608244665,0.1173067347815805,2.0440585328836645,0.1854961312655593,-1.2886622954620095,0.1253637959158063
21CMA-DDR1-J191935+852114,19:19:34.61,+85:21:14.3,P,0.2116287855488629,0.0341215900250903,0.1767349568439469,0.0182093630895756,0.2096834412168762,0.0446036114203476,0.1804338377807105,0.0546834387813961,0.1914954631020461,0.0442199767768557,-0.2209566067998654,0.470124158805376
21CMA-DDR1-J183821+853201,18:38:20.73,+85:32:00.9,P,0.7711347546284412,0.0246863154482496,0.51032123920199,0.0303542881860186,0.4526901028764485,0.0241217296498202,0.507019336805456,0.0360833314648481,0.466037554621274,0.0489940328831177,-1.179509514437186,0.1191441771272985
21CMA-DDR1-J191718+851929,19:17:17.94,+85:19:29.2,P,0.1391330497321528,0.0354619499237187,0.1173057169899086,0.0295921316437173,0.1479292219875861,0.0451209654009689,,,0.1998133881614352,0.0547739314915974,0.6111756438755138,0.6954804344130072
21CMA-DDR1-J174746+853308,17:47:46.26,+85:33:08.1,P,0.1471803258888494,0.0266844051410388,0.1254780531857343,0.0174690378603143,0.1126637243330527,0.0234303077186614,0.1334501044541123,0.0332468108948108,0.1309295655607065,0.0274126763977914,-0.2771380583241907,0.480431722852002
21CMA-DDR1-J190733+852045,19:07:32.54,+85:20:44.8,P,0.186262716336049,0.0394260277609126,0.2152869104952307,0.0363772111379758,0.224093774441898,0.0289675230650883,0.2804342875262023,0.0371829305698176,0.20076738977756,0.0385124852517912,0.5247403407364774,0.4822555188467328
21CMA-DDR1-J194156+850149,19:41:56.18,+85:01:49.2,P,8.583364399516519,0.2707837302157808,5.3330070369096285,0.1989456610055091,5.71203499571832,0.2566344576250018,4.768522948885232,0.4521316794140631,3.412293834285707,0.181921615603476,-1.553860510088386,0.1007063935472997
21CMA-DDR1-J173704+852924,17:37:04.30,+85:29:23.9,P,0.0913072304241181,0.0230933974489219,0.0842026329064505,0.0185205165974311,0.0715804441588158,0.0196440845850424,,,0.0960366467958374,0.0267746413488703,-0.0566793204947849,0.6937282590871444
21CMA-DDR1-J181113+852833,18:11:12.61,+85:28:32.9,P,0.1581800976222739,0.0309582905596872,0.1848052035941439,0.019310776576791,0.1549096799462225,0.0152511174128292,0.1692699882287384,0.0263931673702759,0.1977762572097816,0.0289688541363655,0.2120114290247794,0.4253924205966482
21CMA-DDR1-J181458+852822,18:14:58.07,+85:28:22.1,P,0.0750748802535305,0.0242609252332405,0.0835696760159458,0.0252276121146688,0.0704092936921289,0.0189154018218333,,,0.1399810480460429,0.0419553990285297,0.9675701945553448,0.8221572315131681
21CMA-DDR1-J165256+851617,16:52:56.14,+85:16:17.1,P,0.3715468823406548,0.0220576095595039,0.2405558094095039,0.0175787534384741,0.2275959134919403,0.0230868150124306,0.1863065368480538,0.0249787548708275,0.2405221732811703,0.0398332741520198,-1.3019458564698043,0.21283459330468
21CMA-DDR1-J185504+851915,18:55:03.77,+85:19:14.8,P,0.2695318877869335,0.0366617196611155,0.2609572423908046,0.0260679010077547,0.252117780011675,0.0345716499596663,0.2019153105930997,0.0563937200702409,0.2951618051001318,0.0584882102267431,-0.0665904313784021,0.3943890860674515
21CMA-DDR1-J183722+851446,18:37:22.27,+85:14:46.5,P,6.348970612568273,0.1982508136637722,3.8346903620007713,0.1270419874746274,3.421784713811632,0.1410891850734969,2.992134717681902,0.2715659497195204,2.8798910137332223,0.2267103941791628,-1.6671421419607486,0.1084333298384761
21CMA-DDR1-J173716+851202,17:37:15.92,+85:12:02.4,P,0.1605297905777092,0.0264165126338108,0.1743775569713514,0.0179396674152762,0.1736230665810714,0.0170999212060439,0.1340402133627764,0.0245368616408628,0.1221974300058263,0.0235054480469581,-0.3783789925955321,0.4167608815367247
21CMA-DDR1-J171354+850304,17:13:53.53,+85:03:04.1,P,0.1396654934469484,0.0254283904445337,0.1301672045001417,0.0261308116223395,0.1223491665772879,0.0348661411622813,,,0.0986356601359194,0.0266961113703574,-0.5637491524197783,0.5744739718745668
21CMA-DDR1-J173941+850539,17:39:41.17,+85:05:38.6,P,0.1472969151846447,0.032198781891894,0.1420846414859481,0.0259341107644418,0.1354926263106631,0.0309218107037291,0.1023143316859301,0.0247024979646858,0.0685021144616925,0.0165752411706835,-1.1931352116698484,0.5590321355616459
21CMA-DDR1-J175413+850505,17:54:13.18,+85:05:05.1,P,0.9810080051829636,0.0352222787797416,0.6869372890951619,0.0374922413197392,0.606859897108767,0.0339689408174606,0.4707434408084261,0.0418142406726229,0.3420248916294132,0.0275782235035927,-1.6661631409559052,0.1240410733629108
21CMA-DDR1-J172657+850145,17:26:57.23,+85:01:44.9,P,0.3496957576957569,0.0358784951134186,0.3571911087367603,0.0234946469671134,0.3098058513380396,0.0230059719339715,0.2065798568650778,0.0203354574097823,0.2202843130418918,0.0380363330392631,-0.979912297654308,0.2739164712417174
21CMA-DDR1-J182842+850206,18:28:41.75,+85:02:05.6,P,1.248904735472254,0.0480679386019319,0.8014596774650913,0.0479583011109136,0.7405744342105995,0.036445752138729,0.4642199639876365,0.0476432900347943,0.3630648975749831,0.0366284464989084,-1.8734649944118968,0.134359142740206
21CMA-DDR1-J054645+851639,05:46:44.93,+85:16:39.5,P,0.1193202052447708,0.0258724432557086,0.0985164640725901,0.0211589731817012,0.0901532299707846,0.0227039631043505,0.0707600900287834,0.0218301481240619,,,-0.9687030339777742,0.719603823232829
21CMA-DDR1-J044713+853341,04:47:13.03,+85:33:41.5,P,0.0782238657846353,0.0227881897059572,0.071971625169754,0.0198949316865466,0.0735161153064762,0.0206344329441622,0.0684595909178145,0.0210348945383051,,,-0.2556856600820402,0.877893931960263
21CMA-DDR1-J092856+852547,09:28:56.04,+85:25:46.5,P,,,0.0827964907597787,0.0213737763049887,0.090541937876761,0.0257321877805915,0.0743213639237986,0.0238466552762189,,,-0.4721062783375839,2.335004069059932
21CMA-DDR1-J043646+870327,04:36:46.20,+87:03:26.7,P,,,0.0615069567587911,0.0165651253284504,0.0529071766725077,0.0142783032919794,0.0537788074810693,0.0145196915477291,,,-0.7842534893284473,2.186455116998855
21CMA-DDR1-J024651+864735,02:46:51.01,+86:47:35.5,P,,,0.0860428238959503,0.0187775106318487,0.0630538616019929,0.0144066723682793,0.0716199744506791,0.0208105931006615,,,-1.3572632806509748,2.042330656914791
21CMA-DDR1-J103838+851340,10:38:38.42,+85:13:40.0,P,0.1211272342573782,0.0194182478339634,0.1095982377140768,0.0219634686416619,0.1170483255546119,0.0270652724013204,0.0888926290116492,0.0244796122506899,,,-0.4245967769317386,0.5792383589303763
21CMA-DDR1-J104626+850915,10:46:25.84,+85:09:14.6,P,0.1249861053665379,0.0240734905292691,0.127808698838939,0.0231212564804431,0.112190356802699,0.0261049624616061,0.1087380192621272,0.0312309729310987,,,-0.2512952631741239,0.6491964022420186
21CMA-DDR1-J110031+851649,11:00:31.24,+85:16:49.4,P,,,0.0784070311875419,0.0200508512792916,0.0705013660587417,0.0170717482514426,0.0414721256729122,0.0127176300227666,,,-3.420370861465158,2.267096477602132
21CMA-DDR1-J110035+852934,11:00:34.60,+85:29:34.1,P,,,0.0935846723445427,0.0246277248499553,0.0969947104893594,0.0213379953117813,0.0858530338789599,0.0215949801236567,,,-0.4951783627273751,2.0879216852204743
21CMA-DDR1-J005213+851622,00:52:12.67,+85:16:21.9,P,,,0.101048334483893,0.0272739552955926,0.0954445687585341,0.0231495188705157,0.0841792413026947,0.0232940584384196,,,-1.0359440284885026,2.215066163564422
21CMA-DDR1-J002241+850847,00:22:41.18,+85:08:46.7,P,0.151242482091278,0.0370514181214836,0.1415995327152155,0.0316546614171662,0.104780741404397,0.026777554825791,0.0850508918731189,0.0233115309214075,,,-1.1577888548603965,0.7552203458652563
21CMA-DDR1-J115119+852743,11:51:19.15,+85:27:43.2,P,0.0900410958454429,0.0245486535259771,0.0842194516666929,0.0243675867924584,0.0717743523716155,0.014932102213529,0.0742749967706932,0.016322810058746,,,-0.4981848622339193,0.7549474623436669
21CMA-DDR1-J115945+852503,11:59:44.97,+85:25:03.0,P,,,0.1083248514960502,0.026023809892975,0.0880079222540099,0.020957580341436,0.0847414839892539,0.0220989667765005,,,-1.4489275453261947,2.027948154618805
21CMA-DDR1-J233805+852354,23:38:04.93,+85:23:53.7,P,,,0.0868315300280032,0.0255485705402719,0.0719385025562685,0.0198174707336935,0.0947753837426273,0.0267726529105477,,,0.4994080451801139,2.3394119603927304
21CMA-DDR1-J231346+850250,23:13:45.99,+85:02:50.2,P,0.1219859831392637,0.0219481252953267,0.1310902127831602,0.0308928898149487,0.109163430423701,0.0270897492854265,0.0721987209325105,0.0207859149411677,,,-0.6818214317318013,0.6344157422044759
21CMA-DDR1-J210926+862433,21:09:26.06,+86:24:33.1,P,0.0668238202319659,0.0209776509471799,0.1085299088299144,0.0299804973414859,0.1121093260875033,0.0310458086782305,0.059722971385842,0.0177482431890936,,,0.2437910924048756,0.9132043177979824
21CMA-DDR1-J152521+860826,15:25:20.78,+86:08:26.4,P,0.0514130880986015,0.0145446730961505,0.0575764641984328,0.0182269964151047,0.0496250047729682,0.0153374591805554,0.0459649860440415,0.0115274914136643,,,-0.2261694504698366,0.8187453986699949
21CMA-DDR1-J181354+862912,18:13:53.72,+86:29:12.5,P,0.0557226376875254,0.015014041535547,0.061416177347248,0.0179233518625266,0.0495093190514861,0.0147479097643796,0.0598302930829947,0.0142028039346955,,,0.0555043326166292,0.7787959839456625
21CMA-DDR1-J164725+855710,16:47:24.57,+85:57:09.9,P,0.0737270948859847,0.0205435287532199,,,0.0676872601737721,0.0175385639666879,0.0768482400031278,0.0220137359128717,,,-0.0194666439206047,0.8315641390493506
21CMA-DDR1-J200600+852215,20:05:59.62,+85:22:15.0,P,0.1361558340134907,0.023584855645619,0.1482453482870411,0.0293845706510207,0.1535252977982887,0.0353288698137602,0.1823695092078885,0.0530831330426944,,,0.477447996971401,0.6123161499817464
21CMA-DDR1-J163454+852658,16:34:53.73,+85:26:57.5,P,0.1067882077041521,0.0242694645194427,0.1103223794959223,0.0225388494616524,0.108749520858384,0.0252496396259969,0.1189106595599281,0.0366573025807521,,,0.1514249273483357,0.7326172270588817
21CMA-DDR1-J194104+851023,19:41:04.00,+85:10:23.2,P,0.2323928752313008,0.0609616155491588,0.212938624019163,0.0567370305486242,0.2436639595186947,0.070411295925785,0.2594309036658338,0.0771437134681961,,,0.1854405404173477,0.8158829598337862
21CMA-DDR1-J180456+853303,18:04:55.72,+85:33:02.9,P,0.1096176016770232,0.0230233551287233,0.1001770603721675,0.0222533698032438,0.0825835688453095,0.0214990043594081,0.0869772926919719,0.0204982383684062,,,-0.5772429889850423,0.6581930050764512
21CMA-DDR1-J192825+855432,19:28:25.11,+85:54:31.5,P,0.0715707786878948,0.0203959093790398,0.0743080438937831,0.0208404105365169,0.0680136420576803,0.0200653953274979,,,,,-0.0698886708324794,1.07809567875735
21CMA-DDR1-J173419+855325,17:34:18.50,+85:53:25.0,P,0.1469871377092337,0.0368818058106267,0.1280706159081458,0.0224807651968576,0.1292342177043312,0.0395447404946492,,,,,-0.4255615883628955,0.9653699624746588
21CMA-DDR1-J210756+855239,21:07:56.06,+85:52:38.5,P,0.0946110604390762,0.0237912223777589,0.0710748661582287,0.0205322737344482,0.0706711156954406,0.0164948641164205,,,,,-0.8432096357303939,0.9239389296330618
21CMA-DDR1-J205509+853018,20:55:09.15,+85:30:18.2,P,0.1135170766988772,0.020625635007678,0.086443473260794,0.0231696382476992,0.0950935068351238,0.0200480632066991,,,,,-0.5854791650275619,0.7348788301671922
21CMA-DDR1-J133348+852415,13:33:47.93,+85:24:14.6,P,0.0966734858146114,0.0299266420858769,0.0799688319526291,0.0191451652265449,0.0777025185819362,0.0173430737739938,,,,,-0.6123971665838184,1.0445929541263212
21CMA-DDR1-J154545+852023,15:45:44.99,+85:20:22.9,P,0.109465901217323,0.0243585246250614,0.1317093639004821,0.0269255134053267,0.100216170659503,0.0241549150036515,,,,,0.034521033836389,0.8498433131971149
21CMA-DDR1-J210459+852013,21:04:59.14,+85:20:12.5,P,0.1434788044938114,0.0330438070581992,0.1207007843319222,0.0253293604084697,0.1102246038013577,0.0274347568069973,,,,,-0.699103139508911,0.8784706722775055
21CMA-DDR1-J091118+851711,09:11:18.49,+85:17:11.1,P,0.0938050003795868,0.0297854518581331,0.1007395740826912,0.0242296488263617,0.0739475382161858,0.0190635418389884,,,,,-0.4892742950265847,1.1068751913952226
21CMA-DDR1-J145350+851705,14:53:49.95,+85:17:04.7,P,0.1456783267412497,0.0291511195642287,0.1293584483502148,0.0284768353357203,0.097358929559583,0.0246951933333843,,,,,-0.8892832919600507,0.8158066015625277
21CMA-DDR1-J084550+851548,08:45:50.29,+85:15:47.9,P,0.1081313481094418,0.0288738237623744,0.1021206751492512,0.0254494358075541,0.0929619559763406,0.0212390717942475,,,,,-0.3822937046774657,0.9497494671988844
21CMA-DDR1-J190349+851410,19:03:49.37,+85:14:10.4,P,0.1396965979653846,0.0307544697916255,0.1298119005442506,0.0419766245857759,0.1629374478252759,0.0371828245934196,,,,,0.3219538500105004,0.8505048193009144
21CMA-DDR1-J163400+851149,16:34:00.15,+85:11:49.1,P,0.1372614293160676,0.0218892133240879,0.1343111432862168,0.0247967777301742,0.1451751642142366,0.0326070792675458,,,,,0.0682374779526275,0.677486618606824
21CMA-DDR1-J013127+850759,01:31:27.43,+85:07:58.8,P,0.1366818279859945,0.0306257235305619,0.1274125738619386,0.0324514318191982,0.1159978428593428,0.0276851473024794,,,,,-0.4084137713106249,0.8631047769641049
21CMA-DDR1-J212809+850626,21:28:08.92,+85:06:26.2,P,0.1678521302372813,0.0409360959727574,0.1673787892586644,0.0500950490358238,0.1726165583979954,0.0513066757922256,,,,,0.0535929170838972,0.9912940413393788
21CMA-DDR1-J191558+850531,19:15:57.83,+85:05:31.1,P,0.1015097498583688,0.0249719103078372,0.1345652116194037,0.033072451961632,0.1322425205785166,0.0355220250014488,,,,,0.8144675338853717,0.947459400247842
21CMA-DDR1-J170526+850502,17:05:26.11,+85:05:01.9,P,0.1327077638856119,0.0239257661953193,0.1216238128820647,0.0365005383149002,0.1114004120046804,0.0306937445553924,,,,,-0.4384839216932554,0.8302797628678902
21CMA-DDR1-J192616+850325,19:26:16.39,+85:03:25.2,P,0.1115368398369914,0.0321725671622885,0.1136302429869445,0.0333321067448044,0.1476000275607014,0.0364436018251201,,,,,0.6676862010981542,1.0282828266264228
21CMA-DDR1-J200401+850222,20:04:01.03,+85:02:21.8,P,0.1040236357562795,0.0258558988963106,0.1021342638370974,0.0313613275867765,0.125318058245002,0.0387173829537471,,,,,0.3525440959987561,1.0182135919197155
21CMA-DDR1-J104317+850124,10:43:16.89,+85:01:24.3,P,0.1303048180719577,0.0270468513660026,0.1207833746726198,0.0283415721649479,0.1087906579800662,0.0228483214976372,,,,,-0.4531561110712986,0.7851747691678123
21CMA-DDR1-J121957+850051,12:19:56.66,+85:00:50.7,P,0.1212375030035356,0.0286315976173332,0.1210995066868752,0.0310840809167152,0.1002882326421253,0.0270141283677657,,,,,-0.3802373531670466,0.9284074553898314
21CMA-DDR1-J020007+850039,02:00:07.07,+85:00:39.2,P,0.132992623076569,0.0270636418694409,0.1585193072341121,0.0433476152410931,0.2260644075825107,0.0629043386092228,,,,,1.2208065521791776,0.8716445890038881
